국가코드,국가,비교기간,2025_YTD_USD,2026_YTD_USD,2025_YTD_bn,2026_YTD_bn,YTD_YoY_%,YTD_증감액_bn,YTD_전체수출대비_비중_%
CN,중국,1-7월,71555436742,121223950218,71.555436742,121.223950218,69.41263408828682,49.668513476,20.371621784603445
US,미국,1-7월,72466127380,110947444076,72.46612738,110.947444076,53.10248813795519,38.481316696,18.644660272332143
VN,베트남,1-7월,34666455643,54367349092,34.666455643,54.367349092,56.82984626949623,19.700893449,9.136404738024057
HK,홍콩,1-7월,17156375012,44931428431,17.156375012,44.931428431,161.89348507229985,27.775053419,7.550703178639674
TW,대만,1-7월,25088074932,41055121782,25.088074932,41.055121782,63.64396986726921,15.96704685,6.899291862372847
JP,일본,1-7월,16387991424,18730677247,16.387991424,18.730677247,14.295136984079493,2.342685823,3.147680569385562
SG,싱가포르,1-7월,11047603198,16360262782,11.047603198,16.360262782,48.08879798436077,5.312659584,2.7493336514135485
IN,인도,1-7월,11244397088,14450689258,11.244397088,14.450689258,28.514576147633107,3.20629217,2.4284308138895807
AU,호주,1-7월,7659064020,13365877211,7.65906402,13.365877211,74.51058218207713,5.706813191,2.2461287136105224
MY,말레이시아,1-7월,6911888657,12172810472,6.911888657,12.172810472,76.11409957641627,5.260921815,2.0456344686449817
PH,필리핀,1-7월,6333782166,11297021168,6.333782166,11.297021168,78.36137827162526,4.963239002,1.8984585316126976
NL,네덜란드,1-7월,5084092586,10033798195,5.084092586,10.033798195,97.35671656786779,4.949705609,1.686174568012267
MX,멕시코,1-7월,7016408122,9256801532,7.016408122,9.256801532,31.930773852439252,2.24039341,1.5556006829172024
CA,캐나다,1-7월,6034016290,7589136667,6.03401629,7.589136667,25.7725584794535,1.555120377,1.2753504697195857
TH,태국,1-7월,4623174873,6573837523,4.623174873,6.573837523,42.19314007333246,1.95066265,1.1047299766354686
DE,독일,1-7월,5674758953,6197393590,5.674758953,6.19739359,9.209812105300186,0.522634637,1.0414687694862736
TR,튀르키예,1-7월,5452963685,5848179031,5.452963685,5.848179031,7.247716449811636,0.395215346,0.9827834444755666
PL,폴란드,1-7월,5574476197,5543475267,5.574476197,5.543475267,-0.5561227441725158,-0.03100093,0.9315781354141948
ID,인도네시아,1-7월,4174992210,5391047158,4.17499221,5.391047158,29.12711897012139,1.216054948,0.9059626709758049
GB,영국,1-7월,4066350448,4914880518,4.066350448,4.914880518,20.86711612417327,0.84853007,0.8259431147818254
MH,마샬군도,1-7월,2052347561,4518180337,2.052347561,4.518180337,120.14693918599883,2.465832776,0.7592778556916645
BR,브라질,1-7월,3122851063,3983985626,3.122851063,3.983985626,27.575268420670106,0.861134563,0.6695067123469919
BE,벨기에,1-7월,2317929835,3105158301,2.317929835,3.105158301,33.96256668830531,0.787228466,0.5218202374657566
IT,이탈리아,1-7월,2690205432,3045520029,2.690205432,3.045520029,13.207712421272078,0.355314597,0.5117980568744916
FR,프랑스,1-7월,3355886913,2986424758,3.355886913,2.986424758,-11.009374409154892,-0.369462155,0.5018671273188576
AE,아랍에미리트 연합,1-7월,3092816399,2688961054,3.092816399,2.688961054,-13.057850609256294,-0.403855345,0.4518785065748734
LR,라이베리아,1-7월,3299277313,2548493508,3.299277313,2.548493508,-22.756007870018045,-0.750783805,0.4282730085278506
NZ,뉴질랜드,1-7월,1683312285,2528975766,1.683312285,2.528975766,50.23806268959774,0.845663481,0.42499306213608196
ES,스페인,1-7월,2057582247,2514367001,2.057582247,2.514367001,22.20007266615962,0.456784754,0.4225380667759657
HU,헝가리,1-7월,2499989087,2360700735,2.499989087,2.360700735,-5.571558400966737,-0.139288352,0.39671453069770124
SA,사우디아라비아,1-7월,2607716577,2326798447,2.607716577,2.326798447,-10.77257139359743,-0.28091813,0.3910172688321482
CZ,체코공화국,1-7월,2080630865,2320833818,2.080630865,2.320833818,11.544717375900305,0.240202953,0.3900149160309488
RU,러시아 연방,1-7월,2273383730,2131868961,2.27338373,2.131868961,-6.224851842324042,-0.141514769,0.3582594700942095
MT,몰타,1-7월,1479654811,1849982762,1.479654811,1.849982762,25.027996276355836,0.370327951,0.3108886409634921
GR,그리스,1-7월,399267921,1528246060,0.399267921,1.52824606,282.76204513810666,1.128978139,0.25682095553018536
BD,방글라데시,1-7월,947095177,1526341144,0.947095177,1.526341144,61.16026995669095,0.579245967,0.2565008353871472
CH,스위스,1-7월,1002266128,1504276867,1.002266128,1.504276867,50.08756905730731,0.502010739,0.25279294511310146
EG,이집트,1-7월,806477865,1392073249,0.806477865,1.392073249,72.61146392405946,0.585595384,0.23393718546618705
KG,키르기스스탄,1-7월,1702983641,1374651007,1.702983641,1.374651007,-19.27984662302461,-0.328332634,0.23100938675953236
SK,슬로바키아,1-7월,1641136122,1313810299,1.641136122,1.313810299,-19.94507455000738,-0.327325823,0.2207851374238639
IE,아일랜드,1-7월,582432046,1167343684,0.582432046,1.167343684,100.42573069545698,0.584911638,0.19617149895155414
UZ,우즈베키스탄,1-7월,915979803,1139269609,0.915979803,1.139269609,24.377153870498613,0.223289806,0.19145366524935173
IL,이스라엘,1-7월,1190775615,1063286156,1.190775615,1.063286156,-10.70642171321252,-0.127489459,0.1786846854922942
BM,버뮤다,1-7월,847696396,1062951156,0.847696396,1.062951156,25.39290729743766,0.21525476,0.17862838891653032
KZ,카자흐스탄,1-7월,1779365828,1046434449,1.779365828,1.046434449,-41.19059540576948,-0.732931379,0.17585276489564974
CO,콜롬비아,1-7월,764722841,943257863,0.764722841,0.943257863,23.346369747049312,0.178535022,0.1585139932813049
SE,스웨덴,1-7월,809260320,938384504,0.80926032,0.938384504,15.95582790961505,0.129124184,0.15769502783602732
NO,노르웨이,1-7월,287339157,923242153,0.287339157,0.923242153,221.3074621082709,0.635902996,0.15515036362613335
BS,바하마,1-7월,351566640,919951417,0.35156664,0.919951417,161.67198827511052,0.568384777,0.15459735715287107
CL,칠레,1-7월,922492388,851512019,0.922492388,0.851512019,-7.69441243346064,-0.070980369,0.1430961519148411
PA,파나마,1-7월,974215464,845605617,0.974215464,0.845605617,-13.201376056169845,-0.128609847,0.1421035841307073
AT,오스트리아,1-7월,632531287,759414653,0.632531287,0.759414653,20.059618963954897,0.126883366,0.12761923745910664
PK,파키스탄,1-7월,742685853,659799379,0.742685853,0.659799379,-11.160367962468786,-0.082886474,0.11087894247409538
GU,괌,1-7월,278140924,606941775,0.278140924,0.606941775,118.21376238758737,0.328800851,0.10199624961355161
SI,슬로베니아,1-7월,584924626,560819454,0.584924626,0.560819454,-4.121073199609137,-0.024105172,0.09424541755808409
PT,포루투갈,1-7월,534381225,553686132,0.534381225,0.553686132,3.612572092142652,0.019304907,0.09304666650608105
DK,덴마크,1-7월,1579550121,552541931,1.579550121,0.552541931,-65.01903145370339,-1.02700819,0.09285438412313901
IQ,이라크,1-7월,789949137,539884315,0.789949137,0.539884315,-31.65581305015085,-0.250064822,0.09072727833766481
RO,루마니아,1-7월,372225376,497715492,0.372225376,0.497715492,33.71347685870831,0.125490116,0.08364082956485183
ZA,남아프리카공화국,1-7월,412092218,477081808,0.412092218,0.477081808,15.770642385680777,0.06498959,0.08017334970039341
KH,캄보디아,1-7월,379126722,434887193,0.379126722,0.434887193,14.707607711175786,0.055760471,0.07308256659539508
PE,페루,1-7월,359486681,431656595,0.359486681,0.431656595,20.07582417218956,0.072169914,0.07253966628175454
UA,우크라이나,1-7월,318839018,372573771,0.318839018,0.372573771,16.853255080593676,0.053734753,0.06261082843799674
MN,몽골,1-7월,429798911,361794273,0.429798911,0.361794273,-15.822431434685512,-0.068004638,0.060799339405598556
NG,나이지리아,1-7월,299528454,336622888,0.299528454,0.336622888,12.384277187902825,0.037094434,0.056569301248184184
JO,요르단,1-7월,375155790,325756862,0.37515579,0.325756862,-13.167577128424435,-0.049398928,0.054743271230389905
AR,아르헨티나,1-7월,272339719,298321476,0.272339719,0.298321476,9.54020114855152,0.025981757,0.050132768882450295
MA,모로코,1-7월,230110359,275115852,0.230110359,0.275115852,19.55822119246704,0.045005493,0.04623307583867814
OM,오만,1-7월,347150770,272711190,0.34715077,0.27271119,-21.443011634397358,-0.07443958,0.04582897364026179
AO,앙골라,1-7월,420672306,272504396,0.420672306,0.272504396,-35.2216934385027,-0.14816791,0.04579422201611698
DZ,알제리,1-7월,237262025,269483930,0.237262025,0.26948393,13.580725781970383,0.032221905,0.04528663427578514
AL,알바니아,1-7월,180811938,265434439,0.180811938,0.265434439,46.801390403768586,0.084622501,0.0446061194194073
EC,에쿠아도르,1-7월,237914145,259880300,0.237914145,0.2598803,9.232807490281836,0.021966155,0.04367274924920875
FI,핀란드,1-7월,255922255,255423359,0.255922255,0.255423359,-0.19494045173992225,-0.000498896,0.042923762632248876
LT,리투아니아,1-7월,243466739,254013907,0.243466739,0.254013907,4.332077573848814,0.010547168,0.04268690495671596
FJ,피지,1-7월,138772817,253699911,0.138772817,0.253699911,82.81671906970081,0.114927094,0.042634138092227755
LY,리비아,1-7월,263436104,233511809,0.263436104,0.233511809,-11.35922318377438,-0.029924295,0.039241538051118637
PR,푸에르토리코,1-7월,251158935,221899067,0.251158935,0.221899067,-11.649941102035655,-0.029259868,0.03729002279789723
MM,미얀마,1-7월,188463859,205246628,0.188463859,0.205246628,8.905033086476276,0.016782769,0.03449158908501194
SY,시리아,1-7월,117528798,198867709,0.117528798,0.198867709,69.20764304932312,0.081338911,0.03341961506478796
KW,쿠웨이트,1-7월,363694277,194101343,0.363694277,0.194101343,-46.630630374202994,-0.169592934,0.032618629737512464
PG,파푸아 뉴기니,1-7월,36144748,192219387,0.036144748,0.192219387,431.8044740552625,0.156074639,0.0323023680105326
SV,엘살바도르,1-7월,136868900,188479685,0.1368689,0.188479685,37.70819010016153,0.051610785,0.031673913034481076
TJ,타지크,1-7월,156975216,181845994,0.156975216,0.181845994,15.84376096669935,0.024870778,0.030559124712166017
QA,카타르,1-7월,483687635,178417451,0.483687635,0.178417451,-63.11308412918184,-0.305270184,0.029982959844228243
GT,과테말라,1-7월,155564785,177247435,0.155564785,0.177247435,13.93801945600992,0.02168265,0.029786339263962784
GH,가나,1-7월,153971457,176982311,0.153971457,0.176982311,14.944882933724536,0.023010854,0.029741785313655865
DO,도미니카 공화국,1-7월,150236654,161914238,0.150236654,0.161914238,7.772792916434357,0.011677584,0.02720960348302933
BG,불가리아,1-7월,126217168,160755205,0.126217168,0.160755205,27.36397714136638,0.034538037,0.027014828590201524
EE,에스토니아,1-7월,81177455,157858718,0.081177455,0.157858718,94.46127992063806,0.076681263,0.02652807545633723
LK,스리랑카,1-7월,116917798,146526547,0.116917798,0.146526547,25.324415535092438,0.029608749,0.024623710013738635
DJ,지부티,1-7월,48886140,144797117,0.04888614,0.144797117,196.19257523707128,0.095910977,0.0243330802017288
ZZ,기타국,1-7월,56634171,124199525,0.056634171,0.124199525,119.3013913808326,0.067565354,0.02087166557909866
ET,에티오피아,1-7월,85665076,120541226,0.085665076,0.120541226,40.712215092180614,0.03487615,0.02025689033485879
CI,코트디봐르,1-7월,110527214,119697106,0.110527214,0.119697106,8.296501529478517,0.009169892,0.02011503640789225
KE,케냐,1-7월,118792327,117227909,0.118792327,0.117227909,-1.3169352259595035,-0.001564418,0.019700089136291062
RS,세르비아,1-7월,101620760,116751487,0.10162076,0.116751487,14.889405471874051,0.015130727,0.019620026666981896
TZ,탄자니아,1-7월,129754573,112956854,0.129754573,0.112956854,-12.945762612929258,-0.016797719,0.018982340564950413
CR,코스타리카,1-7월,145670998,112850127,0.145670998,0.112850127,-22.53082044512388,-0.032820871,0.018964405148109965
PY,파라과이,1-7월,196714100,109524245,0.1967141,0.109524245,-44.323134437236575,-0.087189855,0.018405492407827392
AZ,아제르바이잔,1-7월,95554418,108427115,0.095554418,0.108427115,13.471587467572665,0.012872697,0.01822112028195335
UY,우루과이,1-7월,87435331,103262386,0.087435331,0.103262386,18.101441166843646,0.015827055,0.017353190259719587
TN,튀니지,1-7월,104724733,102647780,0.104724733,0.10264778,-1.9832497448334374,-0.002076953,0.01724990604108101
GE,조지아,1-7월,83172284,98662106,0.083172284,0.098662106,18.6237785654654,0.015489822,0.016580115598361454
HN,온두라스,1-7월,81665194,97754982,0.081665194,0.097754982,19.702136506281988,0.016089788,0.01642767388196379
SN,세네갈,1-7월,70072378,93075024,0.070072378,0.093075024,32.826980697015884,0.023002646,0.015641209374146814
HR,크로아티아,1-7월,81890917,90675177,0.081890917,0.090675177,10.726781823678921,0.00878426,0.015237916333976143
MZ,모잠비크,1-7월,56769432,87089924,0.056769432,0.087089924,53.409891435940395,0.030320492,0.014635416432044471
PF,불령 폴리네시아,1-7월,21083111,71890942,0.021083111,0.071890942,240.98830101496878,0.050807831,0.012081235412054742
LA,라오스,1-7월,86375531,70090953,0.086375531,0.070090953,-18.85323055206457,-0.016284578,0.0117787481967932
LB,레바논,1-7월,61215148,62979055,0.061215148,0.062979055,2.881487765087165,0.001763907,0.010583597436847374
BY,벨라루스,1-7월,41968169,59810549,0.041968169,0.059810549,42.514077752593884,0.01784238,0.010051131651512304
MD,몰도바,1-7월,40996663,48576447,0.040996663,0.048576447,18.488782855326534,0.007579784,0.008163246653357253
LV,라트비아,1-7월,36626131,44090788,0.036626131,0.044090788,20.38068667422175,0.007464657,0.0074094339914338335
SD,수단,1-7월,39579119,42526507,0.039579119,0.042526507,7.446825686039138,0.002947388,0.007146557382978706
IS,아이슬란드,1-7월,33599076,41526239,0.033599076,0.041526239,23.593395842195175,0.007927163,0.006978462865825971
LU,룩셈부르그,1-7월,32112197,41108713,0.032112197,0.041108713,28.01588443170051,0.008996516,0.006908297838684534
TT,트리니다드 토바고,1-7월,41403743,39430809,0.041403743,0.039430809,-4.765110246191995,-0.001972934,0.006626326944175621
NI,니카라과,1-7월,44411279,37140743,0.044411279,0.037140743,-16.370922350603777,-0.007270536,0.0062414825439569875
VE,베네주엘라,1-7월,22568153,36802259,0.022568153,0.036802259,63.07164791022111,0.014234106,0.006184600483805183
IR,이란,1-7월,85047602,35463880,0.085047602,0.03546388,-58.301140577720226,-0.049583722,0.0059596865889566435
WS,사모아,1-7월,30121289,34066766,0.030121289,0.034066766,13.098632664757481,0.003945477,0.005724902307906641
CY,사이프러스,1-7월,40951680,32823969,0.04095168,0.032823969,-19.847075870880026,-0.008127711,0.0055160509184451504
BF,부르키나 파소,1-7월,19598245,31258860,0.019598245,0.03125886,59.49826119634692,0.011660615,0.005253035165020671
BH,바레인,1-7월,67146655,28640888,0.067146655,0.028640888,-57.34577098442208,-0.038505767,0.004813086332048531
YE,예맨,1-7월,28880390,28479233,0.02888039,0.028479233,-1.3890290262700722,-0.000401157,0.00478592029337657
GY,가이아나,1-7월,24912547,27952880,0.024912547,0.02795288,12.204023137417463,0.003040333,0.004697466945486912
TM,투르크멘,1-7월,26481575,26570191,0.026481575,0.026570191,0.334632664409118,8.8616e-05,0.004465106778184353
ZW,짐바브웨,1-7월,13668763,26396083,0.013668763,0.026396083,93.11244916602914,0.01272732,0.004435848019339295
MG,마다카스카르,1-7월,21978989,25688818,0.021978989,0.025688818,16.878979283351025,0.003709829,0.0043169925039433935
BO,볼리비아,1-7월,19442783,24974673,0.019442783,0.024974673,28.452151114374935,0.00553189,0.004196980808125834
BZ,벨리제,1-7월,20131016,24630270,0.020131016,0.02463027,22.349860533616383,0.004499254,0.004139104063102547
BJ,베닝,1-7월,23158795,24451640,0.023158795,0.02445164,5.582522752155272,0.001292845,0.0041090853845094175
AF,아프카니스탄,1-7월,26294323,23834586,0.026294323,0.023834586,-9.354631416066505,-0.002459737,0.004005389780744063
MU,모리셔스,1-7월,26386167,23306043,0.026386167,0.023306043,-11.673252882845775,-0.003080124,0.003916568404493441
AM,아르메니아,1-7월,17932234,22513497,0.017932234,0.022513497,25.547642307143658,0.004581263,0.0037833814614028592
GN,기니,1-7월,39041596,22458904,0.039041596,0.022458904,-42.47442138379793,-0.016582692,0.0037742071361471087
PS,팔레스타인 해방기구,1-7월,12737459,22033444,0.012737459,0.022033444,72.9814714222044,0.009295985,0.003702708804432206
RE,불령 리유니온 코모도 제도,1-7월,15481856,21006198,0.015481856,0.021006198,35.682685590151465,0.005524342,0.003530080648410943
TG,토고,1-7월,14068301,20918148,0.014068301,0.020918148,48.68993775438839,0.006849847,0.0035152838917064414
CG,콩고,1-7월,17567276,20707147,0.017567276,0.020707147,17.873408489739685,0.003139871,0.0034798252833997236
NP,네팔,1-7월,19023582,20268775,0.019023582,0.020268775,6.545523340451864,0.001245193,0.0034061570968004543
CD,콩고민주공화국,1-7월,13310193,19232555,0.013310193,0.019232555,44.49493707566825,0.005922362,0.0032320208647466393
ZM,잠비아,1-7월,12264449,17041971,0.012264449,0.017041971,38.954232676902166,0.004777522,0.002863894362886634
NC,뉴 칼레도니아,1-7월,6084190,16595332,0.00608419,0.016595332,172.7615672751837,0.010511142,0.0027888369112370965
CM,카메룬,1-7월,12048787,16294006,0.012048787,0.016294006,35.23357994460354,0.004245219,0.0027381992336591226
BN,브루나이,1-7월,38165791,16237173,0.038165791,0.016237173,-57.45621255432647,-0.021928618,0.002728648477568414
AS,아메리칸 사모아,1-7월,5981238,14784531,0.005981238,0.014784531,147.18178744935412,0.008803293,0.002484532744998961
UG,우간다,1-7월,14611770,14436333,0.01461177,0.014436333,-1.2006553620813931,-0.000175437,0.002426018252199484
AW,아루바,1-7월,14025748,13387953,0.014025748,0.013387953,-4.547315408775344,-0.000637795,0.0022498385384701804
GD,그레나다,1-7월,3423046,12679883,0.003423046,0.012679883,270.42689464295836,0.009256837,0.0021308477432429654
HT,아이티,1-7월,10602361,12017949,0.010602361,0.012017949,13.351629886965743,0.001415588,0.002019610078820053
MP,북마리아나 군도,1-7월,11253005,11943517,0.011253005,0.011943517,6.136245385121564,0.000690512,0.0020071018199327227
JM,자마이카,1-7월,20991506,11730835,0.020991506,0.011730835,-44.116277317120556,-0.009260671,0.0019713607204503063
GA,가봉,1-7월,12026241,11669070,0.012026241,0.01166907,-2.9699305044693536,-0.000357171,0.0019609811443247692
MO,마카오,1-7월,7101179,11262562,0.007101179,0.011262562,58.6012970522219,0.004161383,0.0018926676863527823
RW,르완다,1-7월,15357571,10890800,0.015357571,0.0108908,-29.08513983103187,-0.004466771,0.001830193275609127
SC,세이쉘,1-7월,5373843,9547457,0.005373843,0.009547457,77.66535047637231,0.004173614,0.001604445183142404
MQ,마티니크,1-7월,6179579,9146442,0.006179579,0.009146442,48.010762545474385,0.002966863,0.0015370548209634642
NE,니제르,1-7월,3802975,8189340,0.003802975,0.00818934,115.34035853509424,0.004386365,0.001376214327659754
SO,소말리아,1-7월,5736275,8000277,0.005736275,0.008000277,39.468156599884075,0.002264002,0.0013444423888429099
MV,몰디브,1-7월,5128420,7598640,0.00512842,0.00759864,48.16727179131195,0.00247022,0.0012769474998874774
MR,모리타니,1-7월,10043810,7533780,0.01004381,0.00753378,-24.99081523844039,-0.00251003,0.0012660478106216741
BA,보스니아-헤르체고비나,1-7월,5862477,7203468,0.005862477,0.007203468,22.8741366490649,0.001340991,0.0012105390508195476
VU,바누아투,1-7월,5110466,7146331,0.005110466,0.007146331,39.837169447952505,0.002035865,0.0012009372076869512
PW,팔라우,1-7월,9694926,6956106,0.009694926,0.006956106,-28.250035121464567,-0.00273882,0.0011689699953744725
BB,바베이도스,1-7월,5960780,6855851,0.00596078,0.006855851,15.016004616845446,0.000895071,0.0011521221947678876
GP,과델로프,1-7월,6254830,6645033,0.00625483,0.006645033,6.238426943657949,0.000390203,0.00111669433951599
ER,에리트리아,1-7월,6199947,6553974,0.006199947,0.006553974,5.710161715898532,0.000354027,0.0011013919219264934
MK,마세도니아,1-7월,6753647,6393607,0.006753647,0.006393607,-5.331045581742721,-0.00036004,0.0010744423309846335
LI,리히텐슈타인,1-7월,5218111,5785326,0.005218111,0.005785326,10.870121390671827,0.000567215,0.0009722210253063733
CW,큐라소,1-7월,7638693,5539771,0.007638693,0.005539771,-27.47750171397122,-0.002098922,0.0009309556352714631
KY,영령 캐이맨 군도,1-7월,4432320,4931423,0.00443232,0.004931423,11.260536242870556,0.000499103,0.0008287230702780502
ML,말리,1-7월,5227281,4832533,0.005227281,0.004832533,-7.551688918196664,-0.000394748,0.0008121046572115182
SB,솔로몬 군도,1-7월,4824417,4555537,0.004824417,0.004555537,-5.573315905320786,-0.00026888,0.0007655556234793199
Z1,국제통화기금,1-7월,0,4369447,0.0,0.004369447,,0.004369447,0.0007342832957661948
FM,마이크로네시아,1-7월,3941718,4367905,0.003941718,0.004367905,10.812214369470375,0.000426187,0.0007340241634682011
BT,부탄,1-7월,4386368,4326864,0.004386368,0.004326864,-1.3565665261099813,-5.9504e-05,0.0007271272447639485
GQ,적도 기니,1-7월,4925258,3911248,0.004925258,0.003911248,-20.587957016667957,-0.00101401,0.0006572831921291041
TD,챠드,1-7월,2163277,3751916,0.002163277,0.003751916,73.43668887525732,0.001588639,0.0006305075323989325
SR,수리남,1-7월,4229624,3700451,0.004229624,0.003700451,-12.511112098853229,-0.000529173,0.0006218588659162844
KI,키리바티,1-7월,4924026,3612534,0.004924026,0.003612534,-26.634546608811572,-0.001311492,0.0006070844597926086
GM,감비아,1-7월,1786158,3562046,0.001786158,0.003562046,99.42502287031718,0.001775888,0.0005985999776518152
MW,말라위,1-7월,1018272,3470339,0.001018272,0.003470339,240.80668033688445,0.002452067,0.0005831886639993483
SL,시에라 리온,1-7월,16226051,3374278,0.016226051,0.003374278,-79.2045643145088,-0.012851773,0.0005670456629114311
NA,나미비아,1-7월,15340791,3252705,0.015340791,0.003252705,-78.79701900638631,-0.012088086,0.0005466153834925062
CU,쿠바,1-7월,7392890,3205359,0.00739289,0.003205359,-56.64267965572327,-0.004187531,0.0005386589128175337
GF,불령 가이아나,1-7월,1789827,3172459,0.001789827,0.003172459,77.24947718410773,0.001382632,0.0005331300849290829
ME,몬테네그로,1-7월,5767721,2841880,0.005767721,0.00284188,-50.727852474140136,-0.002925841,0.00047757645591582496
BI,부룬디,1-7월,1630274,2268877,0.001630274,0.002268877,39.17151350018464,0.000638603,0.0003812835997891991
LC,세인트 루시아,1-7월,2416126,2118163,0.002416126,0.002118163,-12.332262473066391,-0.000297963,0.0003559561904767378
MF,세인트 마틴,1-7월,7068083,2034363,0.007068083,0.002034363,-71.2176130359533,-0.00503372,0.00034187364406177795
SS,남수단,1-7월,13689541,1904358,0.013689541,0.001904358,-86.08895652527721,-0.011785183,0.0003200263714284025
SX,세인트마틴(생마르탱),1-7월,454545,1877888,0.000454545,0.001877888,313.1357731357731,0.001423343,0.0003155781016956581
DM,도미니카,1-7월,973957,1862400,0.000973957,0.0018624,91.21994092141645,0.000888443,0.00031297535135108885
TV,투발루,1-7월,2874189,1678389,0.002874189,0.001678389,-41.60477964392738,-0.0011958,0.0002820523985066595
MC,모나코,1-7월,398675,1342863,0.000398675,0.001342863,236.83150435818646,0.000944188,0.00022566742871637526
YT,메요트,1-7월,1967296,1222659,0.001967296,0.001222659,-37.850786053547615,-0.000744637,0.00020546720903542255
TC,투르크 & 카이코스 군도,1-7월,1023133,1201714,0.001023133,0.001201714,17.454329007079238,0.000178581,0.00020194741267908202
TL,티모르,1-7월,1527631,1197746,0.001527631,0.001197746,-21.594547374333196,-0.000329885,0.00020128059234287012
AG,안티가 바부다,1-7월,2529047,1181206,0.002529047,0.001181206,-53.29442276082651,-0.001347841,0.0001985010539454544
VG,영령 버진군도,1-7월,1854291,1123342,0.001854291,0.001123342,-39.4193252299666,-0.000730949,0.00018877703884097663
CV,카보 베르데,1-7월,1995034,1083266,0.001995034,0.001083266,-45.701877762484244,-0.000911768,0.00018204228788481992
GI,지브랄타,1-7월,1638266,976870,0.001638266,0.00097687,-40.37171008859367,-0.000661396,0.00016416249542221766
KN,세인트 키츠 네비스,1-7월,548454,765152,0.000548454,0.000765152,39.51069734198309,0.000216698,0.00012858339563841728
VC,세인트 빈센트 그레나딘,1-7월,1134936,608964,0.001134936,0.000608964,-46.34375859079278,-0.000525972,0.00010233608347302647
BW,보츠와나,1-7월,903950,510569,0.00090395,0.000510569,-43.51800431439792,-0.000393381,8.580085489904107e-05
AN,네덜란드 열도,1-7월,283474,346143,0.000283474,0.000346143,22.10749486725414,6.2669e-05,5.816915111829894e-05
FO,파로에 군도,1-7월,6716,314998,6.716e-06,0.000314998,4590.262060750447,0.000308282,5.293525006705878e-05
VI,미령 버진군도,1-7월,61722,289942,6.1722e-05,0.000289942,369.75470658760247,0.00022822,4.872460229888177e-05
SZ,스와질랜드,1-7월,800538,283588,0.000800538,0.000283588,-64.57532309521848,-0.00051695,4.765681590364722e-05
GW,기네비소,1-7월,878599,255652,0.000878599,0.000255652,-70.90231152095552,-0.000622947,4.296218563338089e-05
TO,통가,1-7월,149944,223244,0.000149944,0.000223244,48.884917035693334,7.33e-05,3.751603808903698e-05
BQ,보네르 신트외스타티위스,1-7월,14720,223095,1.472e-05,0.000223095,1415.5910326086957,0.000208375,3.749099871653306e-05
AD,안도라,1-7월,48911,184063,4.8911e-05,0.000184063,276.32229968718696,0.000135152,3.0931691417383734e-05
ST,상토메 프린스페,1-7월,58707,160419,5.8707e-05,0.000160419,173.25361541213144,0.000101712,2.6958329514814396e-05
SM,산마리노,1-7월,114714,130615,0.000114714,0.000130615,13.861429293721784,1.5901e-05,2.1949782816109575e-05
BL,세인트 바르탤르미,1-7월,41964,130361,4.1964e-05,0.000130361,210.64960442283862,8.8397e-05,2.1907098248216975e-05
AI,앙귈라,1-7월,269680,106991,0.00026968,0.000106991,-60.326683476713136,-0.000162689,1.7979781903138073e-05
KM,코모로스,1-7월,171802,106565,0.000171802,0.000106565,-37.972200556454524,-6.5237e-05,1.790819282470403e-05
AQ,안타티카,1-7월,0,88902,0.0,8.8902e-05,,8.8902e-05,1.4939934861369472e-05
CF,중앙아프리카공화국,1-7월,835969,83436,0.000835969,8.3436e-05,-90.01924712519245,-0.000752533,1.402137640427913e-05
GL,그린랜드,1-7월,102107,49303,0.000102107,4.9303e-05,-51.71437805439392,-5.2804e-05,8.285343507121313e-06
CK,쿡 아일랜드,1-7월,0,20463,0.0,2.0463e-05,,2.0463e-05,3.4387965070325017e-06
VA,교황청,1-7월,9609,14966,9.609e-06,1.4966e-05,55.74981787907169,5.357e-06,2.5150285160655046e-06
GG,건지,1-7월,10393,13528,1.0393e-05,1.3528e-05,30.164533820840944,3.135e-06,2.2733733639806327e-06
LS,레소토,1-7월,24302,9761,2.4302e-05,9.761e-06,-59.834581515924626,-1.4541e-05,1.6403309732270072e-06
FK,포클랜드 군도,1-7월,485,9097,4.85e-07,9.097e-06,1775.6701030927836,8.612e-06,1.5287461185786377e-06
NR,나우루,1-7월,62368,8328,6.2368e-05,8.328e-06,-86.6469984607491,-5.404e-05,1.3995160685415958e-06
GS,남조지아 & 남샌드위치 군도,1-7월,10981,8108,1.0981e-05,8.108e-06,-26.16337309898916,-2.873e-06,1.3625451829653288e-06
HM,허드 앤 맥도날드 군도,1-7월,0,2332,0.0,2.332e-06,,2.332e-06,3.9189138710842953e-07
CC,코스 군도,1-7월,22660,2323,2.266e-05,2.323e-06,-89.74845542806707,-2.0337e-05,3.903789417894005e-07
JE,저어지,1-7월,2931,1874,2.931e-06,1.874e-06,-36.06277720914364,-1.057e-06,3.1492472531783747e-07
SH,세인트 헬레나,1-7월,0,1018,0.0,1.018e-06,,1.018e-06,1.7107437053018067e-07
PM,세인트 피레 미켈론,1-7월,0,801,0.0,8.01e-07,,8.01e-07,1.346076333935901e-07
TK,토켈라우,1-7월,47948,340,4.7948e-05,3.4e-07,-99.29089847334612,-4.7608e-05,5.7136823163321634e-08
IM,맨섬,1-7월,0,197,0.0,1.97e-07,,1.97e-07,3.310574753874813e-08
MS,몬트세라트,1-7월,3729,39,3.729e-06,3.9e-08,-98.9541432019308,-3.69e-06,6.553929715792776e-09
NF,노폴크 아일랜드,1-7월,0,0,0.0,0.0,,0.0,0.0
UM,마이너 아우틀링 합중국 군도,1-7월,0,0,0.0,0.0,,0.0,0.0
TF,불령 남부지역,1-7월,0,0,0.0,0.0,,0.0,0.0
NU,니우에,1-7월,0,0,0.0,0.0,,0.0,0.0
SJ,스발비드 군도,1-7월,0,0,0.0,0.0,,0.0,0.0
WF,왈라스 & 퓨투나 군도,1-7월,13541,0,1.3541e-05,0.0,-100.0,-1.3541e-05,0.0
IO,영령 인도양,1-7월,0,0,0.0,0.0,,0.0,0.0
CX,크리스마스 아일랜드,1-7월,0,0,0.0,0.0,,0.0,0.0
RK,해외교포,1-7월,0,0,0.0,0.0,,0.0,0.0
PN,피트카이른,1-7월,4419,0,4.419e-06,0.0,-100.0,-4.419e-06,0.0
