기준월,산업20,수출액_USD,HSK10_활성수,MTI6_활성수,수출액_십억달러,YoY_%,MoM_%,3M_YoY_%,Momentum_Gap_pp
2025-01-01,가전,557000548.0,178,47,0.557000548,,,,
2025-02-01,가전,634430732.0,176,46,0.634430732,,13.901276089947402,,
2025-03-01,가전,638865165.0,179,47,0.638865165,,0.6989625149495415,,
2025-04-01,가전,705418731.0,176,46,0.705418731,,10.417466727897118,,
2025-05-01,가전,611806775.0,178,47,0.611806775,,-13.270409741926748,,
2025-06-01,가전,553550111.0,178,47,0.553550111,,-9.522069120597754,,
2025-07-01,가전,636752290.0,178,47,0.63675229,,15.030649862881162,,
2025-08-01,가전,530339896.0,177,46,0.530339896,,-16.71174107595279,,
2025-09-01,가전,686243701.0,180,47,0.686243701,,29.396959605694086,,
2025-10-01,가전,551573962.0,179,47,0.551573962,,-19.624185810923745,,
2025-11-01,가전,559759034.0,179,47,0.559759034,,1.4839482216167488,,
2025-12-01,가전,602867166.0,180,47,0.602867166,,7.701194510779441,,
2026-01-01,가전,555111188.0,180,47,0.555111188,-0.3392025388097131,-7.921476022132545,-0.3392025388097131,0.0
2026-02-01,가전,508271331.0,178,47,0.508271331,-19.885449212444517,-8.437923430936145,-10.112325875627114,-9.773123336817402
2026-03-01,가전,587912748.0,178,47,0.587912748,-7.97545707473345,15.669075185356075,-9.400036275329226,1.424579200595776
2026-04-01,가전,565588955.0,177,46,0.565588955,-19.82223746763537,-3.797126882508084,-15.894381251604448,-3.927856216030923
2026-05-01,가전,478389323.0,177,46,0.478389323,-21.80712235492979,-15.417492019447232,-16.534938965766205,-5.272183389163583
2026-06-01,가전,553835260.0,178,47,0.55383526,0.05151277081036909,15.770823756449094,-13.859282350584932,13.910795121395301
2026-07-01,가전,610412592.0,178,46,0.610412592,-4.13656902592372,10.215552545354377,-8.630726203347713,4.494157177423993
2025-01-01,농수산식품,851233982.0,1763,255,0.851233982,,,,
2025-02-01,농수산식품,1016498764.0,1791,255,1.016498764,,19.414730320293994,,
2025-03-01,농수산식품,1026373610.0,1815,258,1.02637361,,0.9714567641126992,,
2025-04-01,농수산식품,1119066749.0,1800,258,1.119066749,,9.031130389254649,,
2025-05-01,농수산식품,1024687219.0,1799,257,1.024687219,,-8.433771272744695,,
2025-06-01,농수산식품,1002047542.0,1816,259,1.002047542,,-2.209423185944903,,
2025-07-01,농수산식품,1068000345.0,1790,257,1.068000345,,6.581803780324025,,
2025-08-01,농수산식품,961433787.0,1775,256,0.961433787,,-9.978138911556256,,
2025-09-01,농수산식품,1160245568.0,1810,257,1.160245568,,20.678676336137535,,
2025-10-01,농수산식품,989691988.0,1787,257,0.989691988,,-14.699782934227933,,
2025-11-01,농수산식품,1033268464.0,1803,257,1.033268464,,4.403034128634364,,
2025-12-01,농수산식품,1140111329.0,1831,258,1.140111329,,10.34028122627384,,
2026-01-01,농수산식품,1011707018.0,1788,254,1.011707018,18.851812708764726,-11.26243619670233,18.851812708764726,0.0
2026-02-01,농수산식품,920608850.0,1761,255,0.92060885,-9.433352739423494,-9.004402102506715,4.709229984670616,-14.14258272409411
2026-03-01,농수산식품,1173320359.0,1795,257,1.173320359,14.317081769084062,27.450475736790935,7.911847246141765,6.405234522942298
2026-04-01,농수산식품,1215721714.0,1803,257,1.215721714,8.637104541473594,3.6137918067097985,4.506944523711387,4.130160017762207
2026-05-01,농수산식품,1071139583.0,1764,253,1.071139583,4.533321304166682,-11.892699565617859,9.162502538241446,-4.629181234074764
2026-06-01,농수산식품,1170012003.0,1788,257,1.170012003,16.762124945165535,9.230582229356376,9.977516930268605,6.78460801489693
2026-07-01,농수산식품,1092432668.0,1787,255,1.092432668,2.287669953889382,-6.630644369551819,7.8610387344072,-5.573368780517818
2025-01-01,디스플레이,1093388705.0,41,3,1.093388705,,,,
2025-02-01,디스플레이,1267417931.0,40,3,1.267417931,,15.916501167807473,,
2025-03-01,디스플레이,1461393630.0,40,3,1.46139363,,15.304793648212955,,
2025-04-01,디스플레이,1320573921.0,41,3,1.320573921,,-9.635987601779817,,
2025-05-01,디스플레이,1340742349.0,38,3,1.340742349,,1.5272471824013811,,
2025-06-01,디스플레이,1124650196.0,39,3,1.124650196,,-16.1173511943718,,
2025-07-01,디스플레이,1572398012.0,39,3,1.572398012,,39.81218494359289,,
2025-08-01,디스플레이,1648716294.0,39,3,1.648716294,,4.853623663828444,,
2025-09-01,디스플레이,1746878221.0,42,3,1.746878221,,5.953839805989092,,
2025-10-01,디스플레이,1477160715.0,39,3,1.477160715,,-15.439971874261516,,
2025-11-01,디스플레이,1442510580.0,40,3,1.44251058,,-2.3457254615656398,,
2025-12-01,디스플레이,1489288646.0,40,3,1.489288646,,3.2428230786355927,,
2026-01-01,디스플레이,1379140203.0,40,3,1.379140203,26.134484167732452,-7.396043963394316,26.134484167732452,0.0
2026-02-01,디스플레이,1214712560.0,40,3,1.21471256,-4.158483931059365,-11.922474788446147,10.988000118336544,-15.146484049395909
2026-03-01,디스플레이,1438952020.0,41,3,1.43895202,-1.5356307526809165,18.460289897718685,6.813456494664057,-8.349087247344974
2026-04-01,디스플레이,1285106138.0,40,3,1.285106138,-2.685785508556926,-10.691522709700907,-2.793300064099069,0.10751455554214306
2026-05-01,디스플레이,1466305231.0,40,3,1.466305231,9.365176097678397,14.099932110043344,1.7145866121468518,7.650589485531545
2026-06-01,디스플레이,1540395252.0,40,3,1.540395252,36.96661037171063,5.052837528886922,14.548666986944033,22.417943384766595
2026-07-01,디스플레이,1609958968.0,40,3,1.609958968,2.388768983002243,4.515965360817664,16.24018515079709,-13.851416167794845
2025-01-01,무선통신기기,1214244310.0,63,17,1.21424431,,,,
2025-02-01,무선통신기기,1306633878.0,63,17,1.306633878,,7.608812101413109,,
2025-03-01,무선통신기기,1245735831.0,61,17,1.245735831,,-4.660681773628406,,
2025-04-01,무선통신기기,1452266432.0,61,16,1.452266432,,16.579004622048153,,
2025-05-01,무선통신기기,1295407031.0,61,17,1.295407031,,-10.801007139163843,,
2025-06-01,무선통신기기,1018108395.0,62,17,1.018108395,,-21.406293880151097,,
2025-07-01,무선통신기기,1199891968.0,62,17,1.199891968,,17.855031339762206,,
2025-08-01,무선통신기기,1554044403.0,62,17,1.554044403,,29.5153600861507,,
2025-09-01,무선통신기기,1737186825.0,61,16,1.737186825,,11.784889907035678,,
2025-10-01,무선통신기기,1824963215.0,60,15,1.824963215,,5.0527892991589995,,
2025-11-01,무선통신기기,1721849752.0,62,17,1.721849752,,-5.650166652811139,,
2025-12-01,무선통신기기,1685851331.0,63,17,1.685851331,,-2.0906830551380207,,
2026-01-01,무선통신기기,2025546160.0,60,16,2.02554616,66.81537177637671,20.14975002561481,66.81537177637671,0.0
2026-02-01,무선통신기기,1466793442.0,62,17,1.466793442,12.257417069665166,-27.585286824566857,39.53639442302094,-27.27897735335577
2026-03-01,무선통신기기,1785454400.0,61,17,1.7854544,43.325282581520284,21.725005639887506,40.79935714252072,2.5259254389995647
2026-04-01,무선통신기기,1619500213.0,61,16,1.619500213,11.515365040125092,-9.294787198149667,22.36602156377018,-10.850656523645087
2026-05-01,무선통신기기,1456283451.0,61,17,1.456283451,12.418986168062563,-10.078218001444627,22.419877929902643,-10.00089176184008
2026-06-01,무선통신기기,1544198528.0,63,17,1.544198528,51.673292901194465,6.036948160032352,25.20254803646071,26.470744864733756
2026-07-01,무선통신기기,1812587375.0,60,16,1.812587375,51.062547574282945,17.380462559280453,38.38494221451332,12.677605359769622
2025-01-01,바이오헬스,1159832601.0,509,11,1.159832601,,,,
2025-02-01,바이오헬스,1243169822.0,513,11,1.243169822,,7.185280093708979,,
2025-03-01,바이오헬스,1431451363.0,518,11,1.431451363,,15.145279242468623,,
2025-04-01,바이오헬스,1385121483.0,519,11,1.385121483,,-3.236566829829479,,
2025-05-01,바이오헬스,1370540144.0,519,11,1.370540144,,-1.052711923030658,,
2025-06-01,바이오헬스,1679925614.0,517,11,1.679925614,,22.573980875674373,,
2025-07-01,바이오헬스,1206785182.0,523,11,1.206785182,,-28.16436799683203,,
2025-08-01,바이오헬스,1153375658.0,516,11,1.153375658,,-4.425768960096499,,
2025-09-01,바이오헬스,1692459776.0,523,11,1.692459776,,46.73968227617995,,
2025-10-01,바이오헬스,1174981015.0,522,11,1.174981015,,-30.575542670976898,,
2025-11-01,바이오헬스,1464927271.0,521,11,1.464927271,,24.676675818459938,,
2025-12-01,바이오헬스,1601513938.0,517,11,1.601513938,,9.32378485293417,,
2026-01-01,바이오헬스,1349373280.0,522,11,1.34937328,16.34207202285738,-15.743894075307141,16.34207202285738,0.0
2026-02-01,바이오헬스,1330137232.0,519,11,1.330137232,6.995617852119973,-1.4255542395207321,11.668844937488677,-4.673227085368704
2026-03-01,바이오헬스,1521919027.0,519,11,1.521919027,6.319995658839583,14.4181961369231,9.885895177938979,-3.5658995190993954
2026-04-01,바이오헬스,1639294001.0,518,11,1.639294001,18.350196796420626,7.7123008463445775,10.555270102460062,7.794926693960564
2026-05-01,바이오헬스,1439226992.0,519,11,1.439226992,5.011662613510426,-12.204461730351934,9.893951689590212,-4.882289076079786
2026-06-01,바이오헬스,1912938227.0,518,11,1.912938227,13.87041253839707,32.91428229411639,12.410757316109375,1.4596552222876937
2026-07-01,바이오헬스,1573830833.0,522,11,1.573830833,30.415160583236258,-17.727043623975835,16.432411911714585,13.982748671521673
2025-01-01,반도체,10129969185.0,57,14,10.129969185,,,,
2025-02-01,반도체,9647382548.0,57,14,9.647382548,,-4.763949703959536,,
2025-03-01,반도체,13058341065.0,57,14,13.058341065,,35.35631037775242,,
2025-04-01,반도체,11663444836.0,57,14,11.663444836,,-10.68203244238054,,
2025-05-01,반도체,13794185577.0,57,14,13.794185577,,18.268537048534128,,
2025-06-01,반도체,14962292775.0,57,14,14.962292775,,8.468112825360752,,
2025-07-01,반도체,14707000282.0,57,14,14.707000282,,-1.706239122833897,,
2025-08-01,반도체,15095443628.0,57,14,15.095443628,,2.641213969890366,,
2025-09-01,반도체,16620981535.0,57,14,16.620981535,,10.10594948114234,,
2025-10-01,반도체,15701441220.0,57,14,15.70144122,,-5.532406814023938,,
2025-11-01,반도체,17258185998.0,57,14,17.258185998,,9.914661693711713,,
2025-12-01,반도체,20767818897.0,57,14,20.767818897,,20.33604748150657,,
2026-01-01,반도체,20541062130.0,57,14,20.54106213,102.77516895526469,-1.091866065110747,102.77516895526469,0.0
2026-02-01,반도체,25137331581.0,57,14,25.137331581,160.56115693485404,22.37600676104863,131.66816294505935,28.89299398979469
2026-03-01,반도체,32827676808.0,57,14,32.827676808,151.39239850295638,30.593323727378973,138.24290813102505,13.149490371931336
2026-04-01,반도체,31892551490.0,57,14,31.89255149,173.44023946991643,-2.84858816988266,161.79793163590895,11.642307834007482
2026-05-01,반도체,37158099212.0,57,14,37.158099212,169.3750856444636,16.510274267805226,164.7359078724455,4.639177772018115
2026-06-01,반도체,44812600394.0,57,14,44.812600394,199.50356584971988,20.59981900131216,180.77296365469996,18.730602195019912
2026-07-01,반도체,41006096710.0,57,14,41.00609671,178.8202619414351,-8.494270920528091,182.56630447853954,-3.7460425371044437
2025-01-01,비철금속,1000395612.0,266,66,1.000395612,,,,
2025-02-01,비철금속,1039717095.0,270,67,1.039717095,,3.9305933101194013,,
2025-03-01,비철금속,1136448726.0,270,65,1.136448726,,9.30364918160742,,
2025-04-01,비철금속,1239609539.0,271,67,1.239609539,,9.0774718330759,,
2025-05-01,비철금속,1177265758.0,268,68,1.177265758,,-5.02930794242622,,
2025-06-01,비철금속,1246037904.0,272,67,1.246037904,,5.841684049048856,,
2025-07-01,비철금속,1394393808.0,271,68,1.394393808,,11.906211161293845,,
2025-08-01,비철금속,1193471560.0,274,67,1.19347156,,-14.409290033221378,,
2025-09-01,비철금속,1300074006.0,277,67,1.300074006,,8.93213123570369,,
2025-10-01,비철금속,1214030218.0,265,66,1.214030218,,-6.618376154195637,,
2025-11-01,비철금속,1257775241.0,274,68,1.257775241,,3.60328946935653,,
2025-12-01,비철금속,1509555427.0,276,67,1.509555427,,20.017899684511285,,
2026-01-01,비철금속,1407515697.0,272,68,1.407515697,40.69590871016335,-6.759588165820951,40.69590871016335,0.0
2026-02-01,비철금속,1219284071.0,269,66,1.219284071,17.270753444714693,-13.373323395341142,28.983331077439022,-11.71257763272433
2026-03-01,비철금속,1476460078.0,271,66,1.476460078,29.918758692858095,21.092378151801515,29.295140282578714,0.6236184102793807
2026-04-01,비철금속,1850595188.0,282,67,1.850595188,49.28855657991189,25.340008549828184,32.15935623916156,17.12920034075033
2026-05-01,비철금속,1678175432.0,275,67,1.678175432,42.5485639581475,-9.316989318789904,40.5852930769725,1.9632708811749993
2026-06-01,비철금속,1826864890.0,274,67,1.82686489,46.61390990879519,8.860185601859062,46.15034348228486,0.463566426510333
2026-07-01,비철금속,1728464428.0,277,68,1.728464428,23.958125608658754,-5.386302103600005,37.706866491867146,-13.748740883208391
2025-01-01,생활용품,578062301.0,577,102,0.578062301,,,,
2025-02-01,생활용품,727546730.0,577,101,0.72754673,,25.859570627837925,,
2025-03-01,생활용품,718720455.0,576,102,0.718720455,,-1.2131557515212776,,
2025-04-01,생활용품,733476266.0,577,102,0.733476266,,2.0530667935421354,,
2025-05-01,생활용품,688454950.0,582,102,0.68845495,,-6.1380740027926155,,
2025-06-01,생활용품,759017543.0,576,102,0.759017543,,10.249413269524755,,
2025-07-01,생활용품,716808305.0,584,102,0.716808305,,-5.56103589294773,,
2025-08-01,생활용품,669187011.0,578,102,0.669187011,,-6.643518729878551,,
2025-09-01,생활용품,765218044.0,578,102,0.765218044,,14.350403014621582,,
2025-10-01,생활용품,862357884.0,578,102,0.862357884,,12.694400081344659,,
2025-11-01,생활용품,947756517.0,578,102,0.947756517,,9.902922508678547,,
2025-12-01,생활용품,830593281.0,580,102,0.830593281,,-12.362166220799509,,
2026-01-01,생활용품,680021212.0,576,102,0.680021212,17.638048844150454,-18.128255121293236,17.638048844150454,0.0
2026-02-01,생활용품,642946582.0,576,102,0.642946582,-11.628139404873695,-5.451981400839012,3.0049547196383797,-14.633094124512073
2026-03-01,생활용품,750790890.0,577,102,0.75079089,4.462156987030519,16.77344759568222,3.490688808769093,0.9714681782614258
2026-04-01,생활용품,743048401.0,578,102,0.743048401,1.3050367740188085,-1.0312443988232167,-1.9536485479414558,3.2586853219602645
2026-05-01,생활용품,652490155.0,577,102,0.652490155,-5.223986696587768,-12.18739531343127,0.18106902148718648,-5.405055718074954
2026-06-01,생활용품,725391039.0,583,102,0.725391039,-4.430267035343083,11.172717847367375,-2.7830723193040137,-1.6471947160390692
2026-07-01,생활용품,809546555.0,580,102,0.809546555,12.937663996512994,11.601400000200446,1.094470088194047,11.843193908318947
2025-01-01,석유제품,3447352835.0,89,12,3.447352835,,,,
2025-02-01,석유제품,3876863761.0,88,12,3.876863761,,12.459151892991539,,
2025-03-01,석유제품,3296198955.0,91,12,3.296198955,,-14.977694388987839,,
2025-04-01,석유제품,3649833119.0,89,11,3.649833119,,10.72854426652774,,
2025-05-01,석유제품,3581143688.0,87,12,3.581143688,,-1.881988265228407,,
2025-06-01,석유제품,3732478900.0,90,12,3.7324789,,4.225890530645482,,
2025-07-01,석유제품,4234549258.0,87,11,4.234549258,,13.45139172789429,,
2025-08-01,석유제품,4141117285.0,87,12,4.141117285,,-2.206420738251802,,
2025-09-01,석유제품,4199552898.0,88,12,4.199552898,,1.4111074132497015,,
2025-10-01,석유제품,3844416630.0,89,11,3.84441663,,-8.456525649888357,,
2025-11-01,석유제품,3277814379.0,86,11,3.277814379,,-14.738315472326946,,
2025-12-01,석유제품,4177849334.0,85,11,4.177849334,,27.458386928993338,,
2026-01-01,석유제품,3755281527.0,85,11,3.755281527,8.932323053030334,-10.114481715773616,8.932323053030334,0.0
2026-02-01,석유제품,4093739689.0,88,11,4.093739689,5.5941075407834,9.012857213674351,7.263215296906867,-1.6691077561234673
2026-03-01,석유제품,6251959746.0,87,12,6.251959746,89.67179564559993,52.720012041781786,34.73274207980455,54.939053565795376
2026-04-01,석유제품,5008079601.0,82,12,5.008079601,37.21393383520339,-19.895843791953936,44.15994567386224,-6.946011838658848
2026-05-01,석유제품,5200574222.0,87,12,5.200574222,45.22104319428806,3.8436813376840684,57.36892422503046,-12.147881030742404
2026-06-01,석유제품,5385493746.0,88,12,5.385493746,44.28731923976852,3.55575204018308,42.24076542308666,2.0465538166818646
2026-07-01,석유제품,5757297704.0,91,12,5.757297704,35.96010704381798,6.903804470595709,41.82282315929152,-5.862716115473539
2025-01-01,석유화학,3551530076.0,272,46,3.551530076,,,,
2025-02-01,석유화학,3909274375.0,280,46,3.909274375,,10.072962676495711,,
2025-03-01,석유화학,3636948972.0,276,46,3.636948972,,-6.966136855001381,,
2025-04-01,석유화학,3766523797.0,279,46,3.766523797,,3.562734203794604,,
2025-05-01,석유화학,3298182631.0,277,46,3.298182631,,-12.434307898785324,,
2025-06-01,석유화학,3403085610.0,275,46,3.40308561,,3.1806297812014606,,
2025-07-01,석유화학,3768758173.0,277,46,3.768758173,,10.745323653494566,,
2025-08-01,석유화학,3423187703.0,273,46,3.423187703,,-9.169345819950014,,
2025-09-01,석유화학,3729366235.0,277,46,3.729366235,,8.944251924359058,,
2025-10-01,석유화학,3121328125.0,278,46,3.121328125,,-16.30406003823328,,
2025-11-01,석유화학,3094496629.0,281,46,3.094496629,,-0.8596179230595968,,
2025-12-01,석유화학,3529849919.0,275,46,3.529849919,,14.068630287721028,,
2026-01-01,석유화학,3548451506.0,276,46,3.548451506,-0.08668292071645212,0.5269795438008318,-0.08668292071645212,0.0
2026-02-01,석유화학,3363447893.0,281,46,3.363447893,-13.962347731092684,-5.213643548099256,-7.024515325904568,-6.937832405188116
2026-03-01,석유화학,3987966260.0,276,46,3.98796626,9.651421856682575,18.56780264976741,-1.4658695983755206,11.117291455058096
2026-04-01,석유화학,4082584406.0,279,46,4.082584406,8.391307901777733,2.3725914371201418,1.3601273424558744,7.031180559321858
2026-05-01,석유화학,3656406680.0,280,46,3.65640668,10.861255699821193,-10.43892014513319,9.634661819427167,1.2265938803940255
2026-06-01,석유화학,4002167564.0,276,46,4.002167564,17.604081197357836,9.456302710835217,12.285548266318921,5.318532931038915
2026-07-01,석유화학,4154219833.0,275,46,4.154219833,10.227816227677078,3.7992479467308993,12.89771770828537,-2.669901480608292
2025-01-01,선박류,2478455574.0,42,12,2.478455574,,,,
2025-02-01,선박류,1565522126.0,41,13,1.565522126,,-36.83477152372795,,
2025-03-01,선박류,3181048342.0,40,13,3.181048342,,103.19408388866171,,
2025-04-01,선박류,2009244544.0,47,14,2.009244544,,-36.8370320729945,,
2025-05-01,선박류,2239360990.0,42,12,2.23936099,,11.452883955174741,,
2025-06-01,선박류,2507081058.0,48,15,2.507081058,,11.955199237439595,,
2025-07-01,선박류,2240843985.0,41,13,2.240843985,,-10.61940427296707,,
2025-08-01,선박류,3125873496.0,44,13,3.125873496,,39.49536500195037,,
2025-09-01,선박류,2892852024.0,42,14,2.892852024,,-7.4546034027987425,,
2025-10-01,선박류,4688471683.0,39,12,4.688471683,,62.07091286049133,,
2025-11-01,선박류,1853756567.0,38,11,1.853756567,,-60.46138928978575,,
2025-12-01,선박류,3033083009.0,43,14,3.033083009,,63.618193617975734,,
2026-01-01,선박류,2476276518.0,42,12,2.476276518,-0.0879199136292419,-18.35777291118642,-0.0879199136292419,0.0
2026-02-01,선박류,2212546342.0,41,12,2.212546342,41.32961171575291,-10.650271651124221,20.620845901061834,20.708765814691077
2026-03-01,선박류,3525326423.0,43,11,3.525326423,10.822786829562748,59.33345015559453,17.354826210562138,-6.5320393809993895
2026-04-01,선박류,2897202395.0,42,14,2.897202395,44.19361762865635,-17.8174714234115,32.115338724657335,12.078278903999013
2026-05-01,선박류,2608356063.0,41,12,2.608356063,16.477694960650368,-9.969836159824109,23.83136647295649,-7.353671512306121
2026-06-01,선박류,2825190536.0,42,14,2.825190536,12.688440087923158,8.313070292658132,24.453250892409958,-11.7648108044868
2026-07-01,선박류,3292014387.0,44,11,3.292014387,46.909575545483584,16.5236236300347,25.358570198019038,21.551005347464546
2025-01-01,섬유류,782505357.0,1211,143,0.782505357,,,,
2025-02-01,섬유류,871370532.0,1202,142,0.871370532,,11.35649413835258,,
2025-03-01,섬유류,885148315.0,1216,143,0.885148315,,1.5811623751352588,,
2025-04-01,섬유류,988922289.0,1215,141,0.988922289,,11.723907987103832,,
2025-05-01,섬유류,913353308.0,1215,141,0.913353308,,-7.641548971094125,,
2025-06-01,섬유류,868678720.0,1216,142,0.86867872,,-4.891271275715359,,
2025-07-01,섬유류,900967322.0,1214,143,0.900967322,,3.716978585592612,,
2025-08-01,섬유류,749509369.0,1217,143,0.749509369,,-16.810593381321326,,
2025-09-01,섬유류,942783196.0,1212,142,0.942783196,,25.78671261412877,,
2025-10-01,섬유류,771485396.0,1213,142,0.771485396,,-18.16937348128127,,
2025-11-01,섬유류,894191413.0,1220,142,0.894191413,,15.905163939098088,,
2025-12-01,섬유류,964448621.0,1216,143,0.964448621,,7.857065833845134,,
2026-01-01,섬유류,842616920.0,1215,142,0.84261692,7.681936291204194,-12.63226452371069,7.681936291204194,0.0
2026-02-01,섬유류,727014419.0,1199,141,0.727014419,-16.56655896644437,-13.719461152049972,-4.442311337620087,-12.124247628824282
2026-03-01,섬유류,928525878.0,1215,142,0.928525878,4.900598268664158,27.717670204832622,-1.3280081355253384,6.228606404189496
2026-04-01,섬유류,1048477378.0,1214,141,1.048477378,6.0222213274434555,12.918487555604784,-1.8812464567789184,7.903467784222374
2026-05-01,섬유류,851432526.0,1207,140,0.851432526,-6.77949939608693,-18.793429036673025,1.3811067333402278,-8.160606129427158
2026-06-01,섬유류,968050642.0,1216,142,0.968050642,11.439433211855366,13.696694974511692,3.5607183810706307,7.878714830784736
2026-07-01,섬유류,932499958.0,1218,142,0.932499958,3.499864560015631,-3.672399196652776,2.7199327919280223,0.7799317680876086
2025-01-01,이차전지,519564198.0,10,4,0.519564198,,,,
2025-02-01,이차전지,628637926.0,10,4,0.628637926,,20.99331101331967,,
2025-03-01,이차전지,637203977.0,10,4,0.637203977,,1.3626366857159677,,
2025-04-01,이차전지,698678268.0,10,4,0.698678268,,9.647505856668559,,
2025-05-01,이차전지,523825426.0,10,4,0.523825426,,-25.02623167320269,,
2025-06-01,이차전지,594381030.0,10,4,0.59438103,,13.469297307458316,,
2025-07-01,이차전지,582845310.0,10,4,0.58284531,,-1.9407954523716908,,
2025-08-01,이차전지,485216279.0,10,4,0.485216279,,-16.75041890617598,,
2025-09-01,이차전지,634630862.0,10,4,0.634630862,,30.793398627913724,,
2025-10-01,이차전지,535364930.0,10,4,0.53536493,,-15.641522961421938,,
2025-11-01,이차전지,672449544.0,10,4,0.672449544,,25.60582629123651,,
2025-12-01,이차전지,714703687.0,10,4,0.714703687,,6.283615384532104,,
2026-01-01,이차전지,549515606.0,10,4,0.549515606,5.764717452683299,-23.11280660848193,5.764717452683299,0.0
2026-02-01,이차전지,592605778.0,10,4,0.592605778,-5.731780808910347,7.8414828495334765,0.016468321886475845,-5.7482491307968235
2026-03-01,이차전지,819264951.0,10,4,0.819264951,28.571851490500034,38.24788441397884,9.534929378090995,19.036922112409037
2026-04-01,이차전지,653327591.0,10,4,0.653327591,-6.490924231809658,-20.25441950097533,5.44971548326001,-11.940639715069668
2026-05-01,이차전지,687146757.0,10,4,0.687146757,31.178580285257105,5.176448456468141,17.753169181315826,13.42541110394128
2026-06-01,이차전지,697933739.0,10,4,0.697933739,17.421940434404505,1.5698221508160248,14.036532162617318,3.3854082717871865
2026-07-01,이차전지,682899603.0,10,4,0.682899603,17.166526226315515,-2.154092166620414,21.922348981992375,-4.75582275567686
2025-01-01,일반기계,3424089823.0,1060,122,3.424089823,,,,
2025-02-01,일반기계,3906473739.0,1060,122,3.906473739,,14.0879457296877,,
2025-03-01,일반기계,4157194250.0,1063,121,4.15719425,,6.4180774721956935,,
2025-04-01,일반기계,4321510869.0,1086,122,4.321510869,,3.952584582738705,,
2025-05-01,일반기계,4072419453.0,1068,122,4.072419453,,-5.763989112854873,,
2025-06-01,일반기계,3794898256.0,1076,122,3.794898256,,-6.814651589869025,,
2025-07-01,일반기계,4275180651.0,1075,122,4.275180651,,12.656001889922596,,
2025-08-01,일반기계,3464722620.0,1065,121,3.46472262,,-18.957281508336433,,
2025-09-01,일반기계,4208465431.0,1071,121,4.208465431,,21.46615739761586,,
2025-10-01,일반기계,3340571487.0,1059,121,3.340571487,,-20.622575098443285,,
2025-11-01,일반기계,3821139252.0,1074,122,3.821139252,,14.385794971613496,,
2025-12-01,일반기계,4236257968.0,1082,120,4.236257968,,10.863742162307366,,
2026-01-01,일반기계,3715117449.0,1062,122,3.715117449,8.499415641643937,-12.301907082538655,8.499415641643937,0.0
2026-02-01,일반기계,3275353602.0,1057,122,3.275353602,-16.155750151325922,-11.837145205688493,-3.8281672548409924,-12.32758289648493
2026-03-01,일반기계,3892662755.0,1046,121,3.892662755,-6.363221901406224,18.847099519974208,-4.6731854703627365,-1.6900364310434872
2026-04-01,일반기계,4205692193.0,1071,122,4.205692193,-2.6800505543284836,8.041524727461269,-8.399674202353543,5.71962364802506
2026-05-01,일반기계,3816687160.0,1056,121,3.81668716,-6.279615740751154,-9.249488910469106,-5.10762939882862,-1.1719863419225343
2026-06-01,일반기계,4078050037.0,1068,120,4.078050037,7.461380039697163,6.8478988725918954,-0.4994287517941582,7.9608087914913215
2026-07-01,일반기계,4526786786.0,1069,122,4.526786786,5.8852749284675765,11.00370875611205,2.3556797424711955,3.529595185996381
2025-01-01,자동차,4986813368.0,96,20,4.986813368,,,,
2025-02-01,자동차,6065040333.0,101,20,6.065040333,,21.621562417372587,,
2025-03-01,자동차,6232222031.0,104,23,6.232222031,,2.756481223881746,,
2025-04-01,자동차,6526879880.0,103,21,6.52687988,,4.7279741885691395,,
2025-05-01,자동차,6197603809.0,99,20,6.197603809,,-5.044923103441579,,
2025-06-01,자동차,6340134741.0,102,20,6.340134741,,2.2997748225373815,,
2025-07-01,자동차,5829848835.0,92,18,5.829848835,,-8.048502545223746,,
2025-08-01,자동차,5488581021.0,96,18,5.488581021,,-5.853802108061002,,
2025-09-01,자동차,6403543714.0,102,20,6.403543714,,16.670295828725813,,
2025-10-01,자동차,5543134596.0,102,22,5.543134596,,-13.436452633545649,,
2025-11-01,자동차,6408887048.0,106,23,6.408887048,,15.618463470555778,,
2025-12-01,자동차,5951832601.0,106,21,5.951832601,,-7.131572823437904,,
2026-01-01,자동차,6066082256.0,90,18,6.066082256,21.64245598051826,1.9195710407044153,21.64245598051826,0.0
2026-02-01,자동차,4801739453.0,89,18,4.801739453,-20.82922471473695,-20.84282325300536,0.40661563289065583,-21.235840347627605
2026-03-01,자동차,6367235029.0,102,20,6.367235029,2.1663701538299662,32.602676411814045,0.9932004732037593,1.173169680626207
2026-04-01,자동차,6161569218.0,104,20,6.161569218,-5.597018310684765,-3.2300646994069093,-8.086624290530581,2.489605979845816
2026-05-01,자동차,5821011321.0,97,20,5.821011321,-6.0764208169151175,-5.527129290459265,-3.169022991256639,-2.9073978256584785
2026-06-01,자동차,6703054256.0,98,19,6.703054256,5.724160918112586,15.152743850848104,-1.9830927364957656,7.707253654608352
2026-07-01,자동차,6237951936.0,97,21,6.237951936,7.000234698195218,-6.938662619113966,2.215991599797562,4.784243098397656
2025-01-01,자동차부품,1562600613.0,60,3,1.562600613,,,,
2025-02-01,자동차부품,1855822775.0,61,3,1.855822775,,18.765010045468355,,
2025-03-01,자동차부품,1827635041.0,61,3,1.827635041,,-1.5188807023881923,,
2025-04-01,자동차부품,2016280238.0,61,3,2.016280238,,10.321819880230665,,
2025-05-01,자동차부품,1653810957.0,61,3,1.653810957,,-17.977128088084747,,
2025-06-01,자동차부품,1786194574.0,59,3,1.786194574,,8.0047611511864,,
2025-07-01,자동차부품,1908973888.0,62,3,1.908973888,,6.873792798790568,,
2025-08-01,자동차부품,1661311943.0,59,3,1.661311943,,-12.973563785069441,,
2025-09-01,자동차부품,1911174349.0,60,3,1.911174349,,15.040065597120677,,
2025-10-01,자동차부품,1509217269.0,60,3,1.509217269,,-21.03194196857652,,
2025-11-01,자동차부품,1560139068.0,60,3,1.560139068,,3.374053560475132,,
2025-12-01,자동차부품,1821561183.0,60,3,1.821561183,,16.75633412187585,,
2026-01-01,자동차부품,1618445963.0,60,3,1.618445963,3.573872270073153,-11.15061200774391,3.573872270073153,0.0
2026-02-01,자동차부품,1431694352.0,60,3,1.431694352,-22.853929195906108,-11.538946326872201,-9.640028462916478,-13.21390073298963
2026-03-01,자동차부품,1783364282.0,61,3,1.783364282,-2.4222975597894547,24.56319880767399,-7.234118161874137,4.811820602084682
2026-04-01,자동차부품,1890800606.0,60,3,1.890800606,-6.223323010122172,6.024362217208523,-10.499849921939244,4.276526911817072
2026-05-01,자동차부품,1551799759.0,59,3,1.551799759,-6.168250220390814,-17.928958025730612,-4.937956930100813,-1.2302932902900006
2026-06-01,자동차부품,1742251211.0,59,3,1.742251211,-2.460166638038397,12.272939913505931,-4.950579956183794,2.490413318145397
2026-07-01,자동차부품,1950923767.0,61,3,1.950923767,2.197509314490942,11.977179564147256,-2.143635847979423,4.341145162470365
2025-01-01,전기기기,1126672915.0,224,62,1.126672915,,,,
2025-02-01,전기기기,1388915778.0,221,63,1.388915778,,23.27586467275642,,
2025-03-01,전기기기,1437957920.0,230,63,1.43795792,,3.5309658639359087,,
2025-04-01,전기기기,1457756755.0,227,63,1.457756755,,1.3768716542136294,,
2025-05-01,전기기기,1351356761.0,231,63,1.351356761,,-7.2988853342682685,,
2025-06-01,전기기기,1583178089.0,229,63,1.583178089,,17.154709599295813,,
2025-07-01,전기기기,1574941524.0,232,63,1.574941524,,-0.5202551157843849,,
2025-08-01,전기기기,1290942640.0,229,62,1.29094264,,-18.03234467262671,,
2025-09-01,전기기기,1480013482.0,233,63,1.480013482,,14.645952201253486,,
2025-10-01,전기기기,1142783853.0,232,63,1.142783853,,-22.78557817894257,,
2025-11-01,전기기기,1282182791.0,224,63,1.282182791,,12.198189328109098,,
2025-12-01,전기기기,1566212480.0,232,63,1.56621248,,22.152043452281834,,
2026-01-01,전기기기,1341088402.0,228,62,1.341088402,19.030854842197044,-14.373789053194109,19.030854842197044,0.0
2026-02-01,전기기기,1186695997.0,229,62,1.186695997,-14.559542356930443,-11.512470376281724,2.2356562426333006,-16.795198599563744
2026-03-01,전기기기,1514716383.0,229,62,1.514716383,5.338018723106996,27.641484156788643,3.269777069457866,2.0682416536491304
2026-04-01,전기기기,1571154544.0,230,62,1.571154544,7.778923926166259,3.725988682331427,-0.4808665692190625,8.259790495385321
2026-05-01,전기기기,1346811706.0,225,61,1.346811706,-0.3363327236130198,-14.278852380036778,4.260203308553412,-4.596536032166432
2026-06-01,전기기기,1653792743.0,232,63,1.653792743,4.460310213401386,22.793166678935894,3.9676338053182083,0.4926764080831778
2026-07-01,전기기기,1794485744.0,235,63,1.794485744,13.939833108368793,8.507293407563354,6.021270199385721,7.9185629089830725
2025-01-01,철강제품,2088080717.0,314,43,2.088080717,,,,
2025-02-01,철강제품,2096558559.0,317,43,2.096558559,,0.40601122030283765,,
2025-03-01,철강제품,2060263502.0,314,43,2.060263502,,-1.7311730618825072,,
2025-04-01,철강제품,2364012438.0,320,43,2.364012438,,14.743208123870355,,
2025-05-01,철강제품,2084159626.0,321,43,2.084159626,,-11.838043129619102,,
2025-06-01,철강제품,1956130356.0,325,43,1.956130356,,-6.142968532871862,,
2025-07-01,철강제품,2262541464.0,322,43,2.262541464,,15.664145646538907,,
2025-08-01,철강제품,1952424549.0,319,43,1.952424549,,-13.706573777071785,,
2025-09-01,철강제품,2169561077.0,323,43,2.169561077,,11.121378703787244,,
2025-10-01,철강제품,1874178574.0,322,43,1.874178574,,-13.614850770112707,,
2025-11-01,철강제품,1821005461.0,317,43,1.821005461,,-2.8371422946381397,,
2025-12-01,철강제품,2068890015.0,321,43,2.068890015,,13.61251019334533,,
2026-01-01,철강제품,2041478909.0,323,43,2.041478909,-2.231801080321938,-1.324918473251946,-2.231801080321938,0.0
2026-02-01,철강제품,1986588765.0,318,43,1.986588765,-5.245252679822721,-2.6887441137899093,-3.738526880072329,-1.5067257997503916
2026-03-01,철강제품,2053612430.0,319,43,2.05361243,-0.3228262789465308,3.373806707298077,-2.5999600130303966,2.2771337340838658
2026-04-01,철강제품,2118368257.0,331,43,2.118368257,-10.390985134063834,3.1532642700258684,-5.319688030944362,-5.0712971031194725
2026-05-01,철강제품,2026000868.0,323,43,2.026000868,-2.7905136091528893,-4.3603083975025765,-4.501441674054418,1.710928064901529
2026-06-01,철강제품,2134081348.0,316,43,2.134081348,9.097092709295907,5.334670962243626,-1.3614686779736054,10.458561387269512
2026-07-01,철강제품,2360962622.0,320,43,2.360962622,4.350026709609955,10.63133203486486,3.552201936584325,0.7978247730256305
2025-01-01,컴퓨터,821003407.0,74,21,0.821003407,,,,
2025-02-01,컴퓨터,796258698.0,74,21,0.796258698,,-3.0139593562003353,,
2025-03-01,컴퓨터,1181904646.0,76,21,1.181904646,,48.43224305978004,,
2025-04-01,컴퓨터,663045625.0,75,21,0.663045625,,-43.90024379344051,,
2025-05-01,컴퓨터,1069640422.0,76,21,1.069640422,,61.32229543027299,,
2025-06-01,컴퓨터,1322960256.0,76,21,1.322960256,,23.682709515254285,,
2025-07-01,컴퓨터,950038257.0,75,21,0.950038257,,-28.188450658944053,,
2025-08-01,컴퓨터,1201934139.0,74,21,1.201934139,,26.51428825565705,,
2025-09-01,컴퓨터,1306994848.0,75,21,1.306994848,,8.740970539983973,,
2025-10-01,컴퓨터,981101840.0,76,21,0.98110184,,-24.934528892649467,,
2025-11-01,컴퓨터,1397488809.0,74,21,1.397488809,,42.44074896445,,
2025-12-01,컴퓨터,2043870803.0,76,21,2.043870803,,46.25310698999665,,
2026-01-01,컴퓨터,1550766494.0,75,21,1.550766494,88.88673064909705,-24.126001911481875,88.88673064909705,0.0
2026-02-01,컴퓨터,2560872558.0,74,21,2.560872558,221.61313457953585,65.1359226491,155.24993261431644,66.36320196521942
2026-03-01,컴퓨터,3416989919.0,75,21,3.416989919,189.1087644476524,33.43068979850421,166.53620989209512,22.572554555557275
2026-04-01,컴퓨터,4081206797.0,76,21,4.081206797,515.5242781369683,19.43865489057066,308.7487257213855,206.7755524155828
2026-05-01,컴퓨터,4167583802.0,73,21,4.167583802,289.6247483063051,2.1164574425263982,331.41926363030865,-41.794515324003555
2026-06-01,컴퓨터,5408131266.0,74,21,5.408131266,308.7901538593159,29.766587138683764,371.31306010086314,-62.52290624154722
2026-07-01,컴퓨터,4789780598.0,76,21,4.789780598,404.16712829281363,-11.43372151277957,334.1940101528116,69.97311814000204
2025-01-01,화장품,753144531.0,34,8,0.753144531,,,,
2025-02-01,화장품,885473013.0,34,8,0.885473013,,17.570131170480472,,
2025-03-01,화장품,939483795.0,34,8,0.939483795,,6.099653090161428,,
2025-04-01,화장품,1030067023.0,34,8,1.030067023,,9.64180845716449,,
2025-05-01,화장품,951640568.0,34,8,0.951640568,,-7.613723500397896,,
2025-06-01,화장품,940837037.0,34,8,0.940837037,,-1.135253305006223,,
2025-07-01,화장품,980327861.0,34,8,0.980327861,,4.197413839693476,,
2025-08-01,화장품,862754219.0,34,8,0.862754219,,-11.9932980258326,,
2025-09-01,화장품,1146653714.0,34,8,1.146653714,,32.9061844900697,,
2025-10-01,화장품,916658570.0,34,8,0.91665857,,-20.057942619632062,,
2025-11-01,화장품,946031062.0,34,8,0.946031062,,3.2043001572548357,,
2025-12-01,화장품,1065016923.0,34,8,1.065016923,,12.57737359579425,,
2026-01-01,화장품,1024225618.0,34,8,1.024225618,35.99323580562521,-3.8301086226026126,35.99323580562521,0.0
2026-02-01,화장품,913318240.0,34,8,0.91331824,3.144672575131313,-10.828412807772592,19.568954190378264,-16.42428161524695
2026-03-01,화장품,1183894152.0,34,8,1.183894152,26.015388269682703,29.625589433098366,21.71776555014641,4.297622719536292
2026-04-01,화장품,1351908205.0,34,8,1.351908205,31.244683580167386,14.191644811841254,20.134914808327135,11.109768771840251
2026-05-01,화장품,1172394098.0,34,8,1.172394098,23.197154201185754,-13.27857219418237,26.819075350345283,-3.6219211491595296
2026-06-01,화장품,1329490366.0,34,8,1.329490366,41.30931433559199,13.399612661646131,31.91705070564838,9.392263629943614
2026-07-01,화장품,1351011744.0,34,8,1.351011744,37.812235859733455,1.6187690073114824,34.10623479883707,3.7060010608963836
