산업,공식상위MTI,공식상위품목명,MTI6코드,MTI6품목명
반도체,831,반도체,831110,D램
반도체,831,반도체,831120,낸드
반도체,831,반도체,831130,S램
반도체,831,반도체,831190,기타 메모리반도체
반도체,831,반도체,831210,프로세서와 컨트롤러
반도체,831,반도체,831220,증폭기
반도체,831,반도체,831230,기타 집적회로반도체
반도체,831,반도체,831240,집적회로 반도체부품
반도체,831,반도체,831310,트랜지스터
반도체,831,반도체,831320,다이오드
반도체,831,반도체,831330,반도체기반 트랜스듀서
반도체,831,반도체,831340,개별소자 반도체부품
반도체,831,반도체,831390,기타개별소자반도체
반도체,831,반도체,831400,실리콘웨이퍼
자동차,741,자동차,741110,내연기관 트랙터(신차)
자동차,741,자동차,741120,내연기관 트랙터(중고차)
자동차,741,자동차,741130,하이브리드 트랙터(신차)
자동차,741,자동차,741140,하이브리드 트랙터(중고차)
자동차,741,자동차,741150,전기 트랙터(신차)
자동차,741,자동차,741160,전기 트랙터(중고차)
자동차,741,자동차,741210,내연기관 승합차(신차)
자동차,741,자동차,741220,내연기관 승합차(중고차)
자동차,741,자동차,741230,하이브리드 승합차(신차)
자동차,741,자동차,741240,하이브리드 승합차(중고차)
자동차,741,자동차,741250,전기 승합차(신차)
자동차,741,자동차,741260,전기 승합차(중고차)
자동차,741,자동차,741310,내연기관 승용차(신차)
자동차,741,자동차,741320,내연기관 승용차(중고차)
자동차,741,자동차,741330,하이브리드 승용차(신차)
자동차,741,자동차,741340,하이브리드 승용차(중고차)
자동차,741,자동차,741350,전기 승용차(신차)
자동차,741,자동차,741360,전기 승용차(중고차)
자동차,741,자동차,741410,내연기관 화물차(신차)
자동차,741,자동차,741420,내연기관 화물차(중고차)
자동차,741,자동차,741430,하이브리드 화물차(신차)
자동차,741,자동차,741440,하이브리드 화물차(중고차)
자동차,741,자동차,741450,전기 화물차(신차)
자동차,741,자동차,741460,전기 화물차(중고차)
자동차,741,자동차,741500,특장차
자동차,741,자동차,741600,기타자동차
자동차부품,742,자동차부품,742000,자동차부품
자동차부품,742,자동차부품,742010,자동차용내연기관
자동차부품,742,자동차부품,742130,차량용구동모터
선박,7461,선박,746110,여객선
선박,7461,선박,746120,화물선
선박,7461,선박,746130,어선
선박,7461,선박,746140,요트
선박,7461,선박,746151,아웃보드 모터보트
선박,7461,선박,746159,기타모터보트
선박,7461,선박,746160,예인선
선박,7461,선박,746170,군함
선박,7461,선박,746190,기타선박
디스플레이,736,평판 디스플레이 제조용 장비,736100,평판 디스플레이 제조용 장비
디스플레이,736,평판 디스플레이 제조용 장비,736200,평판 디스플레이 장비 부품
무선통신기기,812,무선통신기기,812130,코드 분할식 전화기
무선통신기기,812,무선통신기기,812140,시 분할식 전화기
무선통신기기,812,무선통신기기,812150,주파수 분할식전화기
무선통신기기,812,무선통신기기,812160,스마트폰
무선통신기기,812,무선통신기기,812190,기타무선전화기
무선통신기기,812,무선통신기기,812200,방송용통신기기
무선통신기기,812,무선통신기기,812410,TV카메라
무선통신기기,812,무선통신기기,812420,수상기
무선통신기기,812,무선통신기기,812510,위성방송수신기
무선통신기기,812,무선통신기기,812520,비디오튜너
무선통신기기,812,무선통신기기,812590,기타무선수신기
무선통신기기,812,무선통신기기,812610,레이더
무선통신기기,812,무선통신기기,812620,무선원격조절기
무선통신기기,812,무선통신기기,812720,무선중계기
무선통신기기,812,무선통신기기,812810,안테나
무선통신기기,812,무선통신기기,812820,스마트폰부품
무선통신기기,812,무선통신기기,812890,기타무선통신기기부품
컴퓨터,813,컴퓨터,813110,휴대용컴퓨터
컴퓨터,813,컴퓨터,813120,개인용컴퓨터
컴퓨터,813,컴퓨터,813220,HDD
컴퓨터,813,컴퓨터,813230,CDD
컴퓨터,813,컴퓨터,813240,DVD
컴퓨터,813,컴퓨터,813250,광디스크드라이브
컴퓨터,813,컴퓨터,813260,블루레이디스크드라이브
컴퓨터,813,컴퓨터,813290,기타보조기억장치
컴퓨터,813,컴퓨터,813310,레이저프린터
컴퓨터,813,컴퓨터,813320,도트프린터
컴퓨터,813,컴퓨터,813330,잉크젯프린터
컴퓨터,813,컴퓨터,813390,기타프린터
컴퓨터,813,컴퓨터,813420,데이터디스플레이장치
컴퓨터,813,컴퓨터,813510,스캐너
컴퓨터,813,컴퓨터,813520,키입력장치
컴퓨터,813,컴퓨터,813530,마우스
컴퓨터,813,컴퓨터,813590,기타컴퓨터주변기기
컴퓨터,813,컴퓨터,813610,메인보드
컴퓨터,813,컴퓨터,813690,기타컴퓨터부품
컴퓨터,813,컴퓨터,813700,소프트웨어
컴퓨터,813,컴퓨터,813800,전산기록매체
석유제품,133,석유제품,133110,항공휘발유
석유제품,133,석유제품,133120,자동차휘발유
석유제품,133,석유제품,133200,경유
석유제품,133,석유제품,133310,제트유
석유제품,133,석유제품,133320,등유
석유제품,133,석유제품,133400,나프타
석유제품,133,석유제품,133510,벙커-A유
석유제품,133,석유제품,133520,벙커-B유
석유제품,133,석유제품,133530,벙커-C유
석유제품,133,석유제품,133590,기타중유
석유제품,133,석유제품,133600,윤활유
석유제품,133,석유제품,133900,기타석유제품
석유화학,21,석유화학제품,211010,에틸렌
석유화학,21,석유화학제품,211020,프로필렌
석유화학,21,석유화학제품,211030,부타디엔
석유화학,21,석유화학제품,211040,벤젠
석유화학,21,석유화학제품,211050,톨루엔
석유화학,21,석유화학제품,211060,혼합크실렌
석유화학,21,석유화학제품,211090,기타기초유분
석유화학,21,석유화학제품,212010,오토크실렌
석유화학,21,석유화학제품,212020,파라크실렌
석유화학,21,석유화학제품,212030,스틸렌
석유화학,21,석유화학제품,212040,이염화에탄
석유화학,21,석유화학제품,212050,염화비닐모노마
석유화학,21,석유화학제품,212060,프로필렌옥사이드
석유화학,21,석유화학제품,212070,초산비닐
석유화학,21,석유화학제품,212080,메타아크릴산메틸
석유화학,21,석유화학제품,212090,기타석유화학중간원료
석유화학,21,석유화학제품,213010,에틸렌글리콜
석유화학,21,석유화학제품,213020,텔레프탈산
석유화학,21,석유화학제품,213030,텔레프탈산디메틸
석유화학,21,석유화학제품,213040,아크릴로니트닐
석유화학,21,석유화학제품,213050,카프로락탐
석유화학,21,석유화학제품,214001,저밀도에틸렌
석유화학,21,석유화학제품,214002,고밀도에틸렌
석유화학,21,석유화학제품,214003,발포성 폴리스티렌
석유화학,21,석유화학제품,214004,폴리프로필렌
석유화학,21,석유화학제품,214005,폴리스티렌
석유화학,21,석유화학제품,214006,ABS수지
석유화학,21,석유화학제품,214007,염화비닐수지
석유화학,21,석유화학제품,214008,폴리메타아크릴산메틸
석유화학,21,석유화학제품,214009,폴리페닐렌옥사이드
석유화학,21,석유화학제품,214010,실리콘수지
석유화학,21,석유화학제품,214011,아세탈수지
석유화학,21,석유화학제품,214012,에폭시수지
석유화학,21,석유화학제품,214013,폴리카보네이트
석유화학,21,석유화학제품,214014,폴리에스테르수지
석유화학,21,석유화학제품,214015,폴리아미드수지
석유화학,21,석유화학제품,214090,기타합성수지
석유화학,21,석유화학제품,215010,SNR-L(스티렌 변성 천연 고무-L)
석유화학,21,석유화학제품,215020,SBR(스티렌부타디엔 고무)
석유화학,21,석유화학제품,215030,폴리부타디엔고무
석유화학,21,석유화학제품,215040,부틸고무
석유화학,21,석유화학제품,215050,클로로프렌고무
석유화학,21,석유화학제품,215060,아크릴로니트닐부타디엔
석유화학,21,석유화학제품,215070,에틸렌프로필렌고무
석유화학,21,석유화학제품,215090,기타합성고무
석유화학,21,석유화학제품,219000,기타석유화학제품
철강,6,철강금속제품,611110,철및비합금강H형강
철강,6,철강금속제품,611120,철및비합금강L형강
철강,6,철강금속제품,611130,철및비합금강U형강
철강,6,철강금속제품,611190,철및비합금강기타형강
철강,6,철강금속제품,611200,스테인레스및합금강형강
철강,6,철강금속제품,612110,철및비합금강선재
철강,6,철강금속제품,612120,스테인레스및합금강선재
철강,6,철강금속제품,612210,철및비합금강봉강
철강,6,철강금속제품,612220,스테인레스및합금강봉강
철강,6,철강금속제품,612300,철근
철강,6,철강금속제품,613110,철및비합금강중후판
철강,6,철강금속제품,613120,스테인레스강중후판
철강,6,철강금속제품,613130,합금강중후판
철강,6,철강금속제품,613210,철및비합금강열연강판
철강,6,철강금속제품,613220,스테인레스강열연강판
철강,6,철강금속제품,613230,합금강열연강판
철강,6,철강금속제품,613310,철및비합금강냉연강판
철강,6,철강금속제품,613320,스테인레스강냉연강판
철강,6,철강금속제품,613330,합금강냉연강판
철강,6,철강금속제품,613410,용융아연도강판
철강,6,철강금속제품,613420,전기아연도강판
철강,6,철강금속제품,613430,착색아연도강판
철강,6,철강금속제품,613500,전기강판
철강,6,철강금속제품,613600,석도강판
철강,6,철강금속제품,613700,도금강판
철강,6,철강금속제품,614110,철및비합금강용접강관(대)
철강,6,철강금속제품,614120,철및비합금강용접강관(중소)
철강,6,철강금속제품,614130,무계목강관
철강,6,철강금속제품,614140,스테인레스강강관
철강,6,철강금속제품,614150,합금강강관
철강,6,철강금속제품,614210,철및비합금강강선
철강,6,철강금속제품,614220,스테인레스강강선
철강,6,철강금속제품,614230,합금강강선
철강,6,철강금속제품,615110,레일
철강,6,철강금속제품,615120,레일부속품
철강,6,철강금속제품,617110,주강
철강,6,철강금속제품,617120,단강
철강,6,철강금속제품,619110,블룸
철강,6,철강금속제품,619120,빌레트
철강,6,철강금속제품,619130,슬랩
철강,6,철강금속제품,619140,쉬트바
철강,6,철강금속제품,619190,기타강반제품
철강,6,철강금속제품,619200,기타철강제품
철강,6,철강금속제품,621110,알루미늄괴
철강,6,철강금속제품,621120,알루미늄스크랩
철강,6,철강금속제품,621210,알루미늄분
철강,6,철강금속제품,621220,알루미늄봉
철강,6,철강금속제품,621230,알루미늄선
철강,6,철강금속제품,621240,알루미늄판
철강,6,철강금속제품,621250,알루미늄박
철강,6,철강금속제품,621260,알루미늄관
철강,6,철강금속제품,621270,알루니늄관연결구류
철강,6,철강금속제품,621310,알루미늄구조물
철강,6,철강금속제품,621320,알루미늄용기
철강,6,철강금속제품,621400,알루미늄케이블
철강,6,철강금속제품,621900,기타알루미늄제품
철강,6,철강금속제품,622110,미정제동괴
철강,6,철강금속제품,622120,동괴
철강,6,철강금속제품,622130,동스크랩
철강,6,철강금속제품,622210,동분
철강,6,철강금속제품,622220,동봉
철강,6,철강금속제품,622230,동선
철강,6,철강금속제품,622240,동판
철강,6,철강금속제품,622250,동박
철강,6,철강금속제품,622260,동관
철강,6,철강금속제품,622270,동관연결구류
철강,6,철강금속제품,622900,기타동제품
철강,6,철강금속제품,623110,미정제니켈괴
철강,6,철강금속제품,623120,니켈괴
철강,6,철강금속제품,623130,니켈스크랩
철강,6,철강금속제품,623210,니켈분
철강,6,철강금속제품,623220,니켈봉및선재
철강,6,철강금속제품,623230,니켈박
철강,6,철강금속제품,623240,니켈판및대
철강,6,철강금속제품,623250,니켈관
철강,6,철강금속제품,623260,니켈관연결구류
철강,6,철강금속제품,623900,기타니켈제품
철강,6,철강금속제품,624110,마그네슘괴
철강,6,철강금속제품,624120,마그네슘스크랩
철강,6,철강금속제품,624200,마그네슘조가공품
철강,6,철강금속제품,624900,기타 마그네슘 제품
철강,6,철강금속제품,625110,연괴
철강,6,철강금속제품,625120,연스크랩
철강,6,철강금속제품,625210,연봉및선재
철강,6,철강금속제품,625220,연분
철강,6,철강금속제품,625230,연박
철강,6,철강금속제품,625240,연판및대
철강,6,철강금속제품,625250,연관및연결구류
철강,6,철강금속제품,625900,기타납제품
철강,6,철강금속제품,626110,아연괴
철강,6,철강금속제품,626120,아연스크랩
철강,6,철강금속제품,626210,아연분및더스트
철강,6,철강금속제품,626220,아연봉및선재
철강,6,철강금속제품,626230,아연판및대
철강,6,철강금속제품,626240,아연박
철강,6,철강금속제품,626250,아연관
철강,6,철강금속제품,626260,아연관연결구류
철강,6,철강금속제품,626900,기타아연제품
철강,6,철강금속제품,627110,주석괴
철강,6,철강금속제품,627120,주석스크랩
철강,6,철강금속제품,627210,주석분
철강,6,철강금속제품,627220,주석봉및선재
철강,6,철강금속제품,627230,주석판및대
철강,6,철강금속제품,627240,주석박
철강,6,철강금속제품,627900,기타주석제품
철강,6,철강금속제품,628110,텅스텐괴및스크랩
철강,6,철강금속제품,628190,기타텅스텐제품
철강,6,철강금속제품,628210,몰리브덴괴및스크랩
철강,6,철강금속제품,628290,기타몰리브덴제품
철강,6,철강금속제품,628300,망간제품
철강,6,철강금속제품,629000,기타비철금속제품
철강,6,철강금속제품,630100,칼
철강,6,철강금속제품,641000,주화
철강,6,철강금속제품,642000,못
철강,6,철강금속제품,643000,콘테이너
철강,6,철강금속제품,690000,기타철강금속제품
철강,6,철강금속제품,691110,망간철
철강,6,철강금속제품,691120,실리콘철
철강,6,철강금속제품,691130,실리콘망간철
철강,6,철강금속제품,691190,기타합금철
철강,6,철강금속제품,691210,주물용선철
철강,6,철강금속제품,691220,제강용선철
철강,6,철강금속제품,691290,기타선철
철강,6,철강금속제품,691310,직접환원철
철강,6,철강금속제품,691390,기타환원철
철강,6,철강금속제품,691400,고철
철강,6,철강금속제품,691900,기타철강제품
철강,6,철강금속제품,692110,철및비합금강H형강
철강,6,철강금속제품,692120,철및비합금강U형강
철강,6,철강금속제품,692130,철및비합금강기타형강
철강,6,철강금속제품,692210,철및비합금강연선
철강,6,철강금속제품,692220,스테인레스강연선
철강,6,철강금속제품,692230,철및비합금강와이어로프
철강,6,철강금속제품,692240,스테인레스와이어로프
철강,6,철강금속제품,692250,철및비합금강사슬
철강,6,철강금속제품,692260,철및비합금강유자선
철강,6,철강금속제품,692310,교량
철강,6,철강금속제품,692320,철탑
철강,6,철강금속제품,692330,모듈화된 빌딩유닛
철강,6,철강금속제품,692390,기타철구조물
철강,6,철강금속제품,692400,철강재용기
철강,6,철강금속제품,692500,철강재체인
철강,6,철강금속제품,692610,주철관
철강,6,철강금속제품,692620,주철제관연결구류
철강,6,철강금속제품,692690,기타주철
철강,6,철강금속제품,692900,기타철강제품
비철금속,62,비철금속제품,621110,알루미늄괴
비철금속,62,비철금속제품,621120,알루미늄스크랩
비철금속,62,비철금속제품,621210,알루미늄분
비철금속,62,비철금속제품,621220,알루미늄봉
비철금속,62,비철금속제품,621230,알루미늄선
비철금속,62,비철금속제품,621240,알루미늄판
비철금속,62,비철금속제품,621250,알루미늄박
비철금속,62,비철금속제품,621260,알루미늄관
비철금속,62,비철금속제품,621270,알루니늄관연결구류
비철금속,62,비철금속제품,621310,알루미늄구조물
비철금속,62,비철금속제품,621320,알루미늄용기
비철금속,62,비철금속제품,621400,알루미늄케이블
비철금속,62,비철금속제품,621900,기타알루미늄제품
비철금속,62,비철금속제품,622110,미정제동괴
비철금속,62,비철금속제품,622120,동괴
비철금속,62,비철금속제품,622130,동스크랩
비철금속,62,비철금속제품,622210,동분
비철금속,62,비철금속제품,622220,동봉
비철금속,62,비철금속제품,622230,동선
비철금속,62,비철금속제품,622240,동판
비철금속,62,비철금속제품,622250,동박
비철금속,62,비철금속제품,622260,동관
비철금속,62,비철금속제품,622270,동관연결구류
비철금속,62,비철금속제품,622900,기타동제품
비철금속,62,비철금속제품,623110,미정제니켈괴
비철금속,62,비철금속제품,623120,니켈괴
비철금속,62,비철금속제품,623130,니켈스크랩
비철금속,62,비철금속제품,623210,니켈분
비철금속,62,비철금속제품,623220,니켈봉및선재
비철금속,62,비철금속제품,623230,니켈박
비철금속,62,비철금속제품,623240,니켈판및대
비철금속,62,비철금속제품,623250,니켈관
비철금속,62,비철금속제품,623260,니켈관연결구류
비철금속,62,비철금속제품,623900,기타니켈제품
비철금속,62,비철금속제품,624110,마그네슘괴
비철금속,62,비철금속제품,624120,마그네슘스크랩
비철금속,62,비철금속제품,624200,마그네슘조가공품
비철금속,62,비철금속제품,624900,기타 마그네슘 제품
비철금속,62,비철금속제품,625110,연괴
비철금속,62,비철금속제품,625120,연스크랩
비철금속,62,비철금속제품,625210,연봉및선재
비철금속,62,비철금속제품,625220,연분
비철금속,62,비철금속제품,625230,연박
비철금속,62,비철금속제품,625240,연판및대
비철금속,62,비철금속제품,625250,연관및연결구류
비철금속,62,비철금속제품,625900,기타납제품
비철금속,62,비철금속제품,626110,아연괴
비철금속,62,비철금속제품,626120,아연스크랩
비철금속,62,비철금속제품,626210,아연분및더스트
비철금속,62,비철금속제품,626220,아연봉및선재
비철금속,62,비철금속제품,626230,아연판및대
비철금속,62,비철금속제품,626240,아연박
비철금속,62,비철금속제품,626250,아연관
비철금속,62,비철금속제품,626260,아연관연결구류
비철금속,62,비철금속제품,626900,기타아연제품
비철금속,62,비철금속제품,627110,주석괴
비철금속,62,비철금속제품,627120,주석스크랩
비철금속,62,비철금속제품,627210,주석분
비철금속,62,비철금속제품,627220,주석봉및선재
비철금속,62,비철금속제품,627230,주석판및대
비철금속,62,비철금속제품,627240,주석박
비철금속,62,비철금속제품,627900,기타주석제품
비철금속,62,비철금속제품,628110,텅스텐괴및스크랩
비철금속,62,비철금속제품,628190,기타텅스텐제품
비철금속,62,비철금속제품,628210,몰리브덴괴및스크랩
비철금속,62,비철금속제품,628290,기타몰리브덴제품
비철금속,62,비철금속제품,628300,망간제품
비철금속,62,비철금속제품,629000,기타비철금속제품
전기기기,84,전기기기,841110,원자로 및 부분품
전기기기,84,전기기기,841121,태양광 직류발전기
전기기기,84,전기기기,841129,기타직류발전기
전기기기,84,전기기기,841131,태양광 교류발전기
전기기기,84,전기기기,841139,기타교류발전기
전기기기,84,전기기기,841140,엔진결합발전세트
전기기기,84,전기기기,841150,풍력발전세트
전기기기,84,전기기기,841170,기타발전세트
전기기기,84,전기기기,841180,태양광모듈
전기기기,84,전기기기,841210,유입식 변압기
전기기기,84,전기기기,841220,건식 변압기
전기기기,84,전기기기,841230,변성기
전기기기,84,전기기기,841240,전압조정기
전기기기,84,전기기기,841310,고압 개폐기 및 차단기
전기기기,84,전기기기,841320,저압스위치 및 차단기
전기기기,84,전기기기,841330,고압회로접속기
전기기기,84,전기기기,841340,애자
전기기기,84,전기기기,841390,기타회로보호용기기
전기기기,84,전기기기,841420,고압배전반
전기기기,84,전기기기,841430,고압자동제어반
전기기기,84,전기기기,841440,전력량계
전기기기,84,전기기기,841510,저압케이블
전기기기,84,전기기기,841520,고압케이블
전기기기,84,전기기기,842110,권선
전기기기,84,전기기기,842120,동축케이블
전기기기,84,전기기기,842130,와이어하네스
전기기기,84,전기기기,842140,통신선
전기기기,84,전기기기,842150,절연코드세트
전기기기,84,전기기기,842160,광케이블
전기기기,84,전기기기,842210,소형전동기
전기기기,84,전기기기,842220,교류 및 직류겸용 전동기
전기기기,84,전기기기,842230,직류전동기
전기기기,84,전기기기,842310,안정기
전기기기,84,전기기기,842320,정류기
전기기기,84,전기기기,842330,무정전전원장치
전기기기,84,전기기기,842340,인버터
전기기기,84,전기기기,842350,밧데리충전기
전기기기,84,전기기기,842360,파워팩
전기기기,84,전기기기,842370,아답터
전기기기,84,전기기기,842380,파워서플라이
전기기기,84,전기기기,842390,기타정지형변환기
전기기기,84,전기기기,842410,실험실용 전기로
전기기기,84,전기기기,842420,금속공업용 전기로
전기기기,84,전기기기,842430,식품공업용 전기로
전기기기,84,전기기기,842490,기타용의 전기로
전기기기,84,전기기기,842510,수치제어반
전기기기,84,전기기기,842520,프로그램이 가능한 제어기
전기기기,84,전기기기,842530,자동제어반
전기기기,84,전기기기,842910,전자석
전기기기,84,전기기기,842990,기타 기기
전기기기,84,전기기기,849110,전동기 부분품
전기기기,84,전기기기,849120,발전기 부분품
전기기기,84,전기기기,849210,변환장치 부분품
전기기기,84,전기기기,849220,배전보드
전기기기,84,전기기기,849230,개폐기부분품
전기기기,84,전기기기,849240,차단기 부분품
전기기기,84,전기기기,849250,계전기 부분품
전기기기,84,전기기기,849260,제어반 부분품
전기기기,84,전기기기,849310,탄소 제품 부품
전기기기,84,전기기기,849490,기타 절연 제품 부품
전기기기,84,전기기기,849910,전자담배
전기기기,84,전기기기,849930,전기ㆍ전자 웨이스트와 스크랩
전기기기,84,전기기기,849990,기타 전기부품
바이오헬스,93,바이오헬스,931110,바이오의약품
바이오헬스,93,바이오헬스,931120,화학의약품
바이오헬스,93,바이오헬스,931210,바이오원료
바이오헬스,93,바이오헬스,931220,화학원료
바이오헬스,93,바이오헬스,932010,체외진단용시약
바이오헬스,93,바이오헬스,932020,치과용기기및재료
바이오헬스,93,바이오헬스,932030,영상진단장비
바이오헬스,93,바이오헬스,932040,미용및조직수복용
바이오헬스,93,바이오헬스,932050,안과및광학의료기기
바이오헬스,93,바이오헬스,932060,일반수술및처치용
바이오헬스,93,바이오헬스,932090,기타
화장품,2273,화장품,227310,"향수, 화장수"
화장품,2273,화장품,227320,"메이크업, 기초화장품"
화장품,2273,화장품,227330,두발용 제품
화장품,2273,화장품,227340,면도용 제품
화장품,2273,화장품,227350,인체용 탈취제
화장품,2273,화장품,227360,목욕용 제품
화장품,2273,화장품,227370,세안용품
화장품,2273,화장품,227390,기타화장품
생활용품,5,생활용품,511010,표면활성제
생활용품,5,생활용품,511020,왁스
생활용품,5,생활용품,511030,광택제 등
생활용품,5,생활용품,511040,구강및치과위생용품
생활용품,5,생활용품,511050,화장지 등
생활용품,5,생활용품,511060,면도용품
생활용품,5,생활용품,511070,빗자루
생활용품,5,생활용품,512110,항공기용의자
생활용품,5,생활용품,512120,차량용의자
생활용품,5,생활용품,512130,회전의자
생활용품,5,생활용품,512140,침대겸용의자
생활용품,5,생활용품,512150,그 밖의 의자
생활용품,5,생활용품,512160,의자 부분품
생활용품,5,생활용품,512190,기타가구
생활용품,5,생활용품,512210,침대
생활용품,5,생활용품,512300,식탁
생활용품,5,생활용품,512400,책상
생활용품,5,생활용품,512510,문갑
생활용품,5,생활용품,512520,화장대
생활용품,5,생활용품,512530,장롱
생활용품,5,생활용품,512900,기타가구
생활용품,5,생활용품,513100,피아노
생활용품,5,생활용품,513210,바이올린
생활용품,5,생활용품,513220,첼로
생활용품,5,생활용품,513290,기타현악기
생활용품,5,생활용품,513310,트럼펫
생활용품,5,생활용품,513390,기타관악기
생활용품,5,생활용품,513391,기타관악기
생활용품,5,생활용품,513392,기타관악기
생활용품,5,생활용품,513393,기타관악기
생활용품,5,생활용품,513394,기타관악기
생활용품,5,생활용품,513395,기타관악기
생활용품,5,생활용품,513400,타악기
생활용품,5,생활용품,513500,악기부분품
생활용품,5,생활용품,513900,기타악기
생활용품,5,생활용품,514110,당구용품
생활용품,5,생활용품,514120,볼링용품
생활용품,5,생활용품,514130,스키용품
생활용품,5,생활용품,514140,골프용품
생활용품,5,생활용품,514150,탁구용품
생활용품,5,생활용품,514160,테니스및배드민턴용품
생활용품,5,생활용품,514170,구기용공
생활용품,5,생활용품,514190,기타운동용구
생활용품,5,생활용품,514210,텐트및캠프용품
생활용품,5,생활용품,514220,낚시용구
생활용품,5,생활용품,514290,기타취미오락용구
생활용품,5,생활용품,515110,필기구
생활용품,5,생활용품,515120,미술용구
생활용품,5,생활용품,515130,사무용품
생활용품,5,생활용품,515190,기타문구
생활용품,5,생활용품,515210,인형
생활용품,5,생활용품,515220,승용완구
생활용품,5,생활용품,515230,조립식완구
생활용품,5,생활용품,515240,전자게임기
생활용품,5,생활용품,515250,오락용구
생활용품,5,생활용품,515290,기타완구
생활용품,5,생활용품,516110,자기제 식탁용품 및 주방용품
생활용품,5,생활용품,516120,도자제 식탁용품 및 주방용품
생활용품,5,생활용품,516130,유리제 식탁용품 및 주방용품
생활용품,5,생활용품,516140,철강제 식탁용품 및 주방용품
생활용품,5,생활용품,516150,구리제 식탁용품 및 주방용품
생활용품,5,생활용품,516160,알루미늄제 식탁용품 및 주방용품
생활용품,5,생활용품,516210,스푼
생활용품,5,생활용품,516220,포크
생활용품,5,생활용품,516290,기타
생활용품,5,생활용품,516300,접시세척기
생활용품,5,생활용품,516400,보온용기
생활용품,5,생활용품,517100,유모차
생활용품,5,생활용품,517210,유아용냅킨
생활용품,5,생활용품,517290,유아용냅킨
생활용품,5,생활용품,518110,안경렌즈
생활용품,5,생활용품,518120,안경테
생활용품,5,생활용품,518130,안경
생활용품,5,생활용품,518210,손목시계
생활용품,5,생활용품,518220,자명종시계
생활용품,5,생활용품,518230,벽시계
생활용품,5,생활용품,518240,전자시계
생활용품,5,생활용품,518250,시계줄
생활용품,5,생활용품,518260,차량·항공기·선박용 시계
생활용품,5,생활용품,518270,기타시계
생활용품,5,생활용품,518290,시계부품
생활용품,5,생활용품,518310,귀금속장식품
생활용품,5,생활용품,518320,금은 세공품
생활용품,5,생활용품,518330,진주 장식품
생활용품,5,생활용품,518340,모조 장식품
생활용품,5,생활용품,518410,가발
생활용품,5,생활용품,518440,가속눈썹
생활용품,5,생활용품,518490,기타
생활용품,5,생활용품,521110,우산
생활용품,5,생활용품,521120,양산
생활용품,5,생활용품,521210,장신구
생활용품,5,생활용품,521220,화장용품
생활용품,5,생활용품,521230,라이터
생활용품,5,생활용품,521290,기타휴대용품
생활용품,5,생활용품,524100,운동용 장갑
생활용품,5,생활용품,524200,마구용품
생활용품,5,생활용품,524300,수렵사격용품
생활용품,5,생활용품,525100,조화
생활용품,5,생활용품,525200,패각공예품
생활용품,5,생활용품,525300,유리공예품
생활용품,5,생활용품,525900,기타공예품
생활용품,5,생활용품,529000,기타 생활용품
섬유,4,섬유류,411100,폴리에스터 섬유
섬유,4,섬유류,411200,아크릴섬유
섬유,4,섬유류,411310,나일론섬유
섬유,4,섬유류,411320,아라미드섬유
섬유,4,섬유류,411900,기타합성섬유
섬유,4,섬유류,412100,비스코스섬유
섬유,4,섬유류,412200,아세테이트섬유
섬유,4,섬유류,412900,기타재생섬유
섬유,4,섬유류,413100,견원료
섬유,4,섬유류,413200,모원료
섬유,4,섬유류,413300,면원료
섬유,4,섬유류,413400,마원료
섬유,4,섬유류,413900,기타천연섬유원료
섬유,4,섬유류,421100,견사
섬유,4,섬유류,421210,소모사
섬유,4,섬유류,421220,방모사
섬유,4,섬유류,421290,기타모사
섬유,4,섬유류,421310,순면사
섬유,4,섬유류,421320,혼방면사
섬유,4,섬유류,421390,기타면사
섬유,4,섬유류,421910,마사
섬유,4,섬유류,421990,기타사
섬유,4,섬유류,422110,나일론사
섬유,4,섬유류,422120,아라미드사
섬유,4,섬유류,422130,타이어코드사
섬유,4,섬유류,422200,폴리에스터사
섬유,4,섬유류,422300,비스코스사
섬유,4,섬유류,422400,아세테이트사
섬유,4,섬유류,422500,탄소섬유사
섬유,4,섬유류,422900,기타인조섬유장섬유사
섬유,4,섬유류,423110,P/C사
섬유,4,섬유류,423120,P/W 방적사
섬유,4,섬유류,423190,기타폴리에스터방적사
섬유,4,섬유류,423210,A/C사
섬유,4,섬유류,423220,A/W사
섬유,4,섬유류,423290,기타아크릴방적사
섬유,4,섬유류,423900,기타인조섬유방적사
섬유,4,섬유류,431110,홀치기 견직물
섬유,4,섬유류,431190,기타순견직물
섬유,4,섬유류,431200,혼방견직물
섬유,4,섬유류,431900,견노일직물
섬유,4,섬유류,432100,소모직물
섬유,4,섬유류,432200,방모직물
섬유,4,섬유류,432900,기타모직물
섬유,4,섬유류,433110,생지
섬유,4,섬유류,433120,표백
섬유,4,섬유류,433130,염색
섬유,4,섬유류,433190,선염
섬유,4,섬유류,433210,생지
섬유,4,섬유류,433220,표백
섬유,4,섬유류,433230,염색
섬유,4,섬유류,433290,선염
섬유,4,섬유류,434100,나일론직물
섬유,4,섬유류,434200,폴리에스터직물
섬유,4,섬유류,434300,기타합섬직물
섬유,4,섬유류,434900,재생직물
섬유,4,섬유류,435110,P/C직물
섬유,4,섬유류,435120,P/W직물
섬유,4,섬유류,435190,기타폴리에스터직물
섬유,4,섬유류,435210,아크릴단섬유직물
섬유,4,섬유류,435220,기타 단섬유직물
섬유,4,섬유류,435910,순재생단섬유직물
섬유,4,섬유류,435990,혼방재생단섬유직물
섬유,4,섬유류,436000,편직물
섬유,4,섬유류,439100,마직물
섬유,4,섬유류,439200,타이어코드
섬유,4,섬유류,439300,자수포
섬유,4,섬유류,439400,파일셔어닐직물
섬유,4,섬유류,439500,부직포
섬유,4,섬유류,439610,탄소섬유직물
섬유,4,섬유류,439620,프리프레그
섬유,4,섬유류,439910,유리섬유 직물
섬유,4,섬유류,439920,글라스 울
섬유,4,섬유류,439990,기타의직물
섬유,4,섬유류,441101,코트 및 자켓
섬유,4,섬유류,441102,양복
섬유,4,섬유류,441103,양복상의
섬유,4,섬유류,441104,바지 및 스커트
섬유,4,섬유류,441105,드레스
섬유,4,섬유류,441106,남성아우터셔츠
섬유,4,섬유류,441107,블라우스
섬유,4,섬유류,441108,스웨터
섬유,4,섬유류,441109,언더셔츠
섬유,4,섬유류,441110,팬티
섬유,4,섬유류,441111,슬립
섬유,4,섬유류,441112,파운데이션
섬유,4,섬유류,441113,잠옷
섬유,4,섬유류,441114,가운
섬유,4,섬유류,441115,유아복
섬유,4,섬유류,441116,운동복
섬유,4,섬유류,441117,코팅제의류
섬유,4,섬유류,441118,기타편직제의류
섬유,4,섬유류,441190,기타의류
섬유,4,섬유류,441201,코트 및 자켓
섬유,4,섬유류,441202,신사복
섬유,4,섬유류,441203,여성양복
섬유,4,섬유류,441204,기타복(앙상블)
섬유,4,섬유류,441205,신사복상의
섬유,4,섬유류,441206,여성양복상의
섬유,4,섬유류,441207,남성바지
섬유,4,섬유류,441208,여성바지스커트
섬유,4,섬유류,441209,드레스
섬유,4,섬유류,441210,브라우스
섬유,4,섬유류,441211,스키슈트
섬유,4,섬유류,441212,기타운동복
섬유,4,섬유류,441213,남성셔츠
섬유,4,섬유류,441214,잠옷
섬유,4,섬유류,441215,기타내의실내복
섬유,4,섬유류,441216,유아용의류
섬유,4,섬유류,441217,코팅제의류
섬유,4,섬유류,441220,의류부속품 및 부분품
섬유,4,섬유류,441301,고무제의류
섬유,4,섬유류,441302,혁제의류
섬유,4,섬유류,441303,모피의류
섬유,4,섬유류,441401,양말
섬유,4,섬유류,441402,팬티호스 타이즈
섬유,4,섬유류,441403,장갑
섬유,4,섬유류,441404,손수건 스카프
섬유,4,섬유류,441405,넥타이
섬유,4,섬유류,441406,모자
섬유,4,섬유류,441407,벨트
섬유,4,섬유류,442110,직물제가방
섬유,4,섬유류,442120,가죽제가방
섬유,4,섬유류,442130,합성수지제가방
섬유,4,섬유류,442190,기타가방
섬유,4,섬유류,443110,등산화
섬유,4,섬유류,443120,스포츠화
섬유,4,섬유류,443130,구두
섬유,4,섬유류,443140,스키부츠
섬유,4,섬유류,443150,신발부분품
섬유,4,섬유류,443190,기타신발
섬유,4,섬유류,449001,양탄자
섬유,4,섬유류,449002,모포와 여행용러그
섬유,4,섬유류,449003,실내용품
섬유,4,섬유류,449004,포장용의 빈포대
섬유,4,섬유류,449005,텐트 및 캠핑용품
섬유,4,섬유류,449006,어망
섬유,4,섬유류,449007,로프
섬유,4,섬유류,449009,침구이불
섬유,4,섬유류,449010,기타 장갑
섬유,4,섬유류,449013,인조잔디
섬유,4,섬유류,449014,커튼
섬유,4,섬유류,449090,기타의 섬유제품
