산업,MTI3,MTI4,MTI6코드,품목명,매칭키워드
반도체,732,7321,732100,반도체제조용장비,반도체
반도체,732,7322,732200,반도체제조용장비부품,반도체
반도체,831,8311,831110,D램,D램
반도체,831,8311,831120,낸드,낸드
반도체,831,8311,831190,기타 메모리반도체,"반도체, 메모리"
반도체,831,8312,831210,프로세서와 컨트롤러,"프로세서, 컨트롤러"
반도체,831,8312,831230,기타 집적회로반도체,"반도체, 집적회로"
반도체,831,8312,831240,집적회로 반도체부품,"반도체, 집적회로"
반도체,831,8313,831330,반도체기반 트랜스듀서,반도체
반도체,831,8313,831340,개별소자 반도체부품,반도체
반도체,831,8313,831390,기타개별소자반도체,반도체
디스플레이,736,7361,736100,평판 디스플레이 제조용 장비,"디스플레이, 평판"
디스플레이,736,7362,736200,평판 디스플레이 장비 부품,"디스플레이, 평판"
디스플레이,813,8134,813420,데이터디스플레이장치,디스플레이
디스플레이,821,8211,821122,LCD TV(디지털의 것),LCD
디스플레이,837,8371,837110,LCD,LCD
디스플레이,837,8371,837120,OLED,OLED
디스플레이,837,8371,837130,"LCD, OLED 이외","LCD, OLED"
무선통신기기,811,8115,811500,유선통신기기부품,통신기기
무선통신기기,811,8119,811900,기타유선통신기기,통신기기
무선통신기기,812,8122,812200,방송용통신기기,통신기기
무선통신기기,812,8128,812890,기타무선통신기기부품,"무선통신, 통신기기"
컴퓨터,719,7191,719110,적층제조기계(3D프린터),프린터
컴퓨터,719,7192,719210,적층제조기계(3D프린터) 부품,프린터
컴퓨터,813,8131,813110,휴대용컴퓨터,컴퓨터
컴퓨터,813,8131,813120,개인용컴퓨터,컴퓨터
컴퓨터,813,8133,813310,레이저프린터,프린터
컴퓨터,813,8133,813320,도트프린터,프린터
컴퓨터,813,8133,813330,잉크젯프린터,프린터
컴퓨터,813,8133,813390,기타프린터,프린터
컴퓨터,813,8135,813510,스캐너,스캐너
컴퓨터,813,8135,813530,마우스,마우스
컴퓨터,813,8135,813590,기타컴퓨터주변기기,컴퓨터
컴퓨터,813,8136,813690,기타컴퓨터부품,컴퓨터
컴퓨터,813,8138,813800,전산기록매체,전산기록매체
가전,812,8124,812410,TV카메라,TV
가전,821,8211,821122,LCD TV(디지털의 것),TV
가전,821,8211,821143,기타 TV,TV
가전,821,8211,821170,칼라TV부품,TV
가전,821,8212,821210,흑백TV,TV
가전,823,8230,823010,냉장고(200리터이하),냉장고
가전,823,8230,823020,냉장고(200-400리터이하),냉장고
가전,823,8230,823030,냉장고(400리터이상),냉장고
가전,823,8230,823040,냉장고부품,냉장고
가전,824,8241,824100,세탁기,세탁기
가전,824,8242,824200,에어컨,에어컨
가전,824,8245,824500,진공청소기,청소기
가전,824,8245,824510,로봇청소기,청소기
가전,824,8249,824900,기타가정용회전기기,가정용
가전,825,8254,825400,전자레인지,전자레인지
가전,829,8291,829100,기타가정용전자,가정용
가전,829,8292,829200,기타가정용전자부품,가정용
자동차,133,1331,133120,자동차휘발유,자동차
자동차,320,3203,320310,승용차용타이어,승용차
자동차,741,7411,741130,하이브리드 트랙터(신차),하이브리드
자동차,741,7411,741140,하이브리드 트랙터(중고차),하이브리드
자동차,741,7412,741230,하이브리드 승합차(신차),하이브리드
자동차,741,7412,741240,하이브리드 승합차(중고차),하이브리드
자동차,741,7413,741310,내연기관 승용차(신차),승용차
자동차,741,7413,741320,내연기관 승용차(중고차),승용차
자동차,741,7413,741330,하이브리드 승용차(신차),"승용차, 하이브리드"
자동차,741,7413,741340,하이브리드 승용차(중고차),"승용차, 하이브리드"
자동차,741,7413,741350,전기 승용차(신차),승용차
자동차,741,7413,741360,전기 승용차(중고차),승용차
자동차,741,7414,741430,하이브리드 화물차(신차),하이브리드
자동차,741,7414,741440,하이브리드 화물차(중고차),하이브리드
자동차,741,7416,741600,기타자동차,자동차
자동차,742,7420,742000,자동차부품,자동차
자동차,742,7420,742010,자동차용내연기관,자동차
자동차부품,742,7420,742000,자동차부품,자동차부품
선박,518,5182,518260,차량·항공기·선박용 시계,선박
선박,746,7461,746120,화물선,화물선
선박,746,7461,746190,기타선박,선박
선박,746,7462,746200,해양구조물,해양구조물
선박,746,7463,746310,선박용증기터빈,선박
선박,746,7463,746320,선박용가스터빈,선박
선박,746,7463,746330,선박용불꽃점화식엔진,선박
선박,746,7463,746340,선박용압축점화식엔진,선박
선박,746,7464,746400,선박용 부품,선박
일반기계,711,7111,711190,기타금속절삭가공기계,기계
일반기계,711,7112,711220,기타금속성형가공기계,기계
일반기계,711,7113,711300,금속공작기계부품,"기계, 공작기계"
일반기계,713,7131,713100,섬유기계,기계
일반기계,713,7133,713300,피혁가공기계,기계
일반기계,713,7134,713400,섬유및피혁가공기계부품,기계
일반기계,713,7135,713510,고무플라스틱가공기계,기계
일반기계,713,7135,713520,고무플라스틱가공기계부품,기계
일반기계,713,7136,713610,화학기계,기계
일반기계,713,7136,713620,화학기계부품,기계
일반기계,714,7141,714100,제지기계,기계
일반기계,714,7142,714200,제본기계,기계
일반기계,714,7143,714300,지가공기계,기계
일반기계,714,7144,714400,인쇄기계,기계
일반기계,714,7145,714500,제지인쇄기계부품,기계
일반기계,715,7151,715110,식품가공기계,기계
일반기계,715,7151,715120,식품가공기계부품,기계
일반기계,715,7152,715210,식품포장기계,기계
일반기계,715,7152,715220,식품포장기계부품,기계
일반기계,716,7161,716110,목재가공기계,기계
일반기계,716,7161,716120,목재가공기계부품,기계
일반기계,716,7162,716210,광물가공기계,기계
일반기계,716,7162,716220,광물가공기계부품,기계
일반기계,716,7163,716310,유리가공기계,기계
일반기계,716,7163,716320,유리가공기계부품,기계
일반기계,719,7191,719110,적층제조기계(3D프린터),기계
일반기계,719,7191,719190,기타기계류,기계
일반기계,719,7192,719210,적층제조기계(3D프린터) 부품,기계
일반기계,719,7192,719290,기타기계류부품,기계
일반기계,721,7212,721210,광산기계,기계
일반기계,721,7212,721220,광산기계부품,기계
일반기계,722,7221,722100,경작기계,기계
일반기계,722,7222,722200,수확탈곡기계,기계
일반기계,722,7223,722300,낙농기계,기계
일반기계,722,7224,722400,농기계부품,기계
일반기계,722,7229,722900,기타농기계,기계
일반기계,723,7231,723190,기타운반하역기계,기계
일반기계,723,7232,723200,운반하역기계부품,기계
일반기계,729,7290,729010,기타산업기계,"기계, 산업기계"
일반기계,729,7290,729020,기타산업기계부품,"기계, 산업기계"
일반기계,761,7619,761900,기타기계요소,"기계, 기계요소"
일반기계,815,8151,815170,전기계측기,기계
석유제품,133,1331,133110,항공휘발유,휘발유
석유제품,133,1331,133120,자동차휘발유,휘발유
석유제품,133,1332,133200,경유,경유
석유제품,133,1333,133310,제트유,제트유
석유제품,133,1333,133320,등유,등유
석유제품,133,1334,133400,나프타,나프타
석유제품,133,1339,133900,기타석유제품,석유제품
석유화학,211,2110,211010,에틸렌,에틸렌
석유화학,211,2110,211020,프로필렌,프로필렌
석유화학,212,2120,212060,프로필렌옥사이드,프로필렌
석유화학,212,2120,212090,기타석유화학중간원료,석유화학
석유화학,213,2130,213010,에틸렌글리콜,에틸렌
석유화학,214,2140,214001,저밀도에틸렌,에틸렌
석유화학,214,2140,214002,고밀도에틸렌,에틸렌
석유화학,214,2140,214004,폴리프로필렌,프로필렌
석유화학,214,2140,214090,기타합성수지,합성수지
석유화학,215,2150,215070,에틸렌프로필렌고무,"에틸렌, 프로필렌"
석유화학,215,2150,215090,기타합성고무,합성고무
석유화학,219,2190,219000,기타석유화학제품,석유화학
석유화학,310,3103,310310,폴리에틸렌테레프탈레이트필름,에틸렌
석유화학,310,3103,310320,에틸렌중합체필름,에틸렌
석유화학,310,3103,310330,프로필렌중합체필름,프로필렌
석유화학,442,4421,442130,합성수지제가방,합성수지
이차전지,836,8361,836120,연축전지,축전지
이차전지,836,8361,836130,기타축전지,축전지
이차전지,836,8361,836140,축전지부품,축전지
철강,516,5161,516140,철강제 식탁용품 및 주방용품,철강
철강,612,6123,612300,철근,철근
철강,613,6132,613210,철및비합금강열연강판,"강판, 열연"
철강,613,6132,613220,스테인레스강열연강판,"강판, 열연"
철강,613,6132,613230,합금강열연강판,"강판, 열연"
철강,613,6133,613310,철및비합금강냉연강판,"강판, 냉연"
철강,613,6133,613320,스테인레스강냉연강판,"강판, 냉연"
철강,613,6133,613330,합금강냉연강판,"강판, 냉연"
철강,613,6134,613410,용융아연도강판,강판
철강,613,6134,613420,전기아연도강판,강판
철강,613,6134,613430,착색아연도강판,강판
철강,613,6135,613500,전기강판,강판
철강,613,6136,613600,석도강판,강판
철강,613,6137,613700,도금강판,강판
철강,619,6192,619200,기타철강제품,철강
철강,690,6900,690000,기타철강금속제품,철강
철강,691,6919,691900,기타철강제품,철강
철강,692,6924,692400,철강재용기,철강
철강,692,6925,692500,철강재체인,철강
철강,692,6929,692900,기타철강제품,철강
비철금속,021,0219,021900,기타산동물,동
비철금속,023,0231,023190,기타동물성유지,동
비철금속,023,0232,023290,기타동물뼈,동
비철금속,023,0233,023390,기타동물성한약재,동
비철금속,043,0439,043900,기타연체동물,동
비철금속,113,1130,113000,동광,동
비철금속,114,1140,114000,알루미늄광,알루미늄
비철금속,116,1160,116000,아연광,아연
비철금속,117,1170,117000,니켈광,니켈
비철금속,133,1331,133120,자동차휘발유,동
비철금속,441,4411,441116,운동복,동
비철금속,441,4412,441212,기타운동복,동
비철금속,514,5141,514190,기타운동용구,동
비철금속,516,5161,516150,구리제 식탁용품 및 주방용품,구리
비철금속,516,5161,516160,알루미늄제 식탁용품 및 주방용품,알루미늄
비철금속,524,5241,524100,운동용 장갑,동
비철금속,613,6134,613410,용융아연도강판,아연
비철금속,613,6134,613420,전기아연도강판,아연
비철금속,613,6134,613430,착색아연도강판,아연
비철금속,621,6211,621110,알루미늄괴,알루미늄
비철금속,621,6211,621120,알루미늄스크랩,알루미늄
비철금속,621,6212,621210,알루미늄분,알루미늄
비철금속,621,6212,621220,알루미늄봉,알루미늄
비철금속,621,6212,621230,알루미늄선,알루미늄
비철금속,621,6212,621240,알루미늄판,알루미늄
비철금속,621,6212,621250,알루미늄박,알루미늄
비철금속,621,6212,621260,알루미늄관,알루미늄
비철금속,621,6213,621310,알루미늄구조물,알루미늄
비철금속,621,6213,621320,알루미늄용기,알루미늄
비철금속,621,6214,621400,알루미늄케이블,알루미늄
비철금속,621,6219,621900,기타알루미늄제품,알루미늄
비철금속,622,6221,622110,미정제동괴,동
비철금속,622,6221,622120,동괴,동
비철금속,622,6221,622130,동스크랩,동
비철금속,622,6222,622210,동분,동
비철금속,622,6222,622220,동봉,동
비철금속,622,6222,622230,동선,동
비철금속,622,6222,622240,동판,동
비철금속,622,6222,622250,동박,동
비철금속,622,6222,622260,동관,동
비철금속,622,6222,622270,동관연결구류,동
비철금속,622,6229,622900,기타동제품,동
비철금속,623,6231,623110,미정제니켈괴,니켈
비철금속,623,6231,623120,니켈괴,니켈
비철금속,623,6231,623130,니켈스크랩,니켈
비철금속,623,6232,623210,니켈분,니켈
비철금속,623,6232,623220,니켈봉및선재,니켈
비철금속,623,6232,623230,니켈박,니켈
비철금속,623,6232,623240,니켈판및대,니켈
비철금속,623,6232,623250,니켈관,니켈
비철금속,623,6232,623260,니켈관연결구류,니켈
비철금속,623,6239,623900,기타니켈제품,니켈
비철금속,626,6261,626110,아연괴,아연
비철금속,626,6261,626120,아연스크랩,아연
비철금속,626,6262,626210,아연분및더스트,아연
비철금속,626,6262,626220,아연봉및선재,아연
비철금속,626,6262,626230,아연판및대,아연
비철금속,626,6262,626240,아연박,아연
비철금속,626,6262,626250,아연관,아연
비철금속,626,6262,626260,아연관연결구류,아연
비철금속,626,6269,626900,기타아연제품,아연
비철금속,629,6290,629000,기타비철금속제품,비철
비철금속,741,7416,741600,기타자동차,동
비철금속,742,7420,742000,자동차부품,동
비철금속,742,7420,742010,자동차용내연기관,동
비철금속,742,7421,742130,차량용구동모터,동
비철금속,747,7471,747130,무동력항공기,동
비철금속,752,7521,752160,원동기부품,동
비철금속,752,7521,752190,기타원동기,동
비철금속,761,7615,761500,전동축및기어,동
비철금속,763,7634,763490,기타전동공구,동
비철금속,814,8144,814410,현금자동처리기,동
비철금속,814,8145,814510,음료자동판매기,동
비철금속,814,8145,814520,식품자동판매기,동
비철금속,814,8145,814530,자동판매기부품,동
비철금속,814,8145,814590,기타자동판매기,동
비철금속,815,8153,815300,자동제어기,동
비철금속,815,8154,815400,자동제어기부품,동
비철금속,841,8414,841430,고압자동제어반,동
비철금속,842,8421,842120,동축케이블,동
비철금속,842,8422,842210,소형전동기,동
비철금속,842,8422,842220,교류 및 직류겸용 전동기,동
비철금속,842,8422,842230,직류전동기,동
비철금속,842,8425,842530,자동제어반,동
비철금속,849,8491,849110,전동기 부분품,동
비철금속,924,9240,924000,골동품,동
전기기기,621,6214,621400,알루미늄케이블,케이블
전기기기,841,8411,841121,태양광 직류발전기,발전기
전기기기,841,8411,841129,기타직류발전기,발전기
전기기기,841,8411,841131,태양광 교류발전기,발전기
전기기기,841,8411,841139,기타교류발전기,발전기
전기기기,841,8412,841210,유입식 변압기,변압기
전기기기,841,8412,841220,건식 변압기,변압기
전기기기,841,8413,841310,고압 개폐기 및 차단기,차단기
전기기기,841,8413,841320,저압스위치 및 차단기,차단기
전기기기,841,8415,841510,저압케이블,케이블
전기기기,841,8415,841520,고압케이블,케이블
전기기기,842,8421,842120,동축케이블,케이블
전기기기,842,8421,842160,광케이블,케이블
전기기기,842,8422,842210,소형전동기,전동기
전기기기,842,8422,842220,교류 및 직류겸용 전동기,전동기
전기기기,842,8422,842230,직류전동기,전동기
전기기기,849,8491,849110,전동기 부분품,전동기
전기기기,849,8491,849120,발전기 부분품,발전기
전기기기,849,8492,849240,차단기 부분품,차단기
바이오헬스,931,9311,931110,바이오의약품,"바이오, 의약품"
바이오헬스,931,9311,931120,화학의약품,의약품
바이오헬스,931,9312,931210,바이오원료,바이오
바이오헬스,932,9320,932010,체외진단용시약,진단
바이오헬스,932,9320,932030,영상진단장비,진단
바이오헬스,932,9320,932050,안과및광학의료기기,의료기기
농수산식품,013,0133,013300,농산물왁스,농산
농수산식품,015,0159,015940,과일주스,과일
농수산식품,016,0169,016900,기타농산가공품,농산
농수산식품,019,0190,019000,기타농산물,농산
농수산식품,031,0318,031840,목제장식품상자,식품
농수산식품,041,0419,041900,기타어류,어류
농수산식품,046,0461,046110,어류통조림,어류
농수산식품,046,0461,046190,기타수산물통조림,수산
농수산식품,046,0462,046290,기타염장수산물,수산
농수산식품,046,0463,046300,건조수산물,수산
농수산식품,046,0469,046900,기타수산가공품,수산
농수산식품,047,0470,047000,수산부산물,수산
농수산식품,049,0490,049090,기타수산물,수산
농수산식품,228,2283,228300,수산화나트륨,수산
농수산식품,242,2423,242300,도자기장식품,식품
농수산식품,243,2437,243700,유리식기및장식품,식품
농수산식품,518,5183,518310,귀금속장식품,식품
농수산식품,518,5183,518330,진주 장식품,식품
농수산식품,518,5183,518340,모조 장식품,식품
농수산식품,715,7151,715110,식품가공기계,식품
농수산식품,715,7151,715120,식품가공기계부품,식품
농수산식품,715,7152,715210,식품포장기계,식품
농수산식품,715,7152,715220,식품포장기계부품,식품
농수산식품,814,8145,814520,식품자동판매기,식품
농수산식품,842,8424,842430,식품공업용 전기로,식품
농수산식품,962,9620,962000,귀금속장식품,식품
화장품,227,2273,227310,"향수, 화장수",향수
화장품,227,2273,227320,"메이크업, 기초화장품","화장품, 메이크업, 기초화장품"
화장품,227,2273,227390,기타화장품,화장품
화장품,227,2279,227900,기타 화장품,화장품
생활용품,031,0318,031890,기타목재생활용품,생활용품
생활용품,511,5110,511040,구강및치과위생용품,위생용품
생활용품,512,5121,512190,기타가구,가구
생활용품,512,5129,512900,기타가구,가구
생활용품,516,5161,516110,자기제 식탁용품 및 주방용품,주방용품
생활용품,516,5161,516120,도자제 식탁용품 및 주방용품,주방용품
생활용품,516,5161,516130,유리제 식탁용품 및 주방용품,주방용품
생활용품,516,5161,516140,철강제 식탁용품 및 주방용품,주방용품
생활용품,516,5161,516150,구리제 식탁용품 및 주방용품,주방용품
생활용품,516,5161,516160,알루미늄제 식탁용품 및 주방용품,주방용품
생활용품,529,5290,529000,기타 생활용품,생활용품
생활용품,950,9509,950990,기타의료위생용품,위생용품
섬유,031,0315,031500,섬유판,섬유
섬유,411,4111,411100,폴리에스터 섬유,섬유
섬유,411,4112,411200,아크릴섬유,섬유
섬유,411,4113,411310,나일론섬유,섬유
섬유,411,4113,411320,아라미드섬유,섬유
섬유,411,4119,411900,기타합성섬유,섬유
섬유,412,4121,412100,비스코스섬유,섬유
섬유,412,4122,412200,아세테이트섬유,섬유
섬유,412,4129,412900,기타재생섬유,섬유
섬유,413,4139,413900,기타천연섬유원료,섬유
섬유,422,4225,422500,탄소섬유사,섬유
섬유,422,4229,422900,기타인조섬유장섬유사,섬유
섬유,423,4239,423900,기타인조섬유방적사,섬유
섬유,431,4311,431110,홀치기 견직물,직물
섬유,431,4311,431190,기타순견직물,직물
섬유,431,4312,431200,혼방견직물,직물
섬유,431,4319,431900,견노일직물,직물
섬유,432,4321,432100,소모직물,직물
섬유,432,4322,432200,방모직물,직물
섬유,432,4329,432900,기타모직물,직물
섬유,434,4341,434100,나일론직물,직물
섬유,434,4342,434200,폴리에스터직물,직물
섬유,434,4343,434300,기타합섬직물,직물
섬유,434,4349,434900,재생직물,직물
섬유,435,4351,435110,P/C직물,직물
섬유,435,4351,435120,P/W직물,직물
섬유,435,4351,435190,기타폴리에스터직물,직물
섬유,435,4352,435210,아크릴단섬유직물,"섬유, 직물"
섬유,435,4352,435220,기타 단섬유직물,"섬유, 직물"
섬유,435,4359,435910,순재생단섬유직물,"섬유, 직물"
섬유,435,4359,435990,혼방재생단섬유직물,"섬유, 직물"
섬유,436,4360,436000,편직물,직물
섬유,439,4391,439100,마직물,직물
섬유,439,4394,439400,파일셔어닐직물,직물
섬유,439,4396,439610,탄소섬유직물,"섬유, 직물"
섬유,439,4399,439910,유리섬유 직물,"섬유, 직물"
섬유,439,4399,439990,기타의직물,직물
섬유,441,4411,441117,코팅제의류,의류
섬유,441,4411,441118,기타편직제의류,의류
섬유,441,4411,441190,기타의류,의류
섬유,441,4412,441216,유아용의류,의류
섬유,441,4412,441217,코팅제의류,의류
섬유,441,4412,441220,의류부속품 및 부분품,의류
섬유,441,4413,441301,고무제의류,의류
섬유,441,4413,441302,혁제의류,의류
섬유,441,4413,441303,모피의류,의류
섬유,442,4421,442110,직물제가방,직물
섬유,449,4490,449090,기타의 섬유제품,섬유
섬유,713,7131,713100,섬유기계,섬유
섬유,713,7134,713400,섬유및피혁가공기계부품,섬유
