MTI6코드,품목명,원본파일,원본행
011110,쌀,KITA_MTI6_05..xls,95
011120,보리,KITA_MTI6_12.xls,19
011130,밀,KITA_MTI6_13.xls,52
011140,옥수수,KITA_MTI6_13.xls,18
011150,조,KITA_MTI6_13.xls,27
011160,수수,KITA_MTI6_13.xls,16
011190,기타곡류,KITA_MTI6_12.xls,40
011210,감자,KITA_MTI6_08.xls,72
011220,고구마,KITA_MTI6_11.xls,36
011230,타피오카,KITA_MTI6_13.xls,17
011290,기타서류,KITA_MTI6_12.xls,93
011310,대두,KITA_MTI6_12.xls,43
011320,녹두,KITA_MTI6_13.xls,47
011330,팥,KITA_MTI6_10.xls,51
011340,강낭콩,KITA_MTI6_13.xls,61
011350,완두,KITA_MTI6_12.xls,69
011390,기타두류,KITA_MTI6_11.xls,75
011410,쌀가루,KITA_MTI6_12.xls,24
011420,보리가루,KITA_MTI6_12.xls,63
011430,밀가루,KITA_MTI6_07.xls,93
011440,옥수수가루,KITA_MTI6_07.xls,84
011490,기타곡분,KITA_MTI6_09.xls,83
011510,땅콩,KITA_MTI6_11.xls,91
011520,참깨,KITA_MTI6_10.xls,86
011530,들깨,KITA_MTI6_11.xls,101
011540,해바라기씨,KITA_MTI6_13.xls,39
011550,피마자,KITA_MTI6_13.xls,71
011560,아마인,KITA_MTI6_13.xls,68
011590,기타채유종실,KITA_MTI6_10.xls,73
011601,사과,KITA_MTI6_11.xls,46
011602,배,KITA_MTI6_06.xls,73
011603,딸기,KITA_MTI6_05..xls,65
011604,복숭아,KITA_MTI6_11.xls,16
011605,살구,KITA_MTI6_13.xls,51
011606,자두,KITA_MTI6_11.xls,88
011607,대추,KITA_MTI6_12.xls,56
011608,버찌,KITA_MTI6_13.xls,36
011610,감,KITA_MTI6_09.xls,51
011611,키위,KITA_MTI6_09.xls,99
011612,매실,KITA_MTI6_13.xls,62
011613,대추야자,KITA_MTI6_13.xls,14
011614,무화과,KITA_MTI6_12.xls,68
011615,파인애플,KITA_MTI6_13.xls,9
011616,맹고,KITA_MTI6_12.xls,98
011617,바나나,KITA_MTI6_12.xls,62
011618,오렌지,KITA_MTI6_11.xls,90
011619,레몬,KITA_MTI6_12.xls,85
011620,감귤,KITA_MTI6_10.xls,13
011621,포도,KITA_MTI6_05..xls,96
011622,수박,KITA_MTI6_12.xls,84
011623,멜론,KITA_MTI6_11.xls,66
011624,참외,KITA_MTI6_10.xls,47
011690,기타과실,KITA_MTI6_09.xls,76
011900,기타곡실류,KITA_MTI6_11.xls,7
012101,배추,KITA_MTI6_09.xls,63
012102,양배추,KITA_MTI6_11.xls,11
012103,상추,KITA_MTI6_10.xls,32
012104,시금치,KITA_MTI6_12.xls,79
012105,무,KITA_MTI6_10.xls,19
012106,당근,KITA_MTI6_12.xls,16
012107,토마토,KITA_MTI6_09.xls,95
012108,오이,KITA_MTI6_11.xls,58
012109,호박,KITA_MTI6_10.xls,84
012110,가지,KITA_MTI6_13.xls,12
012111,양파,KITA_MTI6_11.xls,42
012112,파,KITA_MTI6_13.xls,11
012113,마늘,KITA_MTI6_11.xls,35
012114,부추,KITA_MTI6_13.xls,54
012115,아스파라거스,KITA_MTI6_12.xls,46
012116,고추,KITA_MTI6_05..xls,97
012117,생강,KITA_MTI6_12.xls,9
012118,겨자무,KITA_MTI6_13.xls,49
012119,깻잎,KITA_MTI6_11.xls,100
012190,기타채소,KITA_MTI6_07.xls,12
012201,장미,KITA_MTI6_11.xls,74
012202,국화,KITA_MTI6_12.xls,101
012203,튜립,KITA_MTI6_13.xls,64
012204,백합,KITA_MTI6_12.xls,37
012206,히아신스,KITA_MTI6_13.xls,76
012207,글라디올러스,KITA_MTI6_13.xls,95
012208,아이리스,KITA_MTI6_13.xls,78
012209,프리지아,KITA_MTI6_13.xls,79
012210,수선,KITA_MTI6_13.xls,80
012211,난초,KITA_MTI6_12.xls,8
012212,카네이션,KITA_MTI6_13.xls,81
012290,기타화초,KITA_MTI6_10.xls,30
012310,고사리,KITA_MTI6_12.xls,35
012320,죽순,KITA_MTI6_13.xls,24
012330,고비,KITA_MTI6_13.xls,82
012410,양송이,KITA_MTI6_13.xls,21
012420,영지버섯,KITA_MTI6_12.xls,88
012430,느타리버섯,KITA_MTI6_08.xls,10
012440,송이버섯,KITA_MTI6_12.xls,27
012450,표고버섯,KITA_MTI6_10.xls,98
012460,팽이버섯,KITA_MTI6_08.xls,21
012490,기타버섯류,KITA_MTI6_10.xls,61
012510,밤,KITA_MTI6_09.xls,21
012520,호두,KITA_MTI6_12.xls,39
012530,잣,KITA_MTI6_13.xls,55
012540,은행,KITA_MTI6_13.xls,25
012550,아몬드,KITA_MTI6_11.xls,68
012560,코코넛,KITA_MTI6_13.xls,66
012590,기타견과류,KITA_MTI6_10.xls,31
012910,잔디,KITA_MTI6_13.xls,57
012990,기타산식물,KITA_MTI6_11.xls,77
013110,대두유,KITA_MTI6_09.xls,100
013120,참기름,KITA_MTI6_08.xls,11
013130,들기름,KITA_MTI6_09.xls,102
013140,올리브유,KITA_MTI6_10.xls,83
013190,기타식물성유지,KITA_MTI6_08.xls,32
013210,마아가린,KITA_MTI6_12.xls,36
013290,기타유지가공품,KITA_MTI6_03.xls,92
013300,농산물왁스,KITA_MTI6_12.xls,70
013400,식물성액즙,KITA_MTI6_06.xls,35
013500,박류,KITA_MTI6_07.xls,51
013600,사료,KITA_MTI6_03.xls,96
013900,기타식물성물질,KITA_MTI6_10.xls,16
014100,빵제조용재료,KITA_MTI6_06.xls,24
014200,효모류,KITA_MTI6_08.xls,58
014310,간장,KITA_MTI6_07.xls,78
014320,된장,KITA_MTI6_08.xls,71
014330,고추장,KITA_MTI6_05..xls,102
014340,토마토케찹,KITA_MTI6_09.xls,56
014350,겨자,KITA_MTI6_11.xls,15
014360,마요네스,KITA_MTI6_08.xls,15
014370,카레,KITA_MTI6_09.xls,91
014390,기타소스류,KITA_MTI6_03.xls,74
014400,향신료,KITA_MTI6_12.xls,23
014500,지방성물질,KITA_MTI6_07.xls,46
014900,기타식물성재료,KITA_MTI6_09.xls,65
015110,커피,KITA_MTI6_08.xls,62
015120,커피조제품,KITA_MTI6_03.xls,57
015210,초코렛,KITA_MTI6_07.xls,62
015220,코코아조제품,KITA_MTI6_06.xls,19
015310,녹차,KITA_MTI6_08.xls,98
015320,홍차,KITA_MTI6_09.xls,70
015410,잎담배,KITA_MTI6_06.xls,103
015420,제조담배,KITA_MTI6_02.xls,62
015510,수삼,KITA_MTI6_10.xls,87
015520,백삼,KITA_MTI6_09.xls,49
015530,홍삼,KITA_MTI6_05..xls,26
015590,인삼의 기타 부분,KITA_MTI6_11.xls,17
015600,식물성한약재,KITA_MTI6_10.xls,11
015710,소주,KITA_MTI6_05..xls,55
015720,맥주,KITA_MTI6_05..xls,50
015730,인삼주,KITA_MTI6_12.xls,57
015740,포도주,KITA_MTI6_11.xls,95
015750,위스키,KITA_MTI6_10.xls,99
015760,브랜디,KITA_MTI6_12.xls,22
015790,기타주류,KITA_MTI6_04.xls,70
015810,원당,KITA_MTI6_12.xls,29
015820,정당,KITA_MTI6_05..xls,17
015830,당밀,KITA_MTI6_12.xls,66
015890,기타당류,KITA_MTI6_06.xls,20
015910,물,KITA_MTI6_04.xls,62
015920,음료베이스,KITA_MTI6_06.xls,43
015930,인삼음료,KITA_MTI6_06.xls,21
015940,과일주스,KITA_MTI6_04.xls,82
015990,기타음료,KITA_MTI6_03.xls,20
016110,검,KITA_MTI6_09.xls,48
016120,사탕,KITA_MTI6_05..xls,27
016130,비스킷,KITA_MTI6_04.xls,68
016200,곡류가공품,KITA_MTI6_04.xls,46
016300,빵,KITA_MTI6_03.xls,91
016400,면류,KITA_MTI6_01.xls,65
016500,빙과류,KITA_MTI6_04.xls,97
016900,기타농산가공품,KITA_MTI6_02.xls,93
017000,종자류,KITA_MTI6_06.xls,34
019000,기타농산물,KITA_MTI6_13.xls,35
021110,소,KITA_MTI6_13.xls,41
021120,돼지,KITA_MTI6_13.xls,83
021130,말,KITA_MTI6_10.xls,70
021190,기타가축,KITA_MTI6_09.xls,85
021210,닭,KITA_MTI6_12.xls,87
021220,오리,KITA_MTI6_13.xls,84
021900,기타산동물,KITA_MTI6_10.xls,40
022110,쇠고기,KITA_MTI6_09.xls,32
022120,돼지고기,KITA_MTI6_06.xls,71
022130,양고기,KITA_MTI6_13.xls,30
022190,기타가축육류,KITA_MTI6_13.xls,58
022210,닭고기,KITA_MTI6_05..xls,44
022220,오리고기,KITA_MTI6_13.xls,6
022230,칠면조고기,KITA_MTI6_13.xls,33
022290,기타가금육류,KITA_MTI6_09.xls,33
022910,식용곤충,KITA_MTI6_13.xls,22
022990,기타육류,KITA_MTI6_12.xls,92
023110,우지,KITA_MTI6_08.xls,46
023120,돈지,KITA_MTI6_13.xls,85
023190,기타동물성유지,KITA_MTI6_10.xls,49
023210,상아,KITA_MTI6_13.xls,75
023290,기타동물뼈,KITA_MTI6_13.xls,86
023310,녹용,KITA_MTI6_10.xls,95
023320,웅담,KITA_MTI6_13.xls,34
023390,기타동물성한약재,KITA_MTI6_09.xls,50
023900,기타축산물부산물,KITA_MTI6_07.xls,94
024110,소시지,KITA_MTI6_08.xls,76
024190,기타육류가공품,KITA_MTI6_09.xls,27
024210,꿀,KITA_MTI6_12.xls,58
024220,로얄제리,KITA_MTI6_02.xls,52
024310,우유,KITA_MTI6_09.xls,64
024320,분유,KITA_MTI6_05..xls,94
024330,버터,KITA_MTI6_12.xls,52
024340,치이즈,KITA_MTI6_08.xls,48
024350,발효유,KITA_MTI6_11.xls,98
024390,기타낙농품,KITA_MTI6_06.xls,17
024400,난류,KITA_MTI6_10.xls,21
024500,단백질류,KITA_MTI6_05..xls,88
025000,모류,KITA_MTI6_06.xls,33
031100,원목,KITA_MTI6_12.xls,38
031200,제재목,KITA_MTI6_09.xls,42
031310,합판,KITA_MTI6_09.xls,84
031320,단판적층재(LVL),KITA_MTI6_13.xls,32
031400,단판,KITA_MTI6_10.xls,28
031500,섬유판,KITA_MTI6_08.xls,65
031600,파티클보드,KITA_MTI6_11.xls,83
031710,구조용공학목재,KITA_MTI6_13.xls,26
031790,기타건축용목제품,KITA_MTI6_10.xls,15
031810,목재틀,KITA_MTI6_11.xls,14
031820,젓가락,KITA_MTI6_12.xls,42
031830,목제식탁용품,KITA_MTI6_10.xls,78
031840,목제장식품상자,KITA_MTI6_10.xls,58
031890,기타목재생활용품,KITA_MTI6_11.xls,47
031900,기타목재류,KITA_MTI6_06.xls,63
032100,수목류,KITA_MTI6_11.xls,69
032200,종자류,KITA_MTI6_12.xls,47
033100,코르크,KITA_MTI6_11.xls,99
033200,천연고무,KITA_MTI6_07.xls,65
033900,기타임산부산물,KITA_MTI6_07.xls,30
041100,참치,KITA_MTI6_04.xls,12
041200,조기,KITA_MTI6_11.xls,45
041300,갈치,KITA_MTI6_09.xls,18
041400,명태,KITA_MTI6_07.xls,8
041500,넙치,KITA_MTI6_06.xls,62
041600,가자미,KITA_MTI6_12.xls,102
041700,대구,KITA_MTI6_06.xls,30
041800,뱀장어,KITA_MTI6_11.xls,59
041900,기타어류,KITA_MTI6_02.xls,80
042100,새우,KITA_MTI6_09.xls,104
042210,꽃게,KITA_MTI6_08.xls,35
042290,기타게,KITA_MTI6_04.xls,44
042300,바다가재,KITA_MTI6_12.xls,91
042900,기타갑각류,KITA_MTI6_10.xls,101
043100,오징어,KITA_MTI6_05..xls,61
043200,문어,KITA_MTI6_09.xls,68
043300,낙지,KITA_MTI6_11.xls,79
043400,굴,KITA_MTI6_06.xls,22
043510,피조개,KITA_MTI6_08.xls,89
043590,기타조개,KITA_MTI6_06.xls,12
043900,기타연체동물,KITA_MTI6_06.xls,93
044100,김,KITA_MTI6_03.xls,10
044200,톳,KITA_MTI6_08.xls,36
044300,미역,KITA_MTI6_06.xls,53
044400,한천,KITA_MTI6_09.xls,7
044900,기타해조류,KITA_MTI6_08.xls,83
045100,어육,KITA_MTI6_03.xls,51
045210,명란,KITA_MTI6_07.xls,79
045290,기타어란,KITA_MTI6_09.xls,86
046110,어류통조림,KITA_MTI6_07.xls,23
046190,기타수산물통조림,KITA_MTI6_07.xls,31
046210,새우젓,KITA_MTI6_10.xls,82
046220,염장어란,KITA_MTI6_12.xls,6
046290,기타염장수산물,KITA_MTI6_12.xls,14
046300,건조수산물,KITA_MTI6_08.xls,101
046900,기타수산가공품,KITA_MTI6_02.xls,27
047000,수산부산물,KITA_MTI6_08.xls,29
049010,"고운 가루, 거친 가루와 펠릿",KITA_MTI6_13.xls,44
049090,기타수산물,KITA_MTI6_08.xls,30
111100,금,KITA_MTI6_01.xls,33
111200,은,KITA_MTI6_01.xls,40
111300,백금,KITA_MTI6_02.xls,63
112000,철광,KITA_MTI6_08.xls,25
113000,동광,KITA_MTI6_03.xls,67
114000,알루미늄광,KITA_MTI6_12.xls,17
115000,주석광,KITA_MTI6_12.xls,59
116000,아연광,KITA_MTI6_06.xls,87
117000,니켈광,KITA_MTI6_11.xls,87
119010,"슬래그, 회(灰)와 잔재물",KITA_MTI6_13.xls,38
119090,기타금속광물,KITA_MTI6_02.xls,46
121000,흑연,KITA_MTI6_10.xls,46
122000,소금,KITA_MTI6_08.xls,17
123000,고령토,KITA_MTI6_10.xls,37
124000,석회석,KITA_MTI6_09.xls,71
129000,기타비금속광물,KITA_MTI6_02.xls,98
131000,원유,KITA_MTI6_13.xls,63
132100,무연탄,KITA_MTI6_12.xls,72
132200,유연탄,KITA_MTI6_13.xls,87
132300,갈탄,KITA_MTI6_13.xls,88
132400,토탄,KITA_MTI6_12.xls,74
132900,기타석탄,KITA_MTI6_11.xls,43
133110,항공휘발유,KITA_MTI6_06.xls,79
133120,자동차휘발유,KITA_MTI6_01.xls,18
133200,경유,KITA_MTI6_01.xls,12
133310,제트유,KITA_MTI6_01.xls,20
133320,등유,KITA_MTI6_03.xls,7
133400,나프타,KITA_MTI6_01.xls,62
133510,벙커-A유,KITA_MTI6_09.xls,53
133520,벙커-B유,KITA_MTI6_13.xls,89
133530,벙커-C유,KITA_MTI6_02.xls,81
133590,기타중유,KITA_MTI6_08.xls,41
133600,윤활유,KITA_MTI6_01.xls,26
133900,기타석유제품,KITA_MTI6_01.xls,95
134010,LNG(액상천연가스),KITA_MTI6_08.xls,19
134020,PNG(배관천연가스),KITA_MTI6_13.xls,74
135010,프로판,KITA_MTI6_06.xls,23
135020,부탄,KITA_MTI6_04.xls,51
136000,우라늄,KITA_MTI6_03.xls,48
190000,기타광산물,KITA_MTI6_11.xls,62
211010,에틸렌,KITA_MTI6_01.xls,85
211020,프로필렌,KITA_MTI6_01.xls,97
211030,부타디엔,KITA_MTI6_03.xls,75
211040,벤젠,KITA_MTI6_01.xls,55
211050,톨루엔,KITA_MTI6_03.xls,30
211060,혼합크실렌,KITA_MTI6_02.xls,11
211090,기타기초유분,KITA_MTI6_04.xls,11
212010,오토크실렌,KITA_MTI6_05..xls,59
212020,파라크실렌,KITA_MTI6_01.xls,37
212030,스틸렌,KITA_MTI6_04.xls,5
212040,이염화에탄,KITA_MTI6_04.xls,95
212050,염화비닐모노마,KITA_MTI6_05..xls,11
212060,프로필렌옥사이드,KITA_MTI6_08.xls,69
212070,초산비닐,KITA_MTI6_05..xls,7
212080,메타아크릴산메틸,KITA_MTI6_07.xls,9
212090,기타석유화학중간원료,KITA_MTI6_10.xls,89
213010,에틸렌글리콜,KITA_MTI6_05..xls,62
213020,텔레프탈산,KITA_MTI6_01.xls,86
213030,텔레프탈산디메틸,KITA_MTI6_05..xls,67
213040,아크릴로니트닐,KITA_MTI6_03.xls,61
213050,카프로락탐,KITA_MTI6_13.xls,65
214001,저밀도에틸렌,KITA_MTI6_01.xls,60
214002,고밀도에틸렌,KITA_MTI6_01.xls,77
214003,발포성 폴리스티렌,KITA_MTI6_05..xls,70
214004,폴리프로필렌,KITA_MTI6_01.xls,42
214005,폴리스티렌,KITA_MTI6_02.xls,94
214006,ABS수지,KITA_MTI6_01.xls,71
214007,염화비닐수지,KITA_MTI6_02.xls,101
214008,폴리메타아크릴산메틸,KITA_MTI6_01.xls,67
214009,폴리페닐렌옥사이드,KITA_MTI6_05..xls,14
214010,실리콘수지,KITA_MTI6_03.xls,77
214011,아세탈수지,KITA_MTI6_03.xls,43
214012,에폭시수지,KITA_MTI6_02.xls,30
214013,폴리카보네이트,KITA_MTI6_01.xls,91
214014,폴리에스테르수지,KITA_MTI6_02.xls,14
214015,폴리아미드수지,KITA_MTI6_03.xls,42
214090,기타합성수지,KITA_MTI6_01.xls,27
215010,SNR-L(스티렌 변성 천연 고무-L),KITA_MTI6_06.xls,13
215020,SBR(스티렌부타디엔 고무),KITA_MTI6_02.xls,8
215030,폴리부타디엔고무,KITA_MTI6_02.xls,82
215040,부틸고무,KITA_MTI6_11.xls,64
215050,클로로프렌고무,KITA_MTI6_10.xls,76
215060,아크릴로니트닐부타디엔,KITA_MTI6_03.xls,93
215070,에틸렌프로필렌고무,KITA_MTI6_03.xls,13
215090,기타합성고무,KITA_MTI6_02.xls,83
219000,기타석유화학제품,KITA_MTI6_01.xls,36
221100,염료,KITA_MTI6_03.xls,23
221200,안료,KITA_MTI6_02.xls,20
222100,도료,KITA_MTI6_02.xls,57
223000,접착제,KITA_MTI6_03.xls,14
224010,윤활제,KITA_MTI6_04.xls,73
225010,현상하지않은필름,KITA_MTI6_04.xls,40
225030,현상한영화필름,KITA_MTI6_04.xls,90
225090,기타사진영화용재료,KITA_MTI6_02.xls,74
226110,농약,KITA_MTI6_02.xls,39
226120,농약원제,KITA_MTI6_04.xls,91
227100,비누,KITA_MTI6_08.xls,7
227310,"향수, 화장수",KITA_MTI6_05..xls,89
227320,"메이크업, 기초화장품",KITA_MTI6_01.xls,19
227330,두발용 제품,KITA_MTI6_03.xls,5
227340,면도용 제품,KITA_MTI6_11.xls,97
227350,인체용 탈취제,KITA_MTI6_09.xls,92
227360,목욕용 제품,KITA_MTI6_09.xls,54
227370,세안용품,KITA_MTI6_02.xls,84
227390,기타화장품,KITA_MTI6_02.xls,22
227900,기타 화장품,KITA_MTI6_06.xls,102
228100,황산,KITA_MTI6_04.xls,52
228200,암모니아수,KITA_MTI6_06.xls,37
228300,수산화나트륨,KITA_MTI6_04.xls,19
228400,과산화수소,KITA_MTI6_05..xls,54
228900,기타정밀화학원료,KITA_MTI6_01.xls,28
229090,기타정밀화학제품,KITA_MTI6_01.xls,104
231000,질소비료,KITA_MTI6_07.xls,81
232000,인산비료,KITA_MTI6_12.xls,78
233000,칼륨비료,KITA_MTI6_08.xls,70
234000,복합비료,KITA_MTI6_03.xls,52
239000,기타비료,KITA_MTI6_05..xls,19
241010,시멘트크링커,KITA_MTI6_05..xls,45
241020,백시멘트,KITA_MTI6_11.xls,65
241030,포트랜드시멘트,KITA_MTI6_07.xls,59
241090,기타시멘트,KITA_MTI6_08.xls,73
242100,타일,KITA_MTI6_10.xls,67
242300,도자기장식품,KITA_MTI6_11.xls,49
242400,위생용기,KITA_MTI6_09.xls,13
242900,기타타일및도자기제품,KITA_MTI6_03.xls,83
243100,판유리,KITA_MTI6_02.xls,33
243200,안전유리,KITA_MTI6_04.xls,84
243300,유리거울,KITA_MTI6_05..xls,43
243400,유리용기,KITA_MTI6_06.xls,49
243500,광학유리,KITA_MTI6_08.xls,100
243700,유리식기및장식품,KITA_MTI6_09.xls,75
243800,유리제벌브,KITA_MTI6_13.xls,15
243900,기타유리제품,KITA_MTI6_03.xls,8
249000,기타요업제품,KITA_MTI6_04.xls,28
251100,펄프,KITA_MTI6_07.xls,21
251200,고지,KITA_MTI6_05..xls,72
252100,신문용지,KITA_MTI6_06.xls,75
252200,인쇄용지,KITA_MTI6_02.xls,36
252300,화장지,KITA_MTI6_08.xls,88
252400,벽지,KITA_MTI6_07.xls,24
252500,크라프트지,KITA_MTI6_07.xls,104
252600,백판지,KITA_MTI6_05..xls,13
252700,골판지원지,KITA_MTI6_04.xls,16
252900,기타종이제품,KITA_MTI6_02.xls,29
261000,석면제품,KITA_MTI6_11.xls,10
262000,운모제품,KITA_MTI6_07.xls,80
271000,마찰제품,KITA_MTI6_08.xls,45
272000,연마제품,KITA_MTI6_03.xls,99
290010,비연소 담배대용물,KITA_MTI6_03.xls,95
290020,잔재물과 폐기물,KITA_MTI6_11.xls,60
290090,기타화학공업제품,KITA_MTI6_01.xls,48
310100,플라스틱깔개및벽피복,KITA_MTI6_02.xls,59
310200,플라스틱관,KITA_MTI6_03.xls,41
310310,폴리에틸렌테레프탈레이트필름,KITA_MTI6_02.xls,6
310320,에틸렌중합체필름,KITA_MTI6_03.xls,55
310330,프로필렌중합체필름,KITA_MTI6_03.xls,34
310340,폴리아미드필름,KITA_MTI6_07.xls,6
310900,기타플라스틱제품,KITA_MTI6_01.xls,25
320100,고무벨트,KITA_MTI6_06.xls,14
320200,고무관,KITA_MTI6_04.xls,14
320310,승용차용타이어,KITA_MTI6_01.xls,52
320320,버스및화물차용타이어,KITA_MTI6_02.xls,72
320390,기타타이어,KITA_MTI6_05..xls,51
320400,타이어튜브,KITA_MTI6_05..xls,77
320900,기타고무제품,KITA_MTI6_02.xls,40
331100,소가죽,KITA_MTI6_09.xls,11
331200,양가죽,KITA_MTI6_10.xls,33
331900,기타가죽,KITA_MTI6_03.xls,98
332000,가죽제품,KITA_MTI6_06.xls,86
333100,밍크모피,KITA_MTI6_12.xls,33
333200,여우모피,KITA_MTI6_12.xls,48
333300,인조모피,KITA_MTI6_12.xls,76
333900,기타모피,KITA_MTI6_12.xls,30
411100,폴리에스터 섬유,KITA_MTI6_02.xls,90
411200,아크릴섬유,KITA_MTI6_05..xls,49
411310,나일론섬유,KITA_MTI6_10.xls,57
411320,아라미드섬유,KITA_MTI6_06.xls,18
411900,기타합성섬유,KITA_MTI6_04.xls,85
412100,비스코스섬유,KITA_MTI6_12.xls,7
412200,아세테이트섬유,KITA_MTI6_05..xls,73
412900,기타재생섬유,KITA_MTI6_12.xls,55
413100,견원료,KITA_MTI6_13.xls,73
413200,모원료,KITA_MTI6_12.xls,20
413300,면원료,KITA_MTI6_08.xls,47
413400,마원료,KITA_MTI6_13.xls,40
413900,기타천연섬유원료,KITA_MTI6_13.xls,53
421100,견사,KITA_MTI6_13.xls,60
421210,소모사,KITA_MTI6_09.xls,93
421220,방모사,KITA_MTI6_08.xls,81
421290,기타모사,KITA_MTI6_11.xls,39
421310,순면사,KITA_MTI6_07.xls,16
421320,혼방면사,KITA_MTI6_10.xls,56
421390,기타면사,KITA_MTI6_11.xls,72
421910,마사,KITA_MTI6_12.xls,34
421990,기타사,KITA_MTI6_08.xls,16
422110,나일론사,KITA_MTI6_06.xls,89
422120,아라미드사,KITA_MTI6_04.xls,69
422130,타이어코드사,KITA_MTI6_13.xls,90
422200,폴리에스터사,KITA_MTI6_04.xls,18
422300,비스코스사,KITA_MTI6_09.xls,89
422400,아세테이트사,KITA_MTI6_10.xls,48
422500,탄소섬유사,KITA_MTI6_04.xls,98
422900,기타인조섬유장섬유사,KITA_MTI6_04.xls,21
423110,P/C사,KITA_MTI6_12.xls,67
423120,P/W 방적사,KITA_MTI6_10.xls,75
423190,기타폴리에스터방적사,KITA_MTI6_08.xls,99
423210,A/C사,KITA_MTI6_10.xls,88
423220,A/W사,KITA_MTI6_13.xls,37
423290,기타아크릴방적사,KITA_MTI6_10.xls,71
423900,기타인조섬유방적사,KITA_MTI6_08.xls,53
431110,홀치기 견직물,KITA_MTI6_13.xls,72
431190,기타순견직물,KITA_MTI6_08.xls,12
431200,혼방견직물,KITA_MTI6_10.xls,23
431900,견노일직물,KITA_MTI6_13.xls,48
432100,소모직물,KITA_MTI6_07.xls,85
432200,방모직물,KITA_MTI6_09.xls,19
432900,기타모직물,KITA_MTI6_13.xls,67
433110,생지,KITA_MTI6_10.xls,97
433120,표백,KITA_MTI6_10.xls,62
433130,염색,KITA_MTI6_04.xls,64
433190,선염,KITA_MTI6_09.xls,59
433210,생지,KITA_MTI6_10.xls,52
433220,표백,KITA_MTI6_11.xls,96
433230,염색,KITA_MTI6_06.xls,67
433290,선염,KITA_MTI6_09.xls,43
434100,나일론직물,KITA_MTI6_04.xls,26
434200,폴리에스터직물,KITA_MTI6_02.xls,58
434300,기타합섬직물,KITA_MTI6_05..xls,80
434900,재생직물,KITA_MTI6_06.xls,44
435110,P/C직물,KITA_MTI6_08.xls,8
435120,P/W직물,KITA_MTI6_11.xls,53
435190,기타폴리에스터직물,KITA_MTI6_05..xls,5
435210,아크릴단섬유직물,KITA_MTI6_09.xls,62
435220,기타 단섬유직물,KITA_MTI6_11.xls,50
435910,순재생단섬유직물,KITA_MTI6_09.xls,10
435990,혼방재생단섬유직물,KITA_MTI6_07.xls,68
436000,편직물,KITA_MTI6_01.xls,84
439100,마직물,KITA_MTI6_09.xls,47
439200,타이어코드,KITA_MTI6_05..xls,74
439300,자수포,KITA_MTI6_08.xls,85
439400,파일셔어닐직물,KITA_MTI6_06.xls,61
439500,부직포,KITA_MTI6_03.xls,54
439610,탄소섬유직물,KITA_MTI6_10.xls,10
439620,프리프레그,KITA_MTI6_07.xls,77
439910,유리섬유 직물,KITA_MTI6_06.xls,70
439920,글라스 울,KITA_MTI6_07.xls,70
439990,기타의직물,KITA_MTI6_02.xls,15
441101,코트 및 자켓,KITA_MTI6_07.xls,71
441102,양복,KITA_MTI6_09.xls,101
441103,양복상의,KITA_MTI6_09.xls,35
441104,바지 및 스커트,KITA_MTI6_06.xls,25
441105,드레스,KITA_MTI6_08.xls,44
441106,남성아우터셔츠,KITA_MTI6_05..xls,85
441107,블라우스,KITA_MTI6_07.xls,69
441108,스웨터,KITA_MTI6_04.xls,75
441109,언더셔츠,KITA_MTI6_03.xls,84
441110,팬티,KITA_MTI6_09.xls,46
441111,슬립,KITA_MTI6_12.xls,44
441112,파운데이션,KITA_MTI6_08.xls,42
441113,잠옷,KITA_MTI6_11.xls,22
441114,가운,KITA_MTI6_10.xls,12
441115,유아복,KITA_MTI6_08.xls,51
441116,운동복,KITA_MTI6_10.xls,38
441117,코팅제의류,KITA_MTI6_11.xls,63
441118,기타편직제의류,KITA_MTI6_05..xls,84
441190,기타의류,KITA_MTI6_06.xls,42
441201,코트 및 자켓,KITA_MTI6_05..xls,12
441202,신사복,KITA_MTI6_11.xls,5
441203,여성양복,KITA_MTI6_11.xls,71
441204,기타복(앙상블),KITA_MTI6_11.xls,73
441205,신사복상의,KITA_MTI6_08.xls,18
441206,여성양복상의,KITA_MTI6_06.xls,47
441207,남성바지,KITA_MTI6_07.xls,56
441208,여성바지스커트,KITA_MTI6_04.xls,65
441209,드레스,KITA_MTI6_07.xls,32
441210,브라우스,KITA_MTI6_06.xls,46
441211,스키슈트,KITA_MTI6_11.xls,12
441212,기타운동복,KITA_MTI6_05..xls,40
441213,남성셔츠,KITA_MTI6_07.xls,58
441214,잠옷,KITA_MTI6_10.xls,25
441215,기타내의실내복,KITA_MTI6_10.xls,22
441216,유아용의류,KITA_MTI6_10.xls,39
441217,코팅제의류,KITA_MTI6_09.xls,24
441220,의류부속품 및 부분품,KITA_MTI6_03.xls,71
441301,고무제의류,KITA_MTI6_09.xls,38
441302,혁제의류,KITA_MTI6_07.xls,48
441303,모피의류,KITA_MTI6_09.xls,6
441401,양말,KITA_MTI6_06.xls,36
441402,팬티호스 타이즈,KITA_MTI6_10.xls,55
441403,장갑,KITA_MTI6_06.xls,45
441404,손수건 스카프,KITA_MTI6_09.xls,37
441405,넥타이,KITA_MTI6_11.xls,102
441406,모자,KITA_MTI6_04.xls,101
441407,벨트,KITA_MTI6_09.xls,74
442110,직물제가방,KITA_MTI6_05..xls,6
442120,가죽제가방,KITA_MTI6_05..xls,22
442130,합성수지제가방,KITA_MTI6_04.xls,71
442190,기타가방,KITA_MTI6_05..xls,23
443110,등산화,KITA_MTI6_11.xls,38
443120,스포츠화,KITA_MTI6_06.xls,65
443130,구두,KITA_MTI6_11.xls,6
443140,스키부츠,KITA_MTI6_11.xls,52
443150,신발부분품,KITA_MTI6_05..xls,31
443190,기타신발,KITA_MTI6_04.xls,17
449001,양탄자,KITA_MTI6_06.xls,5
449002,모포와 여행용러그,KITA_MTI6_09.xls,12
449003,실내용품,KITA_MTI6_08.xls,39
449004,포장용의 빈포대,KITA_MTI6_07.xls,35
449005,텐트 및 캠핑용품,KITA_MTI6_13.xls,45
449006,어망,KITA_MTI6_06.xls,97
449007,로프,KITA_MTI6_04.xls,96
449009,침구이불,KITA_MTI6_06.xls,39
449010,기타 장갑,KITA_MTI6_11.xls,56
449013,인조잔디,KITA_MTI6_11.xls,24
449014,커튼,KITA_MTI6_07.xls,67
449090,기타의 섬유제품,KITA_MTI6_02.xls,24
511010,표면활성제,KITA_MTI6_02.xls,53
511020,왁스,KITA_MTI6_04.xls,15
511030,광택제 등,KITA_MTI6_04.xls,66
511040,구강및치과위생용품,KITA_MTI6_04.xls,88
511050,화장지 등,KITA_MTI6_06.xls,8
511060,면도용품,KITA_MTI6_06.xls,6
511070,빗자루,KITA_MTI6_11.xls,92
512110,항공기용의자,KITA_MTI6_10.xls,72
512120,차량용의자,KITA_MTI6_08.xls,66
512130,회전의자,KITA_MTI6_07.xls,73
512140,침대겸용의자,KITA_MTI6_12.xls,86
512150,그 밖의 의자,KITA_MTI6_07.xls,47
512160,의자 부분품,KITA_MTI6_02.xls,54
512190,기타가구,KITA_MTI6_09.xls,28
512210,침대,KITA_MTI6_10.xls,59
512300,식탁,KITA_MTI6_11.xls,93
512400,책상,KITA_MTI6_09.xls,40
512510,문갑,KITA_MTI6_13.xls,31
512520,화장대,KITA_MTI6_13.xls,20
512530,장롱,KITA_MTI6_12.xls,61
512900,기타가구,KITA_MTI6_04.xls,39
513100,피아노,KITA_MTI6_10.xls,53
513210,바이올린,KITA_MTI6_12.xls,75
513220,첼로,KITA_MTI6_12.xls,51
513290,기타현악기,KITA_MTI6_10.xls,81
513310,트럼펫,KITA_MTI6_12.xls,41
513390,기타관악기,KITA_MTI6_11.xls,61
513391,기타관악기,KITA_MTI6_12.xls,54
513392,기타관악기,KITA_MTI6_11.xls,81
513393,기타관악기,KITA_MTI6_11.xls,34
513394,기타관악기,KITA_MTI6_13.xls,28
513395,기타관악기,KITA_MTI6_12.xls,64
513400,타악기,KITA_MTI6_11.xls,37
513500,악기부분품,KITA_MTI6_05..xls,91
513900,기타악기,KITA_MTI6_07.xls,52
514110,당구용품,KITA_MTI6_09.xls,31
514120,볼링용품,KITA_MTI6_10.xls,5
514130,스키용품,KITA_MTI6_10.xls,90
514140,골프용품,KITA_MTI6_04.xls,76
514150,탁구용품,KITA_MTI6_10.xls,41
514160,테니스및배드민턴용품,KITA_MTI6_10.xls,80
514170,구기용공,KITA_MTI6_11.xls,31
514190,기타운동용구,KITA_MTI6_05..xls,20
514210,텐트및캠프용품,KITA_MTI6_07.xls,89
514220,낚시용구,KITA_MTI6_05..xls,46
514290,기타취미오락용구,KITA_MTI6_08.xls,80
515110,필기구,KITA_MTI6_03.xls,85
515120,미술용구,KITA_MTI6_07.xls,74
515130,사무용품,KITA_MTI6_02.xls,64
515190,기타문구,KITA_MTI6_01.xls,76
515210,인형,KITA_MTI6_06.xls,85
515220,승용완구,KITA_MTI6_11.xls,54
515230,조립식완구,KITA_MTI6_08.xls,56
515240,전자게임기,KITA_MTI6_05..xls,93
515250,오락용구,KITA_MTI6_05..xls,64
515290,기타완구,KITA_MTI6_05..xls,34
516110,자기제 식탁용품 및 주방용품,KITA_MTI6_05..xls,104
516120,도자제 식탁용품 및 주방용품,KITA_MTI6_09.xls,41
516130,유리제 식탁용품 및 주방용품,KITA_MTI6_06.xls,96
516140,철강제 식탁용품 및 주방용품,KITA_MTI6_06.xls,41
516150,구리제 식탁용품 및 주방용품,KITA_MTI6_11.xls,103
516160,알루미늄제 식탁용품 및 주방용품,KITA_MTI6_05..xls,90
516210,스푼,KITA_MTI6_12.xls,5
516220,포크,KITA_MTI6_12.xls,80
516290,기타,KITA_MTI6_09.xls,61
516300,접시세척기,KITA_MTI6_03.xls,33
516400,보온용기,KITA_MTI6_09.xls,57
517100,유모차,KITA_MTI6_11.xls,67
517210,유아용냅킨,KITA_MTI6_08.xls,67
517290,유아용냅킨,KITA_MTI6_08.xls,33
518110,안경렌즈,KITA_MTI6_11.xls,84
518120,안경테,KITA_MTI6_05..xls,87
518130,안경,KITA_MTI6_05..xls,33
518210,손목시계,KITA_MTI6_04.xls,45
518220,자명종시계,KITA_MTI6_12.xls,65
518230,벽시계,KITA_MTI6_11.xls,28
518240,전자시계,KITA_MTI6_12.xls,28
518250,시계줄,KITA_MTI6_11.xls,23
518260,차량·항공기·선박용 시계,KITA_MTI6_11.xls,44
518270,기타시계,KITA_MTI6_07.xls,99
518290,시계부품,KITA_MTI6_05..xls,76
518310,귀금속장식품,KITA_MTI6_03.xls,18
518320,금은 세공품,KITA_MTI6_02.xls,47
518330,진주 장식품,KITA_MTI6_08.xls,40
518340,모조 장식품,KITA_MTI6_05..xls,30
518410,가발,KITA_MTI6_08.xls,103
518440,가속눈썹,KITA_MTI6_09.xls,55
518490,기타,KITA_MTI6_10.xls,20
521110,우산,KITA_MTI6_11.xls,13
521120,양산,KITA_MTI6_13.xls,23
521210,장신구,KITA_MTI6_07.xls,75
521220,화장용품,KITA_MTI6_06.xls,76
521230,라이터,KITA_MTI6_09.xls,90
521290,기타휴대용품,KITA_MTI6_10.xls,45
524100,운동용 장갑,KITA_MTI6_09.xls,67
524200,마구용품,KITA_MTI6_09.xls,16
524300,수렵사격용품,KITA_MTI6_13.xls,91
525100,조화,KITA_MTI6_12.xls,12
525200,패각공예품,KITA_MTI6_11.xls,27
525300,유리공예품,KITA_MTI6_09.xls,103
525900,기타공예품,KITA_MTI6_06.xls,92
529000,기타 생활용품,KITA_MTI6_04.xls,79
611110,철및비합금강H형강,KITA_MTI6_02.xls,91
611120,철및비합금강L형강,KITA_MTI6_09.xls,25
611130,철및비합금강U형강,KITA_MTI6_07.xls,60
611190,철및비합금강기타형강,KITA_MTI6_06.xls,88
611200,스테인레스및합금강형강,KITA_MTI6_09.xls,36
612110,철및비합금강선재,KITA_MTI6_03.xls,72
612120,스테인레스및합금강선재,KITA_MTI6_03.xls,86
612210,철및비합금강봉강,KITA_MTI6_04.xls,50
612220,스테인레스및합금강봉강,KITA_MTI6_03.xls,26
612300,철근,KITA_MTI6_03.xls,100
613110,철및비합금강중후판,KITA_MTI6_01.xls,72
613120,스테인레스강중후판,KITA_MTI6_05..xls,39
613130,합금강중후판,KITA_MTI6_05..xls,98
613210,철및비합금강열연강판,KITA_MTI6_01.xls,43
613220,스테인레스강열연강판,KITA_MTI6_02.xls,28
613230,합금강열연강판,KITA_MTI6_03.xls,35
613310,철및비합금강냉연강판,KITA_MTI6_01.xls,54
613320,스테인레스강냉연강판,KITA_MTI6_02.xls,26
613330,합금강냉연강판,KITA_MTI6_02.xls,44
613410,용융아연도강판,KITA_MTI6_01.xls,47
613420,전기아연도강판,KITA_MTI6_02.xls,88
613430,착색아연도강판,KITA_MTI6_01.xls,64
613500,전기강판,KITA_MTI6_02.xls,56
613600,석도강판,KITA_MTI6_03.xls,56
613700,도금강판,KITA_MTI6_02.xls,49
614110,철및비합금강용접강관(대),KITA_MTI6_02.xls,67
614120,철및비합금강용접강관(중소),KITA_MTI6_02.xls,10
614130,무계목강관,KITA_MTI6_03.xls,25
614140,스테인레스강강관,KITA_MTI6_04.xls,72
614150,합금강강관,KITA_MTI6_06.xls,94
614210,철및비합금강강선,KITA_MTI6_03.xls,73
614220,스테인레스강강선,KITA_MTI6_04.xls,37
614230,합금강강선,KITA_MTI6_03.xls,94
615110,레일,KITA_MTI6_10.xls,65
615120,레일부속품,KITA_MTI6_08.xls,87
617110,주강,KITA_MTI6_02.xls,25
617120,단강,KITA_MTI6_06.xls,11
619110,블룸,KITA_MTI6_10.xls,103
619120,빌레트,KITA_MTI6_06.xls,38
619130,슬랩,KITA_MTI6_03.xls,66
619140,쉬트바,KITA_MTI6_13.xls,7
619190,기타강반제품,KITA_MTI6_08.xls,75
619200,기타철강제품,KITA_MTI6_10.xls,7
621110,알루미늄괴,KITA_MTI6_02.xls,78
621120,알루미늄스크랩,KITA_MTI6_04.xls,27
621210,알루미늄분,KITA_MTI6_09.xls,87
621220,알루미늄봉,KITA_MTI6_04.xls,22
621230,알루미늄선,KITA_MTI6_07.xls,18
621240,알루미늄판,KITA_MTI6_01.xls,44
621250,알루미늄박,KITA_MTI6_02.xls,102
621260,알루미늄관,KITA_MTI6_05..xls,103
621270,알루니늄관연결구류,KITA_MTI6_06.xls,101
621310,알루미늄구조물,KITA_MTI6_04.xls,54
621320,알루미늄용기,KITA_MTI6_07.xls,20
621400,알루미늄케이블,KITA_MTI6_06.xls,99
621900,기타알루미늄제품,KITA_MTI6_02.xls,99
622110,미정제동괴,KITA_MTI6_04.xls,49
622120,동괴,KITA_MTI6_01.xls,53
622130,동스크랩,KITA_MTI6_02.xls,51
622210,동분,KITA_MTI6_07.xls,64
622220,동봉,KITA_MTI6_03.xls,40
622230,동선,KITA_MTI6_02.xls,69
622240,동판,KITA_MTI6_02.xls,38
622250,동박,KITA_MTI6_02.xls,5
622260,동관,KITA_MTI6_02.xls,87
622270,동관연결구류,KITA_MTI6_04.xls,93
622900,기타동제품,KITA_MTI6_03.xls,104
623110,미정제니켈괴,KITA_MTI6_09.xls,9
623120,니켈괴,KITA_MTI6_07.xls,43
623130,니켈스크랩,KITA_MTI6_06.xls,32
623210,니켈분,KITA_MTI6_08.xls,57
623220,니켈봉및선재,KITA_MTI6_07.xls,50
623230,니켈박,KITA_MTI6_08.xls,104
623240,니켈판및대,KITA_MTI6_06.xls,74
623250,니켈관,KITA_MTI6_07.xls,53
623260,니켈관연결구류,KITA_MTI6_08.xls,92
623900,기타니켈제품,KITA_MTI6_06.xls,68
624110,마그네슘괴,KITA_MTI6_06.xls,60
624120,마그네슘스크랩,KITA_MTI6_10.xls,74
624200,마그네슘조가공품,KITA_MTI6_11.xls,25
624900,기타 마그네슘 제품,KITA_MTI6_10.xls,24
625110,연괴,KITA_MTI6_02.xls,61
625120,연스크랩,KITA_MTI6_11.xls,18
625210,연봉및선재,KITA_MTI6_10.xls,44
625220,연분,KITA_MTI6_12.xls,60
625230,연박,KITA_MTI6_13.xls,56
625240,연판및대,KITA_MTI6_12.xls,103
625250,연관및연결구류,KITA_MTI6_12.xls,90
625900,기타납제품,KITA_MTI6_07.xls,86
626110,아연괴,KITA_MTI6_01.xls,92
626120,아연스크랩,KITA_MTI6_13.xls,13
626210,아연분및더스트,KITA_MTI6_06.xls,51
626220,아연봉및선재,KITA_MTI6_10.xls,93
626230,아연판및대,KITA_MTI6_08.xls,78
626240,아연박,KITA_MTI6_13.xls,70
626250,아연관,KITA_MTI6_12.xls,96
626260,아연관연결구류,KITA_MTI6_12.xls,13
626900,기타아연제품,KITA_MTI6_07.xls,100
627110,주석괴,KITA_MTI6_08.xls,13
627120,주석스크랩,KITA_MTI6_12.xls,21
627210,주석분,KITA_MTI6_08.xls,38
627220,주석봉및선재,KITA_MTI6_06.xls,58
627230,주석판및대,KITA_MTI6_13.xls,19
627240,주석박,KITA_MTI6_13.xls,69
627900,기타주석제품,KITA_MTI6_07.xls,66
628110,텅스텐괴및스크랩,KITA_MTI6_06.xls,95
628190,기타텅스텐제품,KITA_MTI6_07.xls,26
628210,몰리브덴괴및스크랩,KITA_MTI6_08.xls,23
628290,기타몰리브덴제품,KITA_MTI6_08.xls,97
628300,망간제품,KITA_MTI6_10.xls,43
629000,기타비철금속제품,KITA_MTI6_03.xls,28
630100,칼,KITA_MTI6_09.xls,14
641000,주화,KITA_MTI6_07.xls,88
642000,못,KITA_MTI6_06.xls,100
643000,콘테이너,KITA_MTI6_04.xls,29
690000,기타철강금속제품,KITA_MTI6_01.xls,81
691110,망간철,KITA_MTI6_07.xls,61
691120,실리콘철,KITA_MTI6_10.xls,54
691130,실리콘망간철,KITA_MTI6_10.xls,79
691190,기타합금철,KITA_MTI6_02.xls,17
691210,주물용선철,KITA_MTI6_12.xls,25
691220,제강용선철,KITA_MTI6_10.xls,18
691290,기타선철,KITA_MTI6_11.xls,57
691310,직접환원철,KITA_MTI6_12.xls,104
691390,기타환원철,KITA_MTI6_11.xls,21
691400,고철,KITA_MTI6_03.xls,58
691900,기타철강제품,KITA_MTI6_05..xls,41
692110,철및비합금강H형강,KITA_MTI6_11.xls,19
692120,철및비합금강U형강,KITA_MTI6_12.xls,73
692130,철및비합금강기타형강,KITA_MTI6_10.xls,77
692210,철및비합금강연선,KITA_MTI6_05..xls,58
692220,스테인레스강연선,KITA_MTI6_08.xls,22
692230,철및비합금강와이어로프,KITA_MTI6_04.xls,33
692240,스테인레스와이어로프,KITA_MTI6_07.xls,37
692250,철및비합금강사슬,KITA_MTI6_10.xls,27
692260,철및비합금강유자선,KITA_MTI6_11.xls,82
692310,교량,KITA_MTI6_09.xls,23
692320,철탑,KITA_MTI6_07.xls,17
692330,모듈화된 빌딩유닛,KITA_MTI6_10.xls,64
692390,기타철구조물,KITA_MTI6_02.xls,7
692400,철강재용기,KITA_MTI6_02.xls,71
692500,철강재체인,KITA_MTI6_06.xls,29
692610,주철관,KITA_MTI6_08.xls,82
692620,주철제관연결구류,KITA_MTI6_08.xls,37
692690,기타주철,KITA_MTI6_01.xls,74
692900,기타철강제품,KITA_MTI6_07.xls,19
711110,레이저가공기,KITA_MTI6_04.xls,32
711120,머시닝센터,KITA_MTI6_03.xls,11
711130,NC선반,KITA_MTI6_02.xls,48
711190,기타금속절삭가공기계,KITA_MTI6_04.xls,42
711210,프레스금형,KITA_MTI6_04.xls,47
711220,기타금속성형가공기계,KITA_MTI6_03.xls,82
711300,금속공작기계부품,KITA_MTI6_03.xls,9
712110,압연기,KITA_MTI6_04.xls,35
712120,압연기부품,KITA_MTI6_05..xls,101
712210,로보트형용접기,KITA_MTI6_07.xls,44
712220,전기용접기,KITA_MTI6_03.xls,76
712230,용접기부품,KITA_MTI6_04.xls,83
712290,기타용접기,KITA_MTI6_06.xls,40
712310,주조설비,KITA_MTI6_07.xls,11
712320,주조설비부품,KITA_MTI6_08.xls,26
713100,섬유기계,KITA_MTI6_02.xls,65
713200,재봉기,KITA_MTI6_07.xls,36
713300,피혁가공기계,KITA_MTI6_06.xls,66
713400,섬유및피혁가공기계부품,KITA_MTI6_05..xls,60
713510,고무플라스틱가공기계,KITA_MTI6_02.xls,104
713520,고무플라스틱가공기계부품,KITA_MTI6_04.xls,92
713610,화학기계,KITA_MTI6_01.xls,93
713620,화학기계부품,KITA_MTI6_03.xls,89
714100,제지기계,KITA_MTI6_09.xls,79
714200,제본기계,KITA_MTI6_10.xls,50
714300,지가공기계,KITA_MTI6_06.xls,16
714400,인쇄기계,KITA_MTI6_04.xls,63
714500,제지인쇄기계부품,KITA_MTI6_04.xls,41
715110,식품가공기계,KITA_MTI6_05..xls,71
715120,식품가공기계부품,KITA_MTI6_06.xls,90
715210,식품포장기계,KITA_MTI6_03.xls,79
715220,식품포장기계부품,KITA_MTI6_07.xls,15
716110,목재가공기계,KITA_MTI6_07.xls,28
716120,목재가공기계부품,KITA_MTI6_08.xls,31
716210,광물가공기계,KITA_MTI6_05..xls,69
716220,광물가공기계부품,KITA_MTI6_05..xls,66
716310,유리가공기계,KITA_MTI6_07.xls,102
716320,유리가공기계부품,KITA_MTI6_07.xls,91
719110,적층제조기계(3D프린터),KITA_MTI6_08.xls,95
719190,기타기계류,KITA_MTI6_01.xls,41
719210,적층제조기계(3D프린터) 부품,KITA_MTI6_10.xls,102
719290,기타기계류부품,KITA_MTI6_01.xls,83
721110,불도우저,KITA_MTI6_07.xls,40
721120,지게차,KITA_MTI6_02.xls,55
721130,건설중장비부품,KITA_MTI6_01.xls,80
721190,기타건설중장비,KITA_MTI6_01.xls,46
721210,광산기계,KITA_MTI6_07.xls,33
721220,광산기계부품,KITA_MTI6_07.xls,27
722100,경작기계,KITA_MTI6_02.xls,31
722200,수확탈곡기계,KITA_MTI6_08.xls,14
722300,낙농기계,KITA_MTI6_11.xls,41
722400,농기계부품,KITA_MTI6_07.xls,22
722900,기타농기계,KITA_MTI6_07.xls,25
723110,적재 및 운반용 로봇,KITA_MTI6_06.xls,72
723120,실내 서빙로봇과 실외 배송로봇,KITA_MTI6_10.xls,35
723190,기타운반하역기계,KITA_MTI6_01.xls,87
723200,운반하역기계부품,KITA_MTI6_03.xls,47
724110,카메라,KITA_MTI6_08.xls,77
724120,영화촬영기,KITA_MTI6_11.xls,55
724130,영화영사기,KITA_MTI6_12.xls,94
724140,사진현상기기,KITA_MTI6_07.xls,39
724150,천체관측기기,KITA_MTI6_10.xls,34
724160,현미경,KITA_MTI6_07.xls,54
724190,기타광학기기,KITA_MTI6_08.xls,84
724210,복사기,KITA_MTI6_12.xls,49
724220,복사기부품,KITA_MTI6_09.xls,20
724310,광학렌즈,KITA_MTI6_02.xls,35
724390,기타광학기기부품,KITA_MTI6_01.xls,78
724900,기타사무기기,KITA_MTI6_08.xls,50
729010,기타산업기계,KITA_MTI6_01.xls,61
729020,기타산업기계부품,KITA_MTI6_03.xls,6
732100,반도체제조용장비,KITA_MTI6_01.xls,29
732200,반도체제조용장비부품,KITA_MTI6_01.xls,34
734100,설계제도기,KITA_MTI6_11.xls,104
734200,설계제도기부품,KITA_MTI6_13.xls,92
735100,토지측량기,KITA_MTI6_07.xls,55
735200,토지측량기부품,KITA_MTI6_10.xls,36
736100,평판 디스플레이 제조용 장비,KITA_MTI6_02.xls,42
736200,평판 디스플레이 장비 부품,KITA_MTI6_03.xls,62
741110,내연기관 트랙터(신차),KITA_MTI6_06.xls,77
741120,내연기관 트랙터(중고차),KITA_MTI6_09.xls,30
741130,하이브리드 트랙터(신차),KITA_MTI6_13.xls,93
741140,하이브리드 트랙터(중고차),KITA_MTI6_13.xls,42
741150,전기 트랙터(신차),KITA_MTI6_08.xls,64
741160,전기 트랙터(중고차),KITA_MTI6_13.xls,43
741210,내연기관 승합차(신차),KITA_MTI6_04.xls,24
741220,내연기관 승합차(중고차),KITA_MTI6_05..xls,47
741230,하이브리드 승합차(신차),KITA_MTI6_12.xls,81
741240,하이브리드 승합차(중고차),KITA_MTI6_12.xls,83
741250,전기 승합차(신차),KITA_MTI6_11.xls,30
741260,전기 승합차(중고차),KITA_MTI6_12.xls,53
741310,내연기관 승용차(신차),KITA_MTI6_01.xls,9
741320,내연기관 승용차(중고차),KITA_MTI6_01.xls,24
741330,하이브리드 승용차(신차),KITA_MTI6_01.xls,14
741340,하이브리드 승용차(중고차),KITA_MTI6_02.xls,79
741350,전기 승용차(신차),KITA_MTI6_01.xls,22
741360,전기 승용차(중고차),KITA_MTI6_07.xls,49
741410,내연기관 화물차(신차),KITA_MTI6_01.xls,63
741420,내연기관 화물차(중고차),KITA_MTI6_03.xls,81
741430,하이브리드 화물차(신차),KITA_MTI6_08.xls,27
741440,하이브리드 화물차(중고차),KITA_MTI6_12.xls,89
741450,전기 화물차(신차),KITA_MTI6_02.xls,95
741460,전기 화물차(중고차),KITA_MTI6_11.xls,8
741500,특장차,KITA_MTI6_03.xls,103
741600,기타자동차,KITA_MTI6_05..xls,42
742000,자동차부품,KITA_MTI6_01.xls,13
742010,자동차용내연기관,KITA_MTI6_02.xls,9
742130,차량용구동모터,KITA_MTI6_08.xls,61
743110,모터사이클,KITA_MTI6_07.xls,14
743190,기타이륜차,KITA_MTI6_11.xls,32
743200,이륜차부품,KITA_MTI6_06.xls,82
743300,자전거,KITA_MTI6_09.xls,77
743400,자전거부품,KITA_MTI6_09.xls,44
744100,철도차량,KITA_MTI6_03.xls,90
744200,철도차량부품,KITA_MTI6_05..xls,21
745100,엘리베이터,KITA_MTI6_07.xls,82
745200,에스컬레이터,KITA_MTI6_13.xls,10
746110,여객선,KITA_MTI6_07.xls,10
746120,화물선,KITA_MTI6_01.xls,10
746130,어선,KITA_MTI6_11.xls,48
746140,요트,KITA_MTI6_10.xls,94
746151,아웃보드 모터보트,KITA_MTI6_10.xls,96
746159,기타모터보트,KITA_MTI6_07.xls,101
746160,예인선,KITA_MTI6_07.xls,38
746170,군함,KITA_MTI6_03.xls,27
746190,기타선박,KITA_MTI6_01.xls,58
746200,해양구조물,KITA_MTI6_03.xls,16
746310,선박용증기터빈,KITA_MTI6_13.xls,59
746320,선박용가스터빈,KITA_MTI6_11.xls,86
746330,선박용불꽃점화식엔진,KITA_MTI6_07.xls,7
746340,선박용압축점화식엔진,KITA_MTI6_01.xls,75
746400,선박용 부품,KITA_MTI6_04.xls,53
747110,헬리콥터,KITA_MTI6_06.xls,48
747120,비행기,KITA_MTI6_02.xls,41
747130,무동력항공기,KITA_MTI6_13.xls,46
747140,낙하산,KITA_MTI6_08.xls,96
747150,무인기,KITA_MTI6_06.xls,91
747210,항공기엔진,KITA_MTI6_01.xls,82
747220,무인기부품,KITA_MTI6_09.xls,66
747290,기타항공기부품,KITA_MTI6_01.xls,68
748100,우주선,KITA_MTI6_04.xls,8
748200,우주선부품,KITA_MTI6_06.xls,78
751110,공기조절기,KITA_MTI6_02.xls,21
751120,공기조절기부품,KITA_MTI6_02.xls,43
751210,냉방기,KITA_MTI6_03.xls,46
751220,냉방기부품,KITA_MTI6_04.xls,99
751310,가열기구,KITA_MTI6_04.xls,100
751320,증기발생보일러,KITA_MTI6_06.xls,9
751330,온수보일러,KITA_MTI6_04.xls,57
751340,가열난방기부품,KITA_MTI6_03.xls,21
752110,증기터빈,KITA_MTI6_10.xls,68
752120,수력터빈,KITA_MTI6_11.xls,80
752130,불꽃점화식내연기관,KITA_MTI6_01.xls,50
752140,압축점화식내연기관,KITA_MTI6_02.xls,92
752150,터보제트,KITA_MTI6_08.xls,79
752160,원동기부품,KITA_MTI6_03.xls,97
752190,기타원동기,KITA_MTI6_02.xls,96
752210,액체펌프,KITA_MTI6_02.xls,45
752220,기체펌프,KITA_MTI6_01.xls,59
752230,펌프부품,KITA_MTI6_02.xls,16
761100,볼트및너트,KITA_MTI6_02.xls,23
761200,밸브,KITA_MTI6_01.xls,69
761300,베어링,KITA_MTI6_02.xls,68
761400,스프링,KITA_MTI6_05..xls,79
761500,전동축및기어,KITA_MTI6_02.xls,32
761900,기타기계요소,KITA_MTI6_01.xls,99
762100,프레스금형,KITA_MTI6_02.xls,50
762200,플라스틱금형,KITA_MTI6_02.xls,19
762300,다이캐스팅금형,KITA_MTI6_05..xls,29
762900,기타금형,KITA_MTI6_05..xls,15
763110,커팅공구,KITA_MTI6_05..xls,63
763120,착암공구,KITA_MTI6_06.xls,83
763130,탭핑공구,KITA_MTI6_06.xls,55
763140,드릴링공구,KITA_MTI6_04.xls,103
763150,보링공구,KITA_MTI6_08.xls,43
763160,밀링공구,KITA_MTI6_04.xls,38
763190,기타고속도강및초경공구,KITA_MTI6_03.xls,19
763210,줄,KITA_MTI6_11.xls,33
763220,플라이어,KITA_MTI6_09.xls,60
763230,파이프커터,KITA_MTI6_10.xls,66
763240,스패너,KITA_MTI6_08.xls,68
763250,스크루드라이버,KITA_MTI6_11.xls,51
763260,망치,KITA_MTI6_12.xls,32
763270,가위,KITA_MTI6_09.xls,88
763290,기타수공구,KITA_MTI6_06.xls,50
763300,다이아몬드공구,KITA_MTI6_03.xls,49
763410,전기드릴,KITA_MTI6_10.xls,104
763490,기타전동공구,KITA_MTI6_06.xls,57
763500,공기압공구,KITA_MTI6_07.xls,5
763610,측정공구,KITA_MTI6_09.xls,8
763620,측정공구부품,KITA_MTI6_10.xls,69
763700,수도구,KITA_MTI6_06.xls,98
763900,기타공구,KITA_MTI6_08.xls,86
811110,버튼식전화기,KITA_MTI6_11.xls,29
811190,기타유선전화기,KITA_MTI6_10.xls,17
811310,광전송장치,KITA_MTI6_06.xls,54
811390,기타유선전송장치,KITA_MTI6_03.xls,24
811410,팩시밀리,KITA_MTI6_09.xls,78
811500,유선통신기기부품,KITA_MTI6_03.xls,87
811900,기타유선통신기기,KITA_MTI6_08.xls,60
812130,코드 분할식 전화기,KITA_MTI6_12.xls,97
812140,시 분할식 전화기,KITA_MTI6_09.xls,80
812150,주파수 분할식전화기,KITA_MTI6_13.xls,94
812160,스마트폰,KITA_MTI6_01.xls,30
812190,기타무선전화기,KITA_MTI6_08.xls,94
812200,방송용통신기기,KITA_MTI6_08.xls,34
812410,TV카메라,KITA_MTI6_02.xls,75
812420,수상기,KITA_MTI6_03.xls,12
812510,위성방송수신기,KITA_MTI6_08.xls,52
812520,비디오튜너,KITA_MTI6_12.xls,99
812590,기타무선수신기,KITA_MTI6_07.xls,90
812610,레이더,KITA_MTI6_03.xls,78
812620,무선원격조절기,KITA_MTI6_05..xls,24
812720,무선중계기,KITA_MTI6_02.xls,103
812810,안테나,KITA_MTI6_04.xls,55
812820,스마트폰부품,KITA_MTI6_01.xls,102
812890,기타무선통신기기부품,KITA_MTI6_01.xls,21
813110,휴대용컴퓨터,KITA_MTI6_04.xls,80
813120,개인용컴퓨터,KITA_MTI6_03.xls,65
813220,HDD,KITA_MTI6_07.xls,13
813230,CDD,KITA_MTI6_10.xls,91
813240,DVD,KITA_MTI6_11.xls,9
813250,광디스크드라이브,KITA_MTI6_11.xls,76
813260,블루레이디스크드라이브,KITA_MTI6_13.xls,50
813290,기타보조기억장치,KITA_MTI6_07.xls,87
813310,레이저프린터,KITA_MTI6_04.xls,89
813320,도트프린터,KITA_MTI6_09.xls,58
813330,잉크젯프린터,KITA_MTI6_08.xls,9
813390,기타프린터,KITA_MTI6_04.xls,74
813420,데이터디스플레이장치,KITA_MTI6_03.xls,88
813510,스캐너,KITA_MTI6_08.xls,59
813520,키입력장치,KITA_MTI6_09.xls,5
813530,마우스,KITA_MTI6_08.xls,5
813590,기타컴퓨터주변기기,KITA_MTI6_03.xls,50
813610,메인보드,KITA_MTI6_07.xls,45
813690,기타컴퓨터부품,KITA_MTI6_02.xls,100
813700,소프트웨어,KITA_MTI6_04.xls,25
813800,전산기록매체,KITA_MTI6_01.xls,11
814110,교통신호기,KITA_MTI6_07.xls,103
814120,교통신호기부품,KITA_MTI6_09.xls,15
814210,도난경보기,KITA_MTI6_09.xls,94
814220,가스경보기,KITA_MTI6_09.xls,73
814230,화재경보기,KITA_MTI6_07.xls,96
814240,경보신호기부품,KITA_MTI6_06.xls,64
814290,기타경보신호기,KITA_MTI6_05..xls,78
814310,전자계산기,KITA_MTI6_12.xls,45
814320,전자계산기부품,KITA_MTI6_12.xls,77
814410,현금자동처리기,KITA_MTI6_04.xls,36
814510,음료자동판매기,KITA_MTI6_11.xls,89
814520,식품자동판매기,KITA_MTI6_11.xls,70
814530,자동판매기부품,KITA_MTI6_11.xls,85
814590,기타자동판매기,KITA_MTI6_09.xls,98
814610,X선및방사선기기,KITA_MTI6_06.xls,59
814620,X선및방사선기기부품,KITA_MTI6_05..xls,36
814810,전자현미경,KITA_MTI6_05..xls,53
814820,전자현미경부품,KITA_MTI6_05..xls,83
814910,기타전자응용기기,KITA_MTI6_01.xls,101
814920,기타전자응용기기부품,KITA_MTI6_06.xls,26
815110,중량계,KITA_MTI6_06.xls,56
815120,온도계,KITA_MTI6_04.xls,81
815130,기압계,KITA_MTI6_12.xls,15
815140,습도계,KITA_MTI6_10.xls,8
815150,속도계,KITA_MTI6_04.xls,30
815160,유량압력계,KITA_MTI6_04.xls,9
815170,전기계측기,KITA_MTI6_07.xls,63
815180,전자계측기,KITA_MTI6_03.xls,68
815190,기타계측기,KITA_MTI6_01.xls,45
815200,계측기부품,KITA_MTI6_01.xls,103
815300,자동제어기,KITA_MTI6_02.xls,13
815400,자동제어기부품,KITA_MTI6_05..xls,48
815510,물리화학분석기,KITA_MTI6_02.xls,85
815520,재료시험기,KITA_MTI6_07.xls,92
815530,질량분석기,KITA_MTI6_08.xls,28
815600,분석시험기부품,KITA_MTI6_05..xls,37
821122,LCD TV(디지털의 것),KITA_MTI6_07.xls,57
821143,기타 TV,KITA_MTI6_08.xls,6
821170,칼라TV부품,KITA_MTI6_04.xls,58
821210,흑백TV,KITA_MTI6_12.xls,100
821310,VCR,KITA_MTI6_05..xls,99
821410,캠코더,KITA_MTI6_03.xls,59
821490,기타비디오카메라,KITA_MTI6_05..xls,100
821500,영상기록매체,KITA_MTI6_11.xls,26
822100,라디오,KITA_MTI6_09.xls,39
822210,휴대용라디오카세트,KITA_MTI6_13.xls,29
822290,기타라디오카세트,KITA_MTI6_12.xls,26
822300,카스테레오,KITA_MTI6_04.xls,94
822490,기타컴포넌트,KITA_MTI6_04.xls,31
822500,스피커,KITA_MTI6_06.xls,10
822610,마이크로폰,KITA_MTI6_06.xls,69
822720,오디오레코드,KITA_MTI6_03.xls,44
822800,음향기기부품,KITA_MTI6_04.xls,60
822900,기타음향기기,KITA_MTI6_07.xls,41
823010,냉장고(200리터이하),KITA_MTI6_10.xls,42
823020,냉장고(200-400리터이하),KITA_MTI6_10.xls,14
823030,냉장고(400리터이상),KITA_MTI6_01.xls,100
823040,냉장고부품,KITA_MTI6_04.xls,23
824100,세탁기,KITA_MTI6_02.xls,66
824110,건조기,KITA_MTI6_04.xls,86
824200,에어컨,KITA_MTI6_08.xls,74
824300,선풍기,KITA_MTI6_08.xls,63
824400,환풍기,KITA_MTI6_09.xls,69
824500,진공청소기,KITA_MTI6_08.xls,102
824510,로봇청소기,KITA_MTI6_10.xls,29
824600,믹서,KITA_MTI6_05..xls,57
824700,접시세척기,KITA_MTI6_08.xls,93
824900,기타가정용회전기기,KITA_MTI6_10.xls,100
825100,난방기기,KITA_MTI6_05..xls,68
825200,전기다리미,KITA_MTI6_10.xls,9
825300,헤어드라이어,KITA_MTI6_07.xls,29
825400,전자레인지,KITA_MTI6_12.xls,10
825500,전기밥솥,KITA_MTI6_05..xls,81
825600,보온밥통,KITA_MTI6_12.xls,11
825700,토우스터,KITA_MTI6_12.xls,31
825800,난방및전열기기부품,KITA_MTI6_03.xls,69
825900,기타난방및전열기기,KITA_MTI6_03.xls,102
826100,전구,KITA_MTI6_04.xls,77
826200,전구부품,KITA_MTI6_10.xls,60
826910,기타조명기기,KITA_MTI6_01.xls,96
826920,기타조명기기부품,KITA_MTI6_07.xls,72
829100,기타가정용전자,KITA_MTI6_03.xls,45
829200,기타가정용전자부품,KITA_MTI6_04.xls,10
831110,D램,KITA_MTI6_01.xls,6
831120,낸드,KITA_MTI6_01.xls,15
831130,S램,KITA_MTI6_06.xls,81
831190,기타 메모리반도체,KITA_MTI6_01.xls,7
831210,프로세서와 컨트롤러,KITA_MTI6_01.xls,8
831220,증폭기,KITA_MTI6_04.xls,59
831230,기타 집적회로반도체,KITA_MTI6_01.xls,17
831240,집적회로 반도체부품,KITA_MTI6_03.xls,32
831310,트랜지스터,KITA_MTI6_01.xls,88
831320,다이오드,KITA_MTI6_03.xls,70
831330,반도체기반 트랜스듀서,KITA_MTI6_06.xls,104
831340,개별소자 반도체부품,KITA_MTI6_05..xls,25
831390,기타개별소자반도체,KITA_MTI6_01.xls,73
831400,실리콘웨이퍼,KITA_MTI6_01.xls,51
832110,천연색음극선관,KITA_MTI6_13.xls,77
832190,기타음극선관,KITA_MTI6_13.xls,5
832200,자전관,KITA_MTI6_10.xls,92
832300,방전관,KITA_MTI6_12.xls,95
832490,기타전자관부품,KITA_MTI6_09.xls,81
832900,기타전자관,KITA_MTI6_11.xls,40
833110,고정식저항기,KITA_MTI6_05..xls,32
833120,가변식저항기,KITA_MTI6_11.xls,78
833190,저항기부품,KITA_MTI6_09.xls,82
833200,변성기,KITA_MTI6_03.xls,31
833310,고정식축전기,KITA_MTI6_01.xls,70
833320,가변식축전기,KITA_MTI6_05..xls,35
833330,축전기부품,KITA_MTI6_07.xls,34
833410,계전기,KITA_MTI6_04.xls,87
834200,연결부품,KITA_MTI6_01.xls,49
834300,인쇄회로,KITA_MTI6_01.xls,32
834400,퓨우즈,KITA_MTI6_05..xls,38
835110,건전지,KITA_MTI6_04.xls,67
835120,건전지부품,KITA_MTI6_12.xls,50
836110,리튬이온전지,KITA_MTI6_01.xls,35
836120,연축전지,KITA_MTI6_01.xls,57
836130,기타축전지,KITA_MTI6_07.xls,95
836140,축전지부품,KITA_MTI6_02.xls,34
836210,양극재,KITA_MTI6_01.xls,31
836220,전해액,KITA_MTI6_06.xls,52
836230,분리막,KITA_MTI6_02.xls,89
837110,LCD,KITA_MTI6_01.xls,39
837120,OLED,KITA_MTI6_01.xls,16
837130,"LCD, OLED 이외",KITA_MTI6_08.xls,20
837200,센서,KITA_MTI6_04.xls,56
839000,기타전자부품,KITA_MTI6_03.xls,15
841110,원자로 및 부분품,KITA_MTI6_09.xls,17
841121,태양광 직류발전기,KITA_MTI6_12.xls,71
841129,기타직류발전기,KITA_MTI6_07.xls,42
841131,태양광 교류발전기,KITA_MTI6_12.xls,82
841139,기타교류발전기,KITA_MTI6_06.xls,84
841140,엔진결합발전세트,KITA_MTI6_02.xls,97
841150,풍력발전세트,KITA_MTI6_11.xls,94
841170,기타발전세트,KITA_MTI6_09.xls,72
841180,태양광모듈,KITA_MTI6_06.xls,15
841210,유입식 변압기,KITA_MTI6_01.xls,56
841220,건식 변압기,KITA_MTI6_03.xls,60
841230,변성기,KITA_MTI6_07.xls,98
841240,전압조정기,KITA_MTI6_09.xls,52
841310,고압 개폐기 및 차단기,KITA_MTI6_02.xls,77
841320,저압스위치 및 차단기,KITA_MTI6_02.xls,86
841330,고압회로접속기,KITA_MTI6_05..xls,92
841340,애자,KITA_MTI6_08.xls,54
841390,기타회로보호용기기,KITA_MTI6_03.xls,38
841420,고압배전반,KITA_MTI6_04.xls,34
841430,고압자동제어반,KITA_MTI6_05..xls,16
841440,전력량계,KITA_MTI6_09.xls,29
841510,저압케이블,KITA_MTI6_01.xls,89
841520,고압케이블,KITA_MTI6_01.xls,90
842110,권선,KITA_MTI6_04.xls,20
842120,동축케이블,KITA_MTI6_04.xls,78
842130,와이어하네스,KITA_MTI6_02.xls,60
842140,통신선,KITA_MTI6_04.xls,7
842150,절연코드세트,KITA_MTI6_03.xls,22
842160,광케이블,KITA_MTI6_05..xls,10
842210,소형전동기,KITA_MTI6_03.xls,36
842220,교류 및 직류겸용 전동기,KITA_MTI6_03.xls,37
842230,직류전동기,KITA_MTI6_02.xls,76
842310,안정기,KITA_MTI6_08.xls,90
842320,정류기,KITA_MTI6_06.xls,28
842330,무정전전원장치,KITA_MTI6_06.xls,80
842340,인버터,KITA_MTI6_05..xls,9
842350,밧데리충전기,KITA_MTI6_05..xls,52
842360,파워팩,KITA_MTI6_10.xls,26
842370,아답터,KITA_MTI6_08.xls,24
842380,파워서플라이,KITA_MTI6_09.xls,45
842390,기타정지형변환기,KITA_MTI6_02.xls,73
842410,실험실용 전기로,KITA_MTI6_09.xls,34
842420,금속공업용 전기로,KITA_MTI6_07.xls,76
842430,식품공업용 전기로,KITA_MTI6_12.xls,18
842490,기타용의 전기로,KITA_MTI6_04.xls,48
842510,수치제어반,KITA_MTI6_09.xls,22
842520,프로그램이 가능한 제어기,KITA_MTI6_04.xls,43
842530,자동제어반,KITA_MTI6_01.xls,79
842910,전자석,KITA_MTI6_05..xls,82
842990,기타 기기,KITA_MTI6_06.xls,7
849110,전동기 부분품,KITA_MTI6_03.xls,29
849120,발전기 부분품,KITA_MTI6_05..xls,86
849210,변환장치 부분품,KITA_MTI6_03.xls,39
849220,배전보드,KITA_MTI6_03.xls,80
849230,개폐기부분품,KITA_MTI6_05..xls,18
849240,차단기 부분품,KITA_MTI6_04.xls,61
849250,계전기 부분품,KITA_MTI6_07.xls,83
849260,제어반 부분품,KITA_MTI6_03.xls,64
849310,탄소 제품 부품,KITA_MTI6_05..xls,56
849490,기타 절연 제품 부품,KITA_MTI6_03.xls,53
849910,전자담배,KITA_MTI6_09.xls,26
849930,전기ㆍ전자 웨이스트와 스크랩,KITA_MTI6_06.xls,31
849990,기타 전기부품,KITA_MTI6_05..xls,8
911000,서적,KITA_MTI6_04.xls,13
912000,신문등정기간행물,KITA_MTI6_10.xls,6
919000,기타인쇄물,KITA_MTI6_05..xls,28
921000,그림,KITA_MTI6_04.xls,6
922000,조각품,KITA_MTI6_06.xls,27
923000,우표,KITA_MTI6_09.xls,96
924000,골동품,KITA_MTI6_11.xls,20
925000,기타수집품,KITA_MTI6_10.xls,85
931110,바이오의약품,KITA_MTI6_01.xls,23
931120,화학의약품,KITA_MTI6_02.xls,18
931210,바이오원료,KITA_MTI6_03.xls,17
931220,화학원료,KITA_MTI6_01.xls,66
932010,체외진단용시약,KITA_MTI6_02.xls,70
932020,치과용기기및재료,KITA_MTI6_01.xls,98
932030,영상진단장비,KITA_MTI6_01.xls,94
932040,미용및조직수복용,KITA_MTI6_01.xls,105
932050,안과및광학의료기기,KITA_MTI6_03.xls,101
932060,일반수술및처치용,KITA_MTI6_03.xls,63
932090,기타,KITA_MTI6_02.xls,12
950100,반창고,KITA_MTI6_05..xls,75
950200,붕대,KITA_MTI6_08.xls,55
950990,기타의료위생용품,KITA_MTI6_04.xls,104
961010,다이아몬드,KITA_MTI6_08.xls,91
961020,진주,KITA_MTI6_13.xls,8
961090,기타보석,KITA_MTI6_07.xls,97
962000,귀금속장식품,KITA_MTI6_10.xls,63
963000,공업용귀금속제품,KITA_MTI6_08.xls,49
970100,무기류,KITA_MTI6_01.xls,38
970200,무기류부품,KITA_MTI6_02.xls,37
980000,가발및가눈썹,KITA_MTI6_09.xls,97
999000,기타,KITA_MTI6_04.xls,102
