산업20,소분류코드,공식소분류명,신성질코드,신성질품목명,시작월,종료월,상태,item수,resultCode,resultMsg
가전,12010000,1)가전제품,12010102,(LCD TV),202501,202512,OK,408,00,정상서비스.
가전,12010000,1)가전제품,12010102,(LCD TV),202601,202608,OK,244,00,정상서비스.
가전,12010000,1)가전제품,12010105,(흑백 TV),202501,202512,OK,4,00,정상서비스.
가전,12010000,1)가전제품,12010105,(흑백 TV),202601,202608,OK,3,00,정상서비스.
가전,12010000,1)가전제품,12010190,(기타 TV),202501,202512,OK,501,00,정상서비스.
가전,12010000,1)가전제품,12010190,(기타 TV),202601,202608,OK,304,00,정상서비스.
가전,12010000,1)가전제품,12010201,(냉장고),202501,202512,OK,1082,00,정상서비스.
가전,12010000,1)가전제품,12010201,(냉장고),202601,202608,OK,713,00,정상서비스.
가전,12010000,1)가전제품,12010301,(세탁기),202501,202512,OK,317,00,정상서비스.
가전,12010000,1)가전제품,12010301,(세탁기),202601,202608,OK,214,00,정상서비스.
가전,12010000,1)가전제품,12010401,(에어컨),202501,202512,OK,220,00,정상서비스.
가전,12010000,1)가전제품,12010401,(에어컨),202601,202608,OK,129,00,정상서비스.
가전,12010000,1)가전제품,12010501,(음향기기),202501,202512,OK,1462,00,정상서비스.
가전,12010000,1)가전제품,12010501,(음향기기),202601,202608,OK,1044,00,정상서비스.
가전,12010000,1)가전제품,12010601,"(청소,세척기)",202501,202512,OK,634,00,정상서비스.
가전,12010000,1)가전제품,12010601,"(청소,세척기)",202601,202608,OK,446,00,정상서비스.
가전,12010000,1)가전제품,12019001,(기타 가전제품),202501,202512,OK,1663,00,정상서비스.
가전,12010000,1)가전제품,12019001,(기타 가전제품),202601,202608,OK,1128,00,정상서비스.
디스플레이,34020000,2)평판디스플레이,34020101,(액정 디바이스),202501,202512,OK,251,00,정상서비스.
디스플레이,34020000,2)평판디스플레이,34020101,(액정 디바이스),202601,202608,OK,175,00,정상서비스.
디스플레이,34020000,2)평판디스플레이,34020102,(평판디스플레이 부품),202501,202512,OK,604,00,정상서비스.
디스플레이,34020000,2)평판디스플레이,34020102,(평판디스플레이 부품),202601,202608,OK,393,00,정상서비스.
디스플레이,34020000,2)평판디스플레이,34020190,(기타 평판디스플레이패널),202501,202512,OK,98,00,정상서비스.
디스플레이,34020000,2)평판디스플레이,34020190,(기타 평판디스플레이패널),202601,202608,OK,68,00,정상서비스.
무선통신기기,33020000,2)무선통신기기,33020101,(CDMA 방식 휴대전화),202501,202512,OK,9,00,정상서비스.
무선통신기기,33020000,2)무선통신기기,33020101,(CDMA 방식 휴대전화),202601,202608,OK,1,00,정상서비스.
무선통신기기,33020000,2)무선통신기기,33020102,(TDMA 방식 휴대전화),202501,202512,OK,8,00,정상서비스.
무선통신기기,33020000,2)무선통신기기,33020102,(TDMA 방식 휴대전화),202601,202608,OK,1,00,정상서비스.
무선통신기기,33020000,2)무선통신기기,33020103,(OFDM 방식 휴대전화),202501,202512,OK,0,00,정상서비스.
무선통신기기,33020000,2)무선통신기기,33020103,(OFDM 방식 휴대전화),202601,202608,OK,0,00,정상서비스.
무선통신기기,33020000,2)무선통신기기,33020104,(스마트폰),202501,202512,OK,1146,00,정상서비스.
무선통신기기,33020000,2)무선통신기기,33020104,(스마트폰),202601,202608,OK,780,00,정상서비스.
무선통신기기,33020000,2)무선통신기기,33020190,(기타 방식 휴대전화),202501,202512,OK,184,00,정상서비스.
무선통신기기,33020000,2)무선통신기기,33020190,(기타 방식 휴대전화),202601,202608,OK,179,00,정상서비스.
무선통신기기,33020000,2)무선통신기기,33020201,(레이더),202501,202512,OK,654,00,정상서비스.
무선통신기기,33020000,2)무선통신기기,33020201,(레이더),202601,202608,OK,444,00,정상서비스.
무선통신기기,33020000,2)무선통신기기,33020202,(레이더 부품),202501,202512,OK,82,00,정상서비스.
무선통신기기,33020000,2)무선통신기기,33020202,(레이더 부품),202601,202608,OK,49,00,정상서비스.
무선통신기기,33020000,2)무선통신기기,33020301,(방송용 통신기기),202501,202512,OK,181,00,정상서비스.
무선통신기기,33020000,2)무선통신기기,33020301,(방송용 통신기기),202601,202608,OK,123,00,정상서비스.
무선통신기기,33020000,2)무선통신기기,33020302,(방송용 통신기기 부품),202501,202512,OK,221,00,정상서비스.
무선통신기기,33020000,2)무선통신기기,33020302,(방송용 통신기기 부품),202601,202608,OK,140,00,정상서비스.
무선통신기기,33020000,2)무선통신기기,33029001,(기타 무선통신기기),202501,202512,OK,990,00,정상서비스.
무선통신기기,33020000,2)무선통신기기,33029001,(기타 무선통신기기),202601,202608,OK,659,00,정상서비스.
무선통신기기,33020000,2)무선통신기기,33029002,(기타 무선통신기기 부품),202501,202512,OK,976,00,정상서비스.
무선통신기기,33020000,2)무선통신기기,33029002,(기타 무선통신기기 부품),202601,202608,OK,637,00,정상서비스.
반도체,34010000,1)반도체,34010101,(메모리반도체),202501,202512,OK,497,00,정상서비스.
반도체,34010000,1)반도체,34010101,(메모리반도체),202601,202608,OK,371,00,정상서비스.
반도체,34010000,1)반도체,34010102,(시스템반도체),202501,202512,OK,725,00,정상서비스.
반도체,34010000,1)반도체,34010102,(시스템반도체),202601,202608,OK,487,00,정상서비스.
반도체,34010000,1)반도체,34010103,(집적회로반도체 부품),202501,202512,OK,284,00,정상서비스.
반도체,34010000,1)반도체,34010103,(집적회로반도체 부품),202601,202608,OK,180,00,정상서비스.
반도체,34010000,1)반도체,34010190,(기타 집적회로반도체),202501,202512,OK,544,00,정상서비스.
반도체,34010000,1)반도체,34010190,(기타 집적회로반도체),202601,202608,OK,364,00,정상서비스.
반도체,34010000,1)반도체,34010201,(다이오드),202501,202512,OK,444,00,정상서비스.
반도체,34010000,1)반도체,34010201,(다이오드),202601,202608,OK,328,00,정상서비스.
반도체,34010000,1)반도체,34010202,(트랜지스터),202501,202512,OK,476,00,정상서비스.
반도체,34010000,1)반도체,34010202,(트랜지스터),202601,202608,OK,346,00,정상서비스.
반도체,34010000,1)반도체,34010203,(발광다이오드(LED)),202501,202512,OK,538,00,정상서비스.
반도체,34010000,1)반도체,34010203,(발광다이오드(LED)),202601,202608,OK,392,00,정상서비스.
반도체,34010000,1)반도체,34010204,(개별소자반도체 부품),202501,202512,OK,216,00,정상서비스.
반도체,34010000,1)반도체,34010204,(개별소자반도체 부품),202601,202608,OK,156,00,정상서비스.
반도체,34010000,1)반도체,34010290,(기타 개별소자반도체),202501,202512,OK,687,00,정상서비스.
반도체,34010000,1)반도체,34010290,(기타 개별소자반도체),202601,202608,OK,482,00,정상서비스.
반도체,34010000,1)반도체,34010301,(실리콘웨이퍼),202501,202512,OK,314,00,정상서비스.
반도체,34010000,1)반도체,34010301,(실리콘웨이퍼),202601,202608,OK,206,00,정상서비스.
생활용품,12040000,4)내구성 생활용품,12040101,(가구),202501,202512,OK,1212,00,정상서비스.
생활용품,12040000,4)내구성 생활용품,12040101,(가구),202601,202608,OK,778,00,정상서비스.
생활용품,12040000,4)내구성 생활용품,12040201,(가사용구),202501,202512,OK,1120,00,정상서비스.
생활용품,12040000,4)내구성 생활용품,12040201,(가사용구),202601,202608,OK,731,00,정상서비스.
생활용품,12040000,4)내구성 생활용품,12040301,(손목시계),202501,202512,OK,450,00,정상서비스.
생활용품,12040000,4)내구성 생활용품,12040301,(손목시계),202601,202608,OK,337,00,정상서비스.
생활용품,12040000,4)내구성 생활용품,12040302,(전자시계),202501,202512,OK,45,00,정상서비스.
생활용품,12040000,4)내구성 생활용품,12040302,(전자시계),202601,202608,OK,62,00,정상서비스.
생활용품,12040000,4)내구성 생활용품,12040303,(자명종시계),202501,202512,OK,113,00,정상서비스.
생활용품,12040000,4)내구성 생활용품,12040303,(자명종시계),202601,202608,OK,93,00,정상서비스.
생활용품,12040000,4)내구성 생활용품,12040304,(벽시계),202501,202512,OK,145,00,정상서비스.
생활용품,12040000,4)내구성 생활용품,12040304,(벽시계),202601,202608,OK,110,00,정상서비스.
생활용품,12040000,4)내구성 생활용품,12040305,(시계줄),202501,202512,OK,286,00,정상서비스.
생활용품,12040000,4)내구성 생활용품,12040305,(시계줄),202601,202608,OK,192,00,정상서비스.
생활용품,12040000,4)내구성 생활용품,12040390,(기타 시계),202501,202512,OK,556,00,정상서비스.
생활용품,12040000,4)내구성 생활용품,12040390,(기타 시계),202601,202608,OK,341,00,정상서비스.
생활용품,12040000,4)내구성 생활용품,12040401,(목제 생활용품),202501,202512,OK,496,00,정상서비스.
생활용품,12040000,4)내구성 생활용품,12040401,(목제 생활용품),202601,202608,OK,427,00,정상서비스.
생활용품,12040000,4)내구성 생활용품,12040501,(플라스틱제 생활용품),202501,202512,OK,1842,00,정상서비스.
생활용품,12040000,4)내구성 생활용품,12040501,(플라스틱제 생활용품),202601,202608,OK,1258,00,정상서비스.
생활용품,12040000,4)내구성 생활용품,12040601,(의료위생용품),202501,202512,OK,1408,00,정상서비스.
생활용품,12040000,4)내구성 생활용품,12040601,(의료위생용품),202601,202608,OK,938,00,정상서비스.
생활용품,12040000,4)내구성 생활용품,12040701,(악기류),202501,202512,OK,538,00,정상서비스.
생활용품,12040000,4)내구성 생활용품,12040701,(악기류),202601,202608,OK,357,00,정상서비스.
생활용품,12040000,4)내구성 생활용품,12040801,(완구류),202501,202512,OK,1346,00,정상서비스.
생활용품,12040000,4)내구성 생활용품,12040801,(완구류),202601,202608,OK,1004,00,정상서비스.
생활용품,12040000,4)내구성 생활용품,12040901,(장신구),202501,202512,OK,1008,00,정상서비스.
생활용품,12040000,4)내구성 생활용품,12040901,(장신구),202601,202608,OK,726,00,정상서비스.
생활용품,12040000,4)내구성 생활용품,12041001,(장식용 세공품),202501,202512,OK,729,00,정상서비스.
생활용품,12040000,4)내구성 생활용품,12041001,(장식용 세공품),202601,202608,OK,562,00,정상서비스.
생활용품,12040000,4)내구성 생활용품,12049001,(기타 내구성 생활용품),202501,202512,OK,957,00,정상서비스.
생활용품,12040000,4)내구성 생활용품,12049001,(기타 내구성 생활용품),202601,202608,OK,631,00,정상서비스.
생활용품,13060000,6)비내구성 생활용품,13060101,"(종이제 생활용품(가정용 화장지, 패드, 냅킨))",202501,202512,OK,803,00,정상서비스.
생활용품,13060000,6)비내구성 생활용품,13060101,"(종이제 생활용품(가정용 화장지, 패드, 냅킨))",202601,202608,OK,553,00,정상서비스.
생활용품,13060000,6)비내구성 생활용품,13060201,(문구류),202501,202512,OK,1504,00,정상서비스.
생활용품,13060000,6)비내구성 생활용품,13060201,(문구류),202601,202608,OK,992,00,정상서비스.
생활용품,13060000,6)비내구성 생활용품,13060301,(운동용구),202501,202512,OK,927,00,정상서비스.
생활용품,13060000,6)비내구성 생활용품,13060301,(운동용구),202601,202608,OK,636,00,정상서비스.
생활용품,13060000,6)비내구성 생활용품,13069001,(기타 비내구성 생활용품),202501,202512,OK,1317,00,정상서비스.
생활용품,13060000,6)비내구성 생활용품,13069001,(기타 비내구성 생활용품),202601,202608,OK,903,00,정상서비스.
석유화학,25010000,1)석유화학제품,25010101,(합성수지),202501,202512,OK,1569,00,정상서비스.
석유화학,25010000,1)석유화학제품,25010101,(합성수지),202601,202608,OK,1020,00,정상서비스.
석유화학,25010000,1)석유화학제품,25010201,(석유화학섬유원료),202501,202512,OK,268,00,정상서비스.
석유화학,25010000,1)석유화학제품,25010201,(석유화학섬유원료),202601,202608,OK,185,00,정상서비스.
석유화학,25010000,1)석유화학제품,25010301,(합성고무),202501,202512,OK,713,00,정상서비스.
석유화학,25010000,1)석유화학제품,25010301,(합성고무),202601,202608,OK,463,00,정상서비스.
석유화학,25010000,1)석유화학제품,25019001,(기타 석유화학제품),202501,202512,OK,317,00,정상서비스.
석유화학,25010000,1)석유화학제품,25019001,(기타 석유화학제품),202601,202608,OK,196,00,정상서비스.
선박류,31040000,4)선박,31040101,(여객선),202501,202512,OK,13,00,정상서비스.
선박류,31040000,4)선박,31040101,(여객선),202601,202608,OK,4,00,정상서비스.
선박류,31040000,4)선박,31040201,(화물선),202501,202512,OK,140,00,정상서비스.
선박류,31040000,4)선박,31040201,(화물선),202601,202608,OK,105,00,정상서비스.
선박류,31040000,4)선박,31040301,(어선),202501,202512,OK,6,00,정상서비스.
선박류,31040000,4)선박,31040301,(어선),202601,202608,OK,4,00,정상서비스.
선박류,31040000,4)선박,31040401,(요트),202501,202512,OK,39,00,정상서비스.
선박류,31040000,4)선박,31040401,(요트),202601,202608,OK,24,00,정상서비스.
선박류,31040000,4)선박,31040501,(모터보트),202501,202512,OK,45,00,정상서비스.
선박류,31040000,4)선박,31040501,(모터보트),202601,202608,OK,33,00,정상서비스.
선박류,31040000,4)선박,31040601,(예인선),202501,202512,OK,9,00,정상서비스.
선박류,31040000,4)선박,31040601,(예인선),202601,202608,OK,6,00,정상서비스.
선박류,31040000,4)선박,31040701,(군함),202501,202512,OK,7,00,정상서비스.
선박류,31040000,4)선박,31040701,(군함),202601,202608,OK,2,00,정상서비스.
선박류,31040000,4)선박,31049001,(기타 선박),202501,202512,OK,36,00,정상서비스.
선박류,31040000,4)선박,31049001,(기타 선박),202601,202608,OK,20,00,정상서비스.
섬유류,22010000,1)섬유원료,22010101,(견),202501,202512,OK,2,00,정상서비스.
섬유류,22010000,1)섬유원료,22010101,(견),202601,202608,OK,1,00,정상서비스.
섬유류,22010000,1)섬유원료,22010102,(모),202501,202512,OK,22,00,정상서비스.
섬유류,22010000,1)섬유원료,22010102,(모),202601,202608,OK,13,00,정상서비스.
섬유류,22010000,1)섬유원료,22010103,(면),202501,202512,OK,87,00,정상서비스.
섬유류,22010000,1)섬유원료,22010103,(면),202601,202608,OK,67,00,정상서비스.
섬유류,22010000,1)섬유원료,22010104,(마),202501,202512,OK,15,00,정상서비스.
섬유류,22010000,1)섬유원료,22010104,(마),202601,202608,OK,4,00,정상서비스.
섬유류,22010000,1)섬유원료,22010201,(나일론섬유),202501,202512,OK,168,00,정상서비스.
섬유류,22010000,1)섬유원료,22010201,(나일론섬유),202601,202608,OK,115,00,정상서비스.
섬유류,22010000,1)섬유원료,22010202,(폴리에스테르섬유),202501,202512,OK,732,00,정상서비스.
섬유류,22010000,1)섬유원료,22010202,(폴리에스테르섬유),202601,202608,OK,470,00,정상서비스.
섬유류,22010000,1)섬유원료,22010290,(기타 합성섬유),202501,202512,OK,497,00,정상서비스.
섬유류,22010000,1)섬유원료,22010290,(기타 합성섬유),202601,202608,OK,305,00,정상서비스.
섬유류,22010000,1)섬유원료,22010301,(아세테이트섬유),202501,202512,OK,47,00,정상서비스.
섬유류,22010000,1)섬유원료,22010301,(아세테이트섬유),202601,202608,OK,22,00,정상서비스.
섬유류,22010000,1)섬유원료,22010302,(비스코스섬유),202501,202512,OK,4,00,정상서비스.
섬유류,22010000,1)섬유원료,22010302,(비스코스섬유),202601,202608,OK,3,00,정상서비스.
섬유류,22010000,1)섬유원료,22010390,(기타 재생·반합성섬유),202501,202512,OK,6,00,정상서비스.
섬유류,22010000,1)섬유원료,22010390,(기타 재생·반합성섬유),202601,202608,OK,4,00,정상서비스.
섬유류,22010000,1)섬유원료,22010391,(모든 재생·반합성섬유),202501,202512,OK,17,00,정상서비스.
섬유류,22010000,1)섬유원료,22010391,(모든 재생·반합성섬유),202601,202608,OK,5,00,정상서비스.
섬유류,22020000,2)섬유사,22020101,(견사),202501,202512,OK,2,00,정상서비스.
섬유류,22020000,2)섬유사,22020101,(견사),202601,202608,OK,2,00,정상서비스.
섬유류,22020000,2)섬유사,22020102,(모사),202501,202512,OK,157,00,정상서비스.
섬유류,22020000,2)섬유사,22020102,(모사),202601,202608,OK,107,00,정상서비스.
섬유류,22020000,2)섬유사,22020103,(면사),202501,202512,OK,253,00,정상서비스.
섬유류,22020000,2)섬유사,22020103,(면사),202601,202608,OK,230,00,정상서비스.
섬유류,22020000,2)섬유사,22020104,(마사),202501,202512,OK,27,00,정상서비스.
섬유류,22020000,2)섬유사,22020104,(마사),202601,202608,OK,18,00,정상서비스.
섬유류,22020000,2)섬유사,22020201,(나일론사(장섬유사)),202501,202512,OK,486,00,정상서비스.
섬유류,22020000,2)섬유사,22020201,(나일론사(장섬유사)),202601,202608,OK,288,00,정상서비스.
섬유류,22020000,2)섬유사,22020202,(폴리에스테르사(장섬유사)),202501,202512,OK,548,00,정상서비스.
섬유류,22020000,2)섬유사,22020202,(폴리에스테르사(장섬유사)),202601,202608,OK,353,00,정상서비스.
섬유류,22020000,2)섬유사,22020290,(기타 합성섬유사(장섬유사)),202501,202512,OK,666,00,정상서비스.
섬유류,22020000,2)섬유사,22020290,(기타 합성섬유사(장섬유사)),202601,202608,OK,425,00,정상서비스.
섬유류,22020000,2)섬유사,22020301,(아세테이트사(장섬유사)),202501,202512,OK,12,00,정상서비스.
섬유류,22020000,2)섬유사,22020301,(아세테이트사(장섬유사)),202601,202608,OK,5,00,정상서비스.
섬유류,22020000,2)섬유사,22020302,(비스코스사(장섬유사)),202501,202512,OK,177,00,정상서비스.
섬유류,22020000,2)섬유사,22020302,(비스코스사(장섬유사)),202601,202608,OK,123,00,정상서비스.
섬유류,22020000,2)섬유사,22020390,(기타 재생·반합성섬유사(장섬유사)),202501,202512,OK,49,00,정상서비스.
섬유류,22020000,2)섬유사,22020390,(기타 재생·반합성섬유사(장섬유사)),202601,202608,OK,35,00,정상서비스.
섬유류,22020000,2)섬유사,22020401,(나일론사(방적사)),202501,202512,OK,70,00,정상서비스.
섬유류,22020000,2)섬유사,22020401,(나일론사(방적사)),202601,202608,OK,37,00,정상서비스.
섬유류,22020000,2)섬유사,22020402,(폴리에스테르사(방적사)),202501,202512,OK,244,00,정상서비스.
섬유류,22020000,2)섬유사,22020402,(폴리에스테르사(방적사)),202601,202608,OK,161,00,정상서비스.
섬유류,22020000,2)섬유사,22020403,(아크릴사(방적사)),202501,202512,OK,51,00,정상서비스.
섬유류,22020000,2)섬유사,22020403,(아크릴사(방적사)),202601,202608,OK,37,00,정상서비스.
섬유류,22020000,2)섬유사,22020490,(기타 합성섬유사(방적사)),202501,202512,OK,142,00,정상서비스.
섬유류,22020000,2)섬유사,22020490,(기타 합성섬유사(방적사)),202601,202608,OK,98,00,정상서비스.
섬유류,22020000,2)섬유사,22020491,(모든 합성섬유사(방적사)),202501,202512,OK,38,00,정상서비스.
섬유류,22020000,2)섬유사,22020491,(모든 합성섬유사(방적사)),202601,202608,OK,33,00,정상서비스.
섬유류,22020000,2)섬유사,22020502,(비스코스사(방적사)),202501,202512,OK,48,00,정상서비스.
섬유류,22020000,2)섬유사,22020502,(비스코스사(방적사)),202601,202608,OK,28,00,정상서비스.
섬유류,22020000,2)섬유사,22020590,(기타 재생·반합성섬유사(방적사)),202501,202512,OK,31,00,정상서비스.
섬유류,22020000,2)섬유사,22020590,(기타 재생·반합성섬유사(방적사)),202601,202608,OK,16,00,정상서비스.
섬유류,22020000,2)섬유사,22020591,(모든 재생·반합성섬유사(방적사)),202501,202512,OK,21,00,정상서비스.
섬유류,22020000,2)섬유사,22020591,(모든 재생·반합성섬유사(방적사)),202601,202608,OK,11,00,정상서비스.
섬유류,22020000,2)섬유사,22029001,(기타 섬유사),202501,202512,OK,308,00,정상서비스.
섬유류,22020000,2)섬유사,22029001,(기타 섬유사),202601,202608,OK,224,00,정상서비스.
섬유류,22030000,3)섬유직물,22030101,(천연섬유직물),202501,202512,OK,641,00,정상서비스.
섬유류,22030000,3)섬유직물,22030101,(천연섬유직물),202601,202608,OK,400,00,정상서비스.
섬유류,22030000,3)섬유직물,22030201,(나일론 직물),202501,202512,OK,488,00,정상서비스.
섬유류,22030000,3)섬유직물,22030201,(나일론 직물),202601,202608,OK,322,00,정상서비스.
섬유류,22030000,3)섬유직물,22030202,(폴리에스테르 직물),202501,202512,OK,938,00,정상서비스.
섬유류,22030000,3)섬유직물,22030202,(폴리에스테르 직물),202601,202608,OK,601,00,정상서비스.
섬유류,22030000,3)섬유직물,22030203,(아크릴 직물),202501,202512,OK,28,00,정상서비스.
섬유류,22030000,3)섬유직물,22030203,(아크릴 직물),202601,202608,OK,15,00,정상서비스.
섬유류,22030000,3)섬유직물,22030204,(폴리에스테르 또는 아크릴 직물),202501,202512,OK,340,00,정상서비스.
섬유류,22030000,3)섬유직물,22030204,(폴리에스테르 또는 아크릴 직물),202601,202608,OK,233,00,정상서비스.
섬유류,22030000,3)섬유직물,22030290,(기타 합성장섬유 직물),202501,202512,OK,190,00,정상서비스.
섬유류,22030000,3)섬유직물,22030290,(기타 합성장섬유 직물),202601,202608,OK,139,00,정상서비스.
섬유류,22030000,3)섬유직물,22030301,(재생·반합성장섬유 직물),202501,202512,OK,356,00,정상서비스.
섬유류,22030000,3)섬유직물,22030301,(재생·반합성장섬유 직물),202601,202608,OK,226,00,정상서비스.
섬유류,22030000,3)섬유직물,22030401,(합성단섬유 직물),202501,202512,OK,480,00,정상서비스.
섬유류,22030000,3)섬유직물,22030401,(합성단섬유 직물),202601,202608,OK,299,00,정상서비스.
섬유류,22030000,3)섬유직물,22030501,(재생·반합성단섬유 직물),202501,202512,OK,390,00,정상서비스.
섬유류,22030000,3)섬유직물,22030501,(재생·반합성단섬유 직물),202601,202608,OK,225,00,정상서비스.
섬유류,22030000,3)섬유직물,22030601,(편직물),202501,202512,OK,970,00,정상서비스.
섬유류,22030000,3)섬유직물,22030601,(편직물),202601,202608,OK,608,00,정상서비스.
섬유류,22030000,3)섬유직물,22039001,(기타 직물),202501,202512,OK,1081,00,정상서비스.
섬유류,22030000,3)섬유직물,22039001,(기타 직물),202601,202608,OK,730,00,정상서비스.
섬유류,22900000,4)기타 섬유제품(의류 제외),22900101,(기타 섬유제품(의류 제외)),202501,202512,OK,1346,00,정상서비스.
섬유류,22900000,4)기타 섬유제품(의류 제외),22900101,(기타 섬유제품(의류 제외)),202601,202608,OK,872,00,정상서비스.
일반기계,32030000,3)일반기계,32030101,(증기터빈),202501,202512,OK,1,00,정상서비스.
일반기계,32030000,3)일반기계,32030101,(증기터빈),202601,202608,OK,3,00,정상서비스.
일반기계,32030000,3)일반기계,32030102,(수력터빈),202501,202512,OK,6,00,정상서비스.
일반기계,32030000,3)일반기계,32030102,(수력터빈),202601,202608,OK,0,00,정상서비스.
일반기계,32030000,3)일반기계,32030103,(불꽃 점화식 내연기관),202501,202512,OK,1724,00,정상서비스.
일반기계,32030000,3)일반기계,32030103,(불꽃 점화식 내연기관),202601,202608,OK,1148,00,정상서비스.
일반기계,32030000,3)일반기계,32030104,(압축 점화식 내연기관),202501,202512,OK,752,00,정상서비스.
일반기계,32030000,3)일반기계,32030104,(압축 점화식 내연기관),202601,202608,OK,500,00,정상서비스.
일반기계,32030000,3)일반기계,32030105,(터보제트),202501,202512,OK,19,00,정상서비스.
일반기계,32030000,3)일반기계,32030105,(터보제트),202601,202608,OK,6,00,정상서비스.
일반기계,32030000,3)일반기계,32030106,(내연기관 및 터빈의 부품),202501,202512,OK,600,00,정상서비스.
일반기계,32030000,3)일반기계,32030106,(내연기관 및 터빈의 부품),202601,202608,OK,387,00,정상서비스.
일반기계,32030000,3)일반기계,32030190,(기타 내연기관 및 터빈),202501,202512,OK,188,00,정상서비스.
일반기계,32030000,3)일반기계,32030190,(기타 내연기관 및 터빈),202601,202608,OK,113,00,정상서비스.
일반기계,32030000,3)일반기계,32030201,(액체펌프),202501,202512,OK,1222,00,정상서비스.
일반기계,32030000,3)일반기계,32030201,(액체펌프),202601,202608,OK,836,00,정상서비스.
일반기계,32030000,3)일반기계,32030202,(기체펌프),202501,202512,OK,1215,00,정상서비스.
일반기계,32030000,3)일반기계,32030202,(기체펌프),202601,202608,OK,824,00,정상서비스.
일반기계,32030000,3)일반기계,32030203,(펌프 부품),202501,202512,OK,1254,00,정상서비스.
일반기계,32030000,3)일반기계,32030203,(펌프 부품),202601,202608,OK,830,00,정상서비스.
일반기계,32030000,3)일반기계,32030301,(운반하역기계),202501,202512,OK,900,00,정상서비스.
일반기계,32030000,3)일반기계,32030301,(운반하역기계),202601,202608,OK,571,00,정상서비스.
일반기계,32030000,3)일반기계,32030302,(운반하역기계 부품),202501,202512,OK,1083,00,정상서비스.
일반기계,32030000,3)일반기계,32030302,(운반하역기계 부품),202601,202608,OK,710,00,정상서비스.
일반기계,32030000,3)일반기계,32030401,(냉방기),202501,202512,OK,799,00,정상서비스.
일반기계,32030000,3)일반기계,32030401,(냉방기),202601,202608,OK,533,00,정상서비스.
일반기계,32030000,3)일반기계,32030402,(가열기구),202501,202512,OK,522,00,정상서비스.
일반기계,32030000,3)일반기계,32030402,(가열기구),202601,202608,OK,333,00,정상서비스.
일반기계,32030000,3)일반기계,32030403,(증기발생 보일러),202501,202512,OK,234,00,정상서비스.
일반기계,32030000,3)일반기계,32030403,(증기발생 보일러),202601,202608,OK,186,00,정상서비스.
일반기계,32030000,3)일반기계,32030404,(온수 보일러),202501,202512,OK,167,00,정상서비스.
일반기계,32030000,3)일반기계,32030404,(온수 보일러),202601,202608,OK,101,00,정상서비스.
일반기계,32030000,3)일반기계,32030405,(공기조절기),202501,202512,OK,999,00,정상서비스.
일반기계,32030000,3)일반기계,32030405,(공기조절기),202601,202608,OK,632,00,정상서비스.
일반기계,32030000,3)일반기계,32030406,(냉난방기계 부품),202501,202512,OK,1407,00,정상서비스.
일반기계,32030000,3)일반기계,32030406,(냉난방기계 부품),202601,202608,OK,926,00,정상서비스.
일반기계,32030000,3)일반기계,32030501,(액체 및 기체 여과기계),202501,202512,OK,1468,00,정상서비스.
일반기계,32030000,3)일반기계,32030501,(액체 및 기체 여과기계),202601,202608,OK,969,00,정상서비스.
일반기계,32030000,3)일반기계,32030502,(액체 및 기체 여과기계 부품),202501,202512,OK,757,00,정상서비스.
일반기계,32030000,3)일반기계,32030502,(액체 및 기체 여과기계 부품),202601,202608,OK,476,00,정상서비스.
일반기계,32030000,3)일반기계,32030601,(경작기계),202501,202512,OK,204,00,정상서비스.
일반기계,32030000,3)일반기계,32030601,(경작기계),202601,202608,OK,123,00,정상서비스.
일반기계,32030000,3)일반기계,32030602,(수확·탈곡기계),202501,202512,OK,183,00,정상서비스.
일반기계,32030000,3)일반기계,32030602,(수확·탈곡기계),202601,202608,OK,111,00,정상서비스.
일반기계,32030000,3)일반기계,32030603,(낙농기계),202501,202512,OK,11,00,정상서비스.
일반기계,32030000,3)일반기계,32030603,(낙농기계),202601,202608,OK,2,00,정상서비스.
일반기계,32030000,3)일반기계,32030604,(농기계 부품),202501,202512,OK,415,00,정상서비스.
일반기계,32030000,3)일반기계,32030604,(농기계 부품),202601,202608,OK,257,00,정상서비스.
일반기계,32030000,3)일반기계,32030690,(기타 농기계),202501,202512,OK,307,00,정상서비스.
일반기계,32030000,3)일반기계,32030690,(기타 농기계),202601,202608,OK,199,00,정상서비스.
일반기계,32030000,3)일반기계,32030701,(금속절삭가공기계),202501,202512,OK,724,00,정상서비스.
일반기계,32030000,3)일반기계,32030701,(금속절삭가공기계),202601,202608,OK,448,00,정상서비스.
일반기계,32030000,3)일반기계,32030702,(금속성형가공기계),202501,202512,OK,444,00,정상서비스.
일반기계,32030000,3)일반기계,32030702,(금속성형가공기계),202601,202608,OK,275,00,정상서비스.
일반기계,32030000,3)일반기계,32030703,(광물가공기계),202501,202512,OK,350,00,정상서비스.
일반기계,32030000,3)일반기계,32030703,(광물가공기계),202601,202608,OK,239,00,정상서비스.
일반기계,32030000,3)일반기계,32030704,(목재가공기계),202501,202512,OK,225,00,정상서비스.
일반기계,32030000,3)일반기계,32030704,(목재가공기계),202601,202608,OK,147,00,정상서비스.
일반기계,32030000,3)일반기계,32030705,(유리가공기계),202501,202512,OK,59,00,정상서비스.
일반기계,32030000,3)일반기계,32030705,(유리가공기계),202601,202608,OK,33,00,정상서비스.
일반기계,32030000,3)일반기계,32030706,(가공공작기계 부품),202501,202512,OK,926,00,정상서비스.
일반기계,32030000,3)일반기계,32030706,(가공공작기계 부품),202601,202608,OK,614,00,정상서비스.
일반기계,32030000,3)일반기계,32030801,(불도우저),202501,202512,OK,57,00,정상서비스.
일반기계,32030000,3)일반기계,32030801,(불도우저),202601,202608,OK,35,00,정상서비스.
일반기계,32030000,3)일반기계,32030802,(지게차),202501,202512,OK,616,00,정상서비스.
일반기계,32030000,3)일반기계,32030802,(지게차),202601,202608,OK,393,00,정상서비스.
일반기계,32030000,3)일반기계,32030803,(기타 건설 중장비),202501,202512,OK,997,00,정상서비스.
일반기계,32030000,3)일반기계,32030803,(기타 건설 중장비),202601,202608,OK,629,00,정상서비스.
일반기계,32030000,3)일반기계,32030804,(건설기계 부품),202501,202512,OK,1723,00,정상서비스.
일반기계,32030000,3)일반기계,32030804,(건설기계 부품),202601,202608,OK,1171,00,정상서비스.
일반기계,32030000,3)일반기계,32030901,(광산기계),202501,202512,OK,163,00,정상서비스.
일반기계,32030000,3)일반기계,32030901,(광산기계),202601,202608,OK,114,00,정상서비스.
일반기계,32030000,3)일반기계,32030902,(광산기계 부품),202501,202512,OK,327,00,정상서비스.
일반기계,32030000,3)일반기계,32030902,(광산기계 부품),202601,202608,OK,198,00,정상서비스.
일반기계,32030000,3)일반기계,32031001,(섬유기계),202501,202512,OK,1043,00,정상서비스.
일반기계,32030000,3)일반기계,32031001,(섬유기계),202601,202608,OK,675,00,정상서비스.
일반기계,32030000,3)일반기계,32031002,(피혁가공기계),202501,202512,OK,188,00,정상서비스.
일반기계,32030000,3)일반기계,32031002,(피혁가공기계),202601,202608,OK,125,00,정상서비스.
일반기계,32030000,3)일반기계,32031003,(재봉기),202501,202512,OK,423,00,정상서비스.
일반기계,32030000,3)일반기계,32031003,(재봉기),202601,202608,OK,294,00,정상서비스.
일반기계,32030000,3)일반기계,32031004,(섬유 및 피혁가공기계 부품),202501,202512,OK,676,00,정상서비스.
일반기계,32030000,3)일반기계,32031004,(섬유 및 피혁가공기계 부품),202601,202608,OK,446,00,정상서비스.
일반기계,32030000,3)일반기계,32031101,(화학기계),202501,202512,OK,986,00,정상서비스.
일반기계,32030000,3)일반기계,32031101,(화학기계),202601,202608,OK,641,00,정상서비스.
일반기계,32030000,3)일반기계,32031102,(화학기계 부품),202501,202512,OK,824,00,정상서비스.
일반기계,32030000,3)일반기계,32031102,(화학기계 부품),202601,202608,OK,559,00,정상서비스.
일반기계,32030000,3)일반기계,32031201,(고무·플라스틱 가공기계),202501,202512,OK,467,00,정상서비스.
일반기계,32030000,3)일반기계,32031201,(고무·플라스틱 가공기계),202601,202608,OK,277,00,정상서비스.
일반기계,32030000,3)일반기계,32031202,(고무·플라스틱 가공기계 부품),202501,202512,OK,642,00,정상서비스.
일반기계,32030000,3)일반기계,32031202,(고무·플라스틱 가공기계 부품),202601,202608,OK,424,00,정상서비스.
일반기계,32030000,3)일반기계,32031301,(제지기계),202501,202512,OK,237,00,정상서비스.
일반기계,32030000,3)일반기계,32031301,(제지기계),202601,202608,OK,140,00,정상서비스.
일반기계,32030000,3)일반기계,32031302,(제본기계),202501,202512,OK,64,00,정상서비스.
일반기계,32030000,3)일반기계,32031302,(제본기계),202601,202608,OK,35,00,정상서비스.
일반기계,32030000,3)일반기계,32031303,(지가공기계),202501,202512,OK,574,00,정상서비스.
일반기계,32030000,3)일반기계,32031303,(지가공기계),202601,202608,OK,381,00,정상서비스.
일반기계,32030000,3)일반기계,32031304,(인쇄기계),202501,202512,OK,755,00,정상서비스.
일반기계,32030000,3)일반기계,32031304,(인쇄기계),202601,202608,OK,483,00,정상서비스.
일반기계,32030000,3)일반기계,32031305,(인쇄·제본기계 부품),202501,202512,OK,449,00,정상서비스.
일반기계,32030000,3)일반기계,32031305,(인쇄·제본기계 부품),202601,202608,OK,300,00,정상서비스.
일반기계,32030000,3)일반기계,32031401,(복사기),202501,202512,OK,29,00,정상서비스.
일반기계,32030000,3)일반기계,32031401,(복사기),202601,202608,OK,17,00,정상서비스.
일반기계,32030000,3)일반기계,32031402,(복사기 부품),202501,202512,OK,108,00,정상서비스.
일반기계,32030000,3)일반기계,32031402,(복사기 부품),202601,202608,OK,64,00,정상서비스.
일반기계,32030000,3)일반기계,32031501,(프레스 금형),202501,202512,OK,475,00,정상서비스.
일반기계,32030000,3)일반기계,32031501,(프레스 금형),202601,202608,OK,324,00,정상서비스.
일반기계,32030000,3)일반기계,32031502,(다이캐스팅 금형),202501,202512,OK,252,00,정상서비스.
일반기계,32030000,3)일반기계,32031502,(다이캐스팅 금형),202601,202608,OK,152,00,정상서비스.
일반기계,32030000,3)일반기계,32031503,(플라스틱 금형),202501,202512,OK,539,00,정상서비스.
일반기계,32030000,3)일반기계,32031503,(플라스틱 금형),202601,202608,OK,366,00,정상서비스.
일반기계,32030000,3)일반기계,32031504,(기타 금형),202501,202512,OK,361,00,정상서비스.
일반기계,32030000,3)일반기계,32031504,(기타 금형),202601,202608,OK,261,00,정상서비스.
일반기계,32030000,3)일반기계,32031601,(압연기),202501,202512,OK,307,00,정상서비스.
일반기계,32030000,3)일반기계,32031601,(압연기),202601,202608,OK,183,00,정상서비스.
일반기계,32030000,3)일반기계,32031602,(압연기 부품),202501,202512,OK,219,00,정상서비스.
일반기계,32030000,3)일반기계,32031602,(압연기 부품),202601,202608,OK,133,00,정상서비스.
일반기계,32030000,3)일반기계,32031701,(용접기),202501,202512,OK,588,00,정상서비스.
일반기계,32030000,3)일반기계,32031701,(용접기),202601,202608,OK,383,00,정상서비스.
일반기계,32030000,3)일반기계,32031702,(용접기 부품),202501,202512,OK,613,00,정상서비스.
일반기계,32030000,3)일반기계,32031702,(용접기 부품),202601,202608,OK,392,00,정상서비스.
일반기계,32030000,3)일반기계,32031801,(주조설비),202501,202512,OK,84,00,정상서비스.
일반기계,32030000,3)일반기계,32031801,(주조설비),202601,202608,OK,44,00,정상서비스.
일반기계,32030000,3)일반기계,32031802,(주조설비 부품),202501,202512,OK,178,00,정상서비스.
일반기계,32030000,3)일반기계,32031802,(주조설비 부품),202601,202608,OK,114,00,정상서비스.
일반기계,32030000,3)일반기계,32031901,(식품가공기계),202501,202512,OK,494,00,정상서비스.
일반기계,32030000,3)일반기계,32031901,(식품가공기계),202601,202608,OK,332,00,정상서비스.
일반기계,32030000,3)일반기계,32031902,(식품가공기계 부품),202501,202512,OK,390,00,정상서비스.
일반기계,32030000,3)일반기계,32031902,(식품가공기계 부품),202601,202608,OK,256,00,정상서비스.
일반기계,32030000,3)일반기계,32032001,(식품포장기계),202501,202512,OK,592,00,정상서비스.
일반기계,32030000,3)일반기계,32032001,(식품포장기계),202601,202608,OK,392,00,정상서비스.
일반기계,32030000,3)일반기계,32032002,(식품포장기계 부품),202501,202512,OK,652,00,정상서비스.
일반기계,32030000,3)일반기계,32032002,(식품포장기계 부품),202601,202608,OK,418,00,정상서비스.
일반기계,32030000,3)일반기계,32039001,(기타 일반기계),202501,202512,OK,1517,00,정상서비스.
일반기계,32030000,3)일반기계,32039001,(기타 일반기계),202601,202608,OK,1035,00,정상서비스.
일반기계,32030000,3)일반기계,32039002,(기타 일반기계 부품),202501,202512,OK,1388,00,정상서비스.
일반기계,32030000,3)일반기계,32039002,(기타 일반기계 부품),202601,202608,OK,907,00,정상서비스.
자동차,12020000,2)자동차,12020101,"(가솔린 1,000cc이하 승용차 - 신차)",202501,202512,OK,586,00,정상서비스.
자동차,12020000,2)자동차,12020101,"(가솔린 1,000cc이하 승용차 - 신차)",202601,202608,OK,379,00,정상서비스.
자동차,12020000,2)자동차,12020102,"(가솔린 1,000cc초과 승용차(1,500cc이하) - 신차)",202501,202512,OK,700,00,정상서비스.
자동차,12020000,2)자동차,12020102,"(가솔린 1,000cc초과 승용차(1,500cc이하) - 신차)",202601,202608,OK,329,00,정상서비스.
자동차,12020000,2)자동차,12020103,"(가솔린 1,500cc초과 승용차(2,000cc이하) - 신차)",202501,202512,OK,975,00,정상서비스.
자동차,12020000,2)자동차,12020103,"(가솔린 1,500cc초과 승용차(2,000cc이하) - 신차)",202601,202608,OK,629,00,정상서비스.
자동차,12020000,2)자동차,12020104,"(가솔린 2,000cc초과 승용차(3,000cc이하) - 신차)",202501,202512,OK,535,00,정상서비스.
자동차,12020000,2)자동차,12020104,"(가솔린 2,000cc초과 승용차(3,000cc이하) - 신차)",202601,202608,OK,321,00,정상서비스.
자동차,12020000,2)자동차,12020105,"(가솔린 3,000cc초과 승용차(4,000cc이하) - 신차)",202501,202512,OK,384,00,정상서비스.
자동차,12020000,2)자동차,12020105,"(가솔린 3,000cc초과 승용차(4,000cc이하) - 신차)",202601,202608,OK,233,00,정상서비스.
자동차,12020000,2)자동차,12020106,"(가솔린 4,000cc초과 승용차 - 신차)",202501,202512,OK,19,00,정상서비스.
자동차,12020000,2)자동차,12020106,"(가솔린 4,000cc초과 승용차 - 신차)",202601,202608,OK,17,00,정상서비스.
자동차,12020000,2)자동차,12020201,"(가솔린 1,000cc이하 승용차 - 중고차)",202501,202512,OK,632,00,정상서비스.
자동차,12020000,2)자동차,12020201,"(가솔린 1,000cc이하 승용차 - 중고차)",202601,202608,OK,415,00,정상서비스.
자동차,12020000,2)자동차,12020202,"(가솔린 1,000cc초과 승용차(1,500cc이하) - 중고차)",202501,202512,OK,533,00,정상서비스.
자동차,12020000,2)자동차,12020202,"(가솔린 1,000cc초과 승용차(1,500cc이하) - 중고차)",202601,202608,OK,355,00,정상서비스.
자동차,12020000,2)자동차,12020203,"(가솔린 1,500cc초과 승용차(2,000cc이하) - 중고차)",202501,202512,OK,1130,00,정상서비스.
자동차,12020000,2)자동차,12020203,"(가솔린 1,500cc초과 승용차(2,000cc이하) - 중고차)",202601,202608,OK,779,00,정상서비스.
자동차,12020000,2)자동차,12020204,"(가솔린 2,000cc초과 승용차(3,000cc이하) - 중고차)",202501,202512,OK,888,00,정상서비스.
자동차,12020000,2)자동차,12020204,"(가솔린 2,000cc초과 승용차(3,000cc이하) - 중고차)",202601,202608,OK,621,00,정상서비스.
자동차,12020000,2)자동차,12020205,"(가솔린 3,000cc초과 승용차(4,000cc이하) - 중고차)",202501,202512,OK,554,00,정상서비스.
자동차,12020000,2)자동차,12020205,"(가솔린 3,000cc초과 승용차(4,000cc이하) - 중고차)",202601,202608,OK,433,00,정상서비스.
자동차,12020000,2)자동차,12020206,"(가솔린 4,000cc초과 승용차 - 중고차)",202501,202512,OK,322,00,정상서비스.
자동차,12020000,2)자동차,12020206,"(가솔린 4,000cc초과 승용차 - 중고차)",202601,202608,OK,278,00,정상서비스.
자동차,12020000,2)자동차,12020301,"(디젤 1,500cc이하 승용차 - 신차)",202501,202512,OK,8,00,정상서비스.
자동차,12020000,2)자동차,12020301,"(디젤 1,500cc이하 승용차 - 신차)",202601,202608,OK,4,00,정상서비스.
자동차,12020000,2)자동차,12020302,"(디젤 1,500cc초과 승용차(2,000cc이하) - 신차)",202501,202512,OK,373,00,정상서비스.
자동차,12020000,2)자동차,12020302,"(디젤 1,500cc초과 승용차(2,000cc이하) - 신차)",202601,202608,OK,188,00,정상서비스.
자동차,12020000,2)자동차,12020303,"(디젤 2,000cc초과 승용차(2,500cc이하) - 신차)",202501,202512,OK,432,00,정상서비스.
자동차,12020000,2)자동차,12020303,"(디젤 2,000cc초과 승용차(2,500cc이하) - 신차)",202601,202608,OK,179,00,정상서비스.
자동차,12020000,2)자동차,12020304,"(디젤 2,500cc초과 승용차 - 신차)",202501,202512,OK,10,00,정상서비스.
자동차,12020000,2)자동차,12020304,"(디젤 2,500cc초과 승용차 - 신차)",202601,202608,OK,4,00,정상서비스.
자동차,12020000,2)자동차,12020401,"(디젤 1,500cc이하 승용차 - 중고차)",202501,202512,OK,199,00,정상서비스.
자동차,12020000,2)자동차,12020401,"(디젤 1,500cc이하 승용차 - 중고차)",202601,202608,OK,147,00,정상서비스.
자동차,12020000,2)자동차,12020402,"(디젤 1,500cc초과 승용차(2,000cc이하) - 중고차)",202501,202512,OK,910,00,정상서비스.
자동차,12020000,2)자동차,12020402,"(디젤 1,500cc초과 승용차(2,000cc이하) - 중고차)",202601,202608,OK,625,00,정상서비스.
자동차,12020000,2)자동차,12020403,"(디젤 2,000cc초과 승용차(2,500cc이하) - 중고차)",202501,202512,OK,855,00,정상서비스.
자동차,12020000,2)자동차,12020403,"(디젤 2,000cc초과 승용차(2,500cc이하) - 중고차)",202601,202608,OK,590,00,정상서비스.
자동차,12020000,2)자동차,12020404,"(디젤 2,500cc초과 승용차 - 중고차)",202501,202512,OK,543,00,정상서비스.
자동차,12020000,2)자동차,12020404,"(디젤 2,500cc초과 승용차 - 중고차)",202601,202608,OK,396,00,정상서비스.
자동차,12020000,2)자동차,12020501,(전기자동차),202501,202512,OK,812,00,정상서비스.
자동차,12020000,2)자동차,12020501,(전기자동차),202601,202608,OK,513,00,정상서비스.
자동차,12020000,2)자동차,12020601,(신체장애인용 차량),202501,202512,OK,83,00,정상서비스.
자동차,12020000,2)자동차,12020601,(신체장애인용 차량),202601,202608,OK,35,00,정상서비스.
자동차,12020000,2)자동차,12020701,(모터사이클),202501,202512,OK,208,00,정상서비스.
자동차,12020000,2)자동차,12020701,(모터사이클),202601,202608,OK,170,00,정상서비스.
자동차,12020000,2)자동차,12020790,(기타 2륜차),202501,202512,OK,28,00,정상서비스.
자동차,12020000,2)자동차,12020790,(기타 2륜차),202601,202608,OK,25,00,정상서비스.
자동차,31010000,1)자동차(수송장비),31010101,(화물자동차),202501,202512,OK,1490,00,정상서비스.
자동차,31010000,1)자동차(수송장비),31010101,(화물자동차),202601,202608,OK,1028,00,정상서비스.
자동차,31010000,1)자동차(수송장비),31010201,(특장차),202501,202512,OK,331,00,정상서비스.
자동차,31010000,1)자동차(수송장비),31010201,(특장차),202601,202608,OK,224,00,정상서비스.
자동차,31010000,1)자동차(수송장비),31019001,(기타 자동차(수송장비)),202501,202512,OK,789,00,정상서비스.
자동차,31010000,1)자동차(수송장비),31019001,(기타 자동차(수송장비)),202601,202608,OK,517,00,정상서비스.
화장품,13050000,5)화장품류,13050101,(향수 및 화장수),202501,202512,OK,591,00,정상서비스.
화장품,13050000,5)화장품류,13050101,(향수 및 화장수),202601,202608,OK,444,00,정상서비스.
화장품,13050000,5)화장품류,13050102,(기초화장품),202501,202512,OK,1974,00,정상서비스.
화장품,13050000,5)화장품류,13050102,(기초화장품),202601,202608,OK,1356,00,정상서비스.
화장품,13050000,5)화장품류,13050103,(색조화장품),202501,202512,OK,1702,00,정상서비스.
화장품,13050000,5)화장품류,13050103,(색조화장품),202601,202608,OK,1151,00,정상서비스.
화장품,13050000,5)화장품류,13050104,(매니큐어 및 패디큐어 제품),202501,202512,OK,586,00,정상서비스.
화장품,13050000,5)화장품류,13050104,(매니큐어 및 패디큐어 제품),202601,202608,OK,436,00,정상서비스.
화장품,13050000,5)화장품류,13050201,(샴푸),202501,202512,OK,1338,00,정상서비스.
화장품,13050000,5)화장품류,13050201,(샴푸),202601,202608,OK,978,00,정상서비스.
화장품,13050000,5)화장품류,13050202,(린스),202501,202512,OK,975,00,정상서비스.
화장품,13050000,5)화장품류,13050202,(린스),202601,202608,OK,779,00,정상서비스.
화장품,13050000,5)화장품류,13050290,(기타 헤어제품),202501,202512,OK,1362,00,정상서비스.
화장품,13050000,5)화장품류,13050290,(기타 헤어제품),202601,202608,OK,1012,00,정상서비스.
화장품,13050000,5)화장품류,13059001,(기타 화장품류),202501,202512,OK,1685,00,정상서비스.
화장품,13050000,5)화장품류,13059001,(기타 화장품류),202601,202608,OK,1172,00,정상서비스.
