신성질코드,신성질품목명,산업20,소분류코드,공식소분류명
12010102,(LCD TV),가전,12010000,1)가전제품
12010105,(흑백 TV),가전,12010000,1)가전제품
12010190,(기타 TV),가전,12010000,1)가전제품
12010201,(냉장고),가전,12010000,1)가전제품
12010301,(세탁기),가전,12010000,1)가전제품
12010401,(에어컨),가전,12010000,1)가전제품
12010501,(음향기기),가전,12010000,1)가전제품
12010601,"(청소,세척기)",가전,12010000,1)가전제품
12019001,(기타 가전제품),가전,12010000,1)가전제품
34020101,(액정 디바이스),디스플레이,34020000,2)평판디스플레이
34020102,(평판디스플레이 부품),디스플레이,34020000,2)평판디스플레이
34020190,(기타 평판디스플레이패널),디스플레이,34020000,2)평판디스플레이
33020101,(CDMA 방식 휴대전화),무선통신기기,33020000,2)무선통신기기
33020102,(TDMA 방식 휴대전화),무선통신기기,33020000,2)무선통신기기
33020103,(OFDM 방식 휴대전화),무선통신기기,33020000,2)무선통신기기
33020104,(스마트폰),무선통신기기,33020000,2)무선통신기기
33020190,(기타 방식 휴대전화),무선통신기기,33020000,2)무선통신기기
33020201,(레이더),무선통신기기,33020000,2)무선통신기기
33020202,(레이더 부품),무선통신기기,33020000,2)무선통신기기
33020301,(방송용 통신기기),무선통신기기,33020000,2)무선통신기기
33020302,(방송용 통신기기 부품),무선통신기기,33020000,2)무선통신기기
33029001,(기타 무선통신기기),무선통신기기,33020000,2)무선통신기기
33029002,(기타 무선통신기기 부품),무선통신기기,33020000,2)무선통신기기
34010101,(메모리반도체),반도체,34010000,1)반도체
34010102,(시스템반도체),반도체,34010000,1)반도체
34010103,(집적회로반도체 부품),반도체,34010000,1)반도체
34010190,(기타 집적회로반도체),반도체,34010000,1)반도체
34010201,(다이오드),반도체,34010000,1)반도체
34010202,(트랜지스터),반도체,34010000,1)반도체
34010203,(발광다이오드(LED)),반도체,34010000,1)반도체
34010204,(개별소자반도체 부품),반도체,34010000,1)반도체
34010290,(기타 개별소자반도체),반도체,34010000,1)반도체
34010301,(실리콘웨이퍼),반도체,34010000,1)반도체
12040101,(가구),생활용품,12040000,4)내구성 생활용품
12040201,(가사용구),생활용품,12040000,4)내구성 생활용품
12040301,(손목시계),생활용품,12040000,4)내구성 생활용품
12040302,(전자시계),생활용품,12040000,4)내구성 생활용품
12040303,(자명종시계),생활용품,12040000,4)내구성 생활용품
12040304,(벽시계),생활용품,12040000,4)내구성 생활용품
12040305,(시계줄),생활용품,12040000,4)내구성 생활용품
12040390,(기타 시계),생활용품,12040000,4)내구성 생활용품
12040401,(목제 생활용품),생활용품,12040000,4)내구성 생활용품
12040501,(플라스틱제 생활용품),생활용품,12040000,4)내구성 생활용품
12040601,(의료위생용품),생활용품,12040000,4)내구성 생활용품
12040701,(악기류),생활용품,12040000,4)내구성 생활용품
12040801,(완구류),생활용품,12040000,4)내구성 생활용품
12040901,(장신구),생활용품,12040000,4)내구성 생활용품
12041001,(장식용 세공품),생활용품,12040000,4)내구성 생활용품
12049001,(기타 내구성 생활용품),생활용품,12040000,4)내구성 생활용품
13060101,"(종이제 생활용품(가정용 화장지, 패드, 냅킨))",생활용품,13060000,6)비내구성 생활용품
13060201,(문구류),생활용품,13060000,6)비내구성 생활용품
13060301,(운동용구),생활용품,13060000,6)비내구성 생활용품
13069001,(기타 비내구성 생활용품),생활용품,13060000,6)비내구성 생활용품
25010101,(합성수지),석유화학,25010000,1)석유화학제품
25010201,(석유화학섬유원료),석유화학,25010000,1)석유화학제품
25010301,(합성고무),석유화학,25010000,1)석유화학제품
25019001,(기타 석유화학제품),석유화학,25010000,1)석유화학제품
31040101,(여객선),선박류,31040000,4)선박
31040201,(화물선),선박류,31040000,4)선박
31040301,(어선),선박류,31040000,4)선박
31040401,(요트),선박류,31040000,4)선박
31040501,(모터보트),선박류,31040000,4)선박
31040601,(예인선),선박류,31040000,4)선박
31040701,(군함),선박류,31040000,4)선박
31049001,(기타 선박),선박류,31040000,4)선박
22010101,(견),섬유류,22010000,1)섬유원료
22010102,(모),섬유류,22010000,1)섬유원료
22010103,(면),섬유류,22010000,1)섬유원료
22010104,(마),섬유류,22010000,1)섬유원료
22010201,(나일론섬유),섬유류,22010000,1)섬유원료
22010202,(폴리에스테르섬유),섬유류,22010000,1)섬유원료
22010290,(기타 합성섬유),섬유류,22010000,1)섬유원료
22010301,(아세테이트섬유),섬유류,22010000,1)섬유원료
22010302,(비스코스섬유),섬유류,22010000,1)섬유원료
22010390,(기타 재생·반합성섬유),섬유류,22010000,1)섬유원료
22010391,(모든 재생·반합성섬유),섬유류,22010000,1)섬유원료
22020101,(견사),섬유류,22020000,2)섬유사
22020102,(모사),섬유류,22020000,2)섬유사
22020103,(면사),섬유류,22020000,2)섬유사
22020104,(마사),섬유류,22020000,2)섬유사
22020201,(나일론사(장섬유사)),섬유류,22020000,2)섬유사
22020202,(폴리에스테르사(장섬유사)),섬유류,22020000,2)섬유사
22020290,(기타 합성섬유사(장섬유사)),섬유류,22020000,2)섬유사
22020301,(아세테이트사(장섬유사)),섬유류,22020000,2)섬유사
22020302,(비스코스사(장섬유사)),섬유류,22020000,2)섬유사
22020390,(기타 재생·반합성섬유사(장섬유사)),섬유류,22020000,2)섬유사
22020401,(나일론사(방적사)),섬유류,22020000,2)섬유사
22020402,(폴리에스테르사(방적사)),섬유류,22020000,2)섬유사
22020403,(아크릴사(방적사)),섬유류,22020000,2)섬유사
22020490,(기타 합성섬유사(방적사)),섬유류,22020000,2)섬유사
22020491,(모든 합성섬유사(방적사)),섬유류,22020000,2)섬유사
22020502,(비스코스사(방적사)),섬유류,22020000,2)섬유사
22020590,(기타 재생·반합성섬유사(방적사)),섬유류,22020000,2)섬유사
22020591,(모든 재생·반합성섬유사(방적사)),섬유류,22020000,2)섬유사
22029001,(기타 섬유사),섬유류,22020000,2)섬유사
22030101,(천연섬유직물),섬유류,22030000,3)섬유직물
22030201,(나일론 직물),섬유류,22030000,3)섬유직물
22030202,(폴리에스테르 직물),섬유류,22030000,3)섬유직물
22030203,(아크릴 직물),섬유류,22030000,3)섬유직물
22030204,(폴리에스테르 또는 아크릴 직물),섬유류,22030000,3)섬유직물
22030290,(기타 합성장섬유 직물),섬유류,22030000,3)섬유직물
22030301,(재생·반합성장섬유 직물),섬유류,22030000,3)섬유직물
22030401,(합성단섬유 직물),섬유류,22030000,3)섬유직물
22030501,(재생·반합성단섬유 직물),섬유류,22030000,3)섬유직물
22030601,(편직물),섬유류,22030000,3)섬유직물
22039001,(기타 직물),섬유류,22030000,3)섬유직물
22900101,(기타 섬유제품(의류 제외)),섬유류,22900000,4)기타 섬유제품(의류 제외)
32030101,(증기터빈),일반기계,32030000,3)일반기계
32030102,(수력터빈),일반기계,32030000,3)일반기계
32030103,(불꽃 점화식 내연기관),일반기계,32030000,3)일반기계
32030104,(압축 점화식 내연기관),일반기계,32030000,3)일반기계
32030105,(터보제트),일반기계,32030000,3)일반기계
32030106,(내연기관 및 터빈의 부품),일반기계,32030000,3)일반기계
32030190,(기타 내연기관 및 터빈),일반기계,32030000,3)일반기계
32030201,(액체펌프),일반기계,32030000,3)일반기계
32030202,(기체펌프),일반기계,32030000,3)일반기계
32030203,(펌프 부품),일반기계,32030000,3)일반기계
32030301,(운반하역기계),일반기계,32030000,3)일반기계
32030302,(운반하역기계 부품),일반기계,32030000,3)일반기계
32030401,(냉방기),일반기계,32030000,3)일반기계
32030402,(가열기구),일반기계,32030000,3)일반기계
32030403,(증기발생 보일러),일반기계,32030000,3)일반기계
32030404,(온수 보일러),일반기계,32030000,3)일반기계
32030405,(공기조절기),일반기계,32030000,3)일반기계
32030406,(냉난방기계 부품),일반기계,32030000,3)일반기계
32030501,(액체 및 기체 여과기계),일반기계,32030000,3)일반기계
32030502,(액체 및 기체 여과기계 부품),일반기계,32030000,3)일반기계
32030601,(경작기계),일반기계,32030000,3)일반기계
32030602,(수확·탈곡기계),일반기계,32030000,3)일반기계
32030603,(낙농기계),일반기계,32030000,3)일반기계
32030604,(농기계 부품),일반기계,32030000,3)일반기계
32030690,(기타 농기계),일반기계,32030000,3)일반기계
32030701,(금속절삭가공기계),일반기계,32030000,3)일반기계
32030702,(금속성형가공기계),일반기계,32030000,3)일반기계
32030703,(광물가공기계),일반기계,32030000,3)일반기계
32030704,(목재가공기계),일반기계,32030000,3)일반기계
32030705,(유리가공기계),일반기계,32030000,3)일반기계
32030706,(가공공작기계 부품),일반기계,32030000,3)일반기계
32030801,(불도우저),일반기계,32030000,3)일반기계
32030802,(지게차),일반기계,32030000,3)일반기계
32030803,(기타 건설 중장비),일반기계,32030000,3)일반기계
32030804,(건설기계 부품),일반기계,32030000,3)일반기계
32030901,(광산기계),일반기계,32030000,3)일반기계
32030902,(광산기계 부품),일반기계,32030000,3)일반기계
32031001,(섬유기계),일반기계,32030000,3)일반기계
32031002,(피혁가공기계),일반기계,32030000,3)일반기계
32031003,(재봉기),일반기계,32030000,3)일반기계
32031004,(섬유 및 피혁가공기계 부품),일반기계,32030000,3)일반기계
32031101,(화학기계),일반기계,32030000,3)일반기계
32031102,(화학기계 부품),일반기계,32030000,3)일반기계
32031201,(고무·플라스틱 가공기계),일반기계,32030000,3)일반기계
32031202,(고무·플라스틱 가공기계 부품),일반기계,32030000,3)일반기계
32031301,(제지기계),일반기계,32030000,3)일반기계
32031302,(제본기계),일반기계,32030000,3)일반기계
32031303,(지가공기계),일반기계,32030000,3)일반기계
32031304,(인쇄기계),일반기계,32030000,3)일반기계
32031305,(인쇄·제본기계 부품),일반기계,32030000,3)일반기계
32031401,(복사기),일반기계,32030000,3)일반기계
32031402,(복사기 부품),일반기계,32030000,3)일반기계
32031501,(프레스 금형),일반기계,32030000,3)일반기계
32031502,(다이캐스팅 금형),일반기계,32030000,3)일반기계
32031503,(플라스틱 금형),일반기계,32030000,3)일반기계
32031504,(기타 금형),일반기계,32030000,3)일반기계
32031601,(압연기),일반기계,32030000,3)일반기계
32031602,(압연기 부품),일반기계,32030000,3)일반기계
32031701,(용접기),일반기계,32030000,3)일반기계
32031702,(용접기 부품),일반기계,32030000,3)일반기계
32031801,(주조설비),일반기계,32030000,3)일반기계
32031802,(주조설비 부품),일반기계,32030000,3)일반기계
32031901,(식품가공기계),일반기계,32030000,3)일반기계
32031902,(식품가공기계 부품),일반기계,32030000,3)일반기계
32032001,(식품포장기계),일반기계,32030000,3)일반기계
32032002,(식품포장기계 부품),일반기계,32030000,3)일반기계
32039001,(기타 일반기계),일반기계,32030000,3)일반기계
32039002,(기타 일반기계 부품),일반기계,32030000,3)일반기계
12020101,"(가솔린 1,000cc이하 승용차 - 신차)",자동차,12020000,2)자동차
12020102,"(가솔린 1,000cc초과 승용차(1,500cc이하) - 신차)",자동차,12020000,2)자동차
12020103,"(가솔린 1,500cc초과 승용차(2,000cc이하) - 신차)",자동차,12020000,2)자동차
12020104,"(가솔린 2,000cc초과 승용차(3,000cc이하) - 신차)",자동차,12020000,2)자동차
12020105,"(가솔린 3,000cc초과 승용차(4,000cc이하) - 신차)",자동차,12020000,2)자동차
12020106,"(가솔린 4,000cc초과 승용차 - 신차)",자동차,12020000,2)자동차
12020201,"(가솔린 1,000cc이하 승용차 - 중고차)",자동차,12020000,2)자동차
12020202,"(가솔린 1,000cc초과 승용차(1,500cc이하) - 중고차)",자동차,12020000,2)자동차
12020203,"(가솔린 1,500cc초과 승용차(2,000cc이하) - 중고차)",자동차,12020000,2)자동차
12020204,"(가솔린 2,000cc초과 승용차(3,000cc이하) - 중고차)",자동차,12020000,2)자동차
12020205,"(가솔린 3,000cc초과 승용차(4,000cc이하) - 중고차)",자동차,12020000,2)자동차
12020206,"(가솔린 4,000cc초과 승용차 - 중고차)",자동차,12020000,2)자동차
12020301,"(디젤 1,500cc이하 승용차 - 신차)",자동차,12020000,2)자동차
12020302,"(디젤 1,500cc초과 승용차(2,000cc이하) - 신차)",자동차,12020000,2)자동차
12020303,"(디젤 2,000cc초과 승용차(2,500cc이하) - 신차)",자동차,12020000,2)자동차
12020304,"(디젤 2,500cc초과 승용차 - 신차)",자동차,12020000,2)자동차
12020401,"(디젤 1,500cc이하 승용차 - 중고차)",자동차,12020000,2)자동차
12020402,"(디젤 1,500cc초과 승용차(2,000cc이하) - 중고차)",자동차,12020000,2)자동차
12020403,"(디젤 2,000cc초과 승용차(2,500cc이하) - 중고차)",자동차,12020000,2)자동차
12020404,"(디젤 2,500cc초과 승용차 - 중고차)",자동차,12020000,2)자동차
12020501,(전기자동차),자동차,12020000,2)자동차
12020601,(신체장애인용 차량),자동차,12020000,2)자동차
12020701,(모터사이클),자동차,12020000,2)자동차
12020790,(기타 2륜차),자동차,12020000,2)자동차
31010101,(화물자동차),자동차,31010000,1)자동차(수송장비)
31010201,(특장차),자동차,31010000,1)자동차(수송장비)
31019001,(기타 자동차(수송장비)),자동차,31010000,1)자동차(수송장비)
13050101,(향수 및 화장수),화장품,13050000,5)화장품류
13050102,(기초화장품),화장품,13050000,5)화장품류
13050103,(색조화장품),화장품,13050000,5)화장품류
13050104,(매니큐어 및 패디큐어 제품),화장품,13050000,5)화장품류
13050201,(샴푸),화장품,13050000,5)화장품류
13050202,(린스),화장품,13050000,5)화장품류
13050290,(기타 헤어제품),화장품,13050000,5)화장품류
13059001,(기타 화장품류),화장품,13050000,5)화장품류
