산업순위,산업20,기준월,수출액_USD,수출액_bn,MoM_%,YoY_%,3M_YoY_%,세세분류수
1,반도체,202501,8354244.0,0.008354244,,,,10
1,반도체,202502,3299760.0,0.00329976,-60.50199156261177,,,10
1,반도체,202503,3218541.0,0.003218541,-2.4613608262419095,,,10
1,반도체,202504,4302092.0,0.004302092,33.66590638429028,,,10
1,반도체,202505,3811026.0,0.003811026,-11.41458620596677,,,10
1,반도체,202506,8452775.0,0.008452775,121.79788329966787,,,10
1,반도체,202507,3728188.0,0.003728188,-55.893916494878894,,,10
1,반도체,202508,3062452.0,0.003062452,-17.856824816774264,,,10
1,반도체,202509,3644839.0,0.003644839,19.0170164299718,,,10
1,반도체,202510,3238517.0,0.003238517,-11.147872375158407,,,10
1,반도체,202511,8103232.0,0.008103232,150.2142801782421,,,10
1,반도체,202512,2576573532.0,2.576573532,31696.862437111515,,,10
1,반도체,202601,3783857.0,0.003783857,-99.85314383800788,-54.707367895886215,,10
1,반도체,202602,2811350.0,0.00281135,-25.701473390775597,-14.801379494266254,,10
1,반도체,202603,3278418.0,0.003278418,16.61365536130328,1.860377108758282,-33.611732222023875,10
1,반도체,202604,3423219.0,0.003423219,4.416794929749646,-20.428968046243547,-12.082795883661523,10
1,반도체,202605,3365994.0,0.003365994,-1.6716721892464426,-11.677485275618693,-11.15483619830071,10
1,반도체,202606,4077514.0,0.004077514,21.138480936091987,-51.761238173262626,-34.40301105409772,10
1,반도체,202607,4396101565.0,4.396101565,107713.27948843339,117815.23294962592,27435.943609015736,10
1,반도체,202608,9751574.0,0.009751574,-99.77817678104532,218.42373366178472,28830.070151603166,10
2,자동차,202501,9318368.0,0.009318368,,,,26
2,자동차,202502,7725685.0,0.007725685,-17.091866301051862,,,26
2,자동차,202503,14650302.0,0.014650302,89.63110714454447,,,26
2,자동차,202504,27084923.0,0.027084923,84.87620937779985,,,24
2,자동차,202505,16111475.0,0.016111475,-40.514968419884376,,,26
2,자동차,202506,16678644.0,0.016678644,3.52027980057692,,,27
2,자동차,202507,13703332.0,0.013703332,-17.839052143567546,,,26
2,자동차,202508,7661450.0,0.00766145,-44.09060511706204,,,27
2,자동차,202509,19082614.0,0.019082614,149.07313889668404,,,26
2,자동차,202510,16156119.0,0.016156119,-15.3359230554053,,,26
2,자동차,202511,20719209.0,0.020719209,28.243726107736645,,,26
2,자동차,202512,722675070.0,0.72267507,3387.947199142593,,,25
2,자동차,202601,24729082.0,0.024729082,-96.57811884945747,165.3799678226917,,26
2,자동차,202602,9588854.0,0.009588854,-61.22438350117485,24.116554066079576,,25
2,자동차,202603,6579053.0,0.006579053,-31.38853714948627,-55.092714129715546,29.035561695450184,26
2,자동차,202604,14271825.0,0.014271825,116.92825699990559,-47.307123597877684,-38.45699159194604,26
2,자동차,202605,11677814.0,0.011677814,-18.17574837135405,-27.518653630409386,-43.767419749095446,27
2,자동차,202606,18793158.0,0.018793158,60.9304446876787,12.677973101410412,-25.27304281473406,26
2,자동차,202607,640864687.0,0.640864687,3310.095775281621,4576.707000895841,1343.935962077756,26
2,자동차,202608,350183813.0,0.350183813,-45.35760510705125,4470.725032467744,2554.4445760484346,24
5,일반기계,202501,38883791.0,0.038883791,,,,67
5,일반기계,202502,39427623.0,0.039427623,1.3986084844453517,,,66
5,일반기계,202503,37755249.0,0.037755249,-4.241630290519927,,,65
5,일반기계,202504,46746741.0,0.046746741,23.81521043603765,,,67
5,일반기계,202505,38801136.0,0.038801136,-16.997131415000677,,,67
5,일반기계,202506,34014730.0,0.03401473,-12.335736768119364,,,66
5,일반기계,202507,43584228.0,0.043584228,28.13339397372845,,,68
5,일반기계,202508,26295484.0,0.026295484,-39.667431989388454,,,66
5,일반기계,202509,41293419.0,0.041293419,57.03616255932007,,,67
5,일반기계,202510,26961966.0,0.026961966,-34.70638505375396,,,66
5,일반기계,202511,29285137.0,0.029285137,8.616474777840754,,,65
5,일반기계,202512,53558584.0,0.053558584,82.88657485194624,,,65
5,일반기계,202601,37838802.0,0.037838802,-29.350630330331363,-2.6874668676210134,,65
5,일반기계,202602,39595873.0,0.039595873,4.643569318077256,0.4267312792353817,,65
5,일반기계,202603,43346329.0,0.043346329,9.47183561276701,14.808748844432195,4.0617528566320615,65
5,일반기계,202604,37457184.0,0.037457184,-13.586260095981828,-19.872095468644545,-2.8485742144615633,65
5,일반기계,202605,48944718.0,0.048944718,30.66843999805218,26.142487168416917,5.227041040305824,65
5,일반기계,202606,58624180.0,0.05862418,19.77631580183994,72.34939098443527,21.29718951344044,64
5,일반기계,202607,42011402.0,0.042011402,-28.337757560105747,-3.6087045065935297,28.50530859536935,67
5,일반기계,202608,34932834.0,0.034932834,-16.849159187784302,32.84727522033821,30.486687632433696,66
6,석유화학,202501,1319722.0,0.001319722,,,,4
6,석유화학,202502,2400164.0,0.002400164,81.86890875502569,,,4
6,석유화학,202503,4546697.0,0.004546697,89.432763761143,,,4
6,석유화학,202504,1943616.0,0.001943616,-57.25213270204722,,,4
6,석유화학,202505,1542672.0,0.001542672,-20.628766176034773,,,4
6,석유화학,202506,4159411.0,0.004159411,169.623808560731,,,4
6,석유화학,202507,2095811.0,0.002095811,-49.61279373449751,,,4
6,석유화학,202508,1954386.0,0.001954386,-6.74798443180229,,,4
6,석유화학,202509,5637291.0,0.005637291,188.44307112310466,,,4
6,석유화학,202510,1330186.0,0.001330186,-76.40380814117987,,,4
6,석유화학,202511,2414604.0,0.002414604,81.52378689897503,,,4
6,석유화학,202512,5376147.0,0.005376147,122.6512918888563,,,4
6,석유화학,202601,527367.0,0.000527367,-90.19061420753562,-60.039538630105426,,4
6,석유화학,202602,1438090.0,0.00143809,172.6924513668849,-40.083677615362944,,4
6,석유화학,202603,5542644.0,0.005542644,285.4170462210293,21.90484652924969,-9.17527834656714,4
6,석유화학,202604,2559775.0,0.002559775,-53.81671635414433,31.701683871711282,7.311553699537154,4
6,석유화학,202605,2095975.0,0.002095975,-18.118779970895883,35.86653546573737,26.956467614467105,4
6,석유화학,202606,2459969.0,0.002459969,17.366333090804996,-40.85775606209629,-6.931740315699065,4
6,석유화학,202607,3987748.0,0.003987748,62.1056200301711,90.2723098600017,9.564095126196893,4
6,석유화학,202608,5827904.0,0.005827904,46.1452428789382,198.19615981694506,49.52749266469239,4
7,선박류,202501,25469892.0,0.025469892,,,,6
7,선박류,202502,338162243.0,0.338162243,1227.6940593230627,,,5
7,선박류,202503,251778744.0,0.251778744,-25.544986404647197,,,7
7,선박류,202504,174993768.0,0.174993768,-30.497004941767447,,,7
7,선박류,202505,257406017.0,0.257406017,47.09439081282025,,,4
7,선박류,202506,303243197.0,0.303243197,17.807345972025203,,,8
7,선박류,202507,61492374.0,0.061492374,-79.72176305739185,,,7
7,선박류,202508,742379885.0,0.742379885,1107.2714658894126,,,5
7,선박류,202509,255697055.0,0.255697055,-65.55711433372147,,,6
7,선박류,202510,4441353.0,0.004441353,-98.26304100373781,,,5
7,선박류,202511,26221560.0,0.02622156,490.39576453391567,,,5
7,선박류,202512,484681760.0,0.48468176,1748.4093242354763,,,7
7,선박류,202601,99663317.0,0.099663317,-79.43736999717092,291.2985457496247,,6
7,선박류,202602,2773821.0,0.002773821,-97.21680846725181,-99.17973663310484,,5
7,선박류,202603,6092757.0,0.006092757,119.6521332847361,-97.58011462635623,-82.36464471080629,5
7,선박류,202604,523029611.0,0.523029611,8484.448895631322,198.88470713997083,-30.465155946535592,5
7,선박류,202605,3705895.0,0.003705895,-99.29145598603594,-98.56029200747084,-22.121458009098095,4
7,선박류,202606,18818068.0,0.018818068,407.7874035826703,-93.79439730679267,-25.839899604996162,6
7,선박류,202607,131689362.0,0.131689362,599.8027746525307,114.15559919673943,-75.21250339560967,5
7,선박류,202608,8766751.0,0.008766751,-93.34285559071962,-98.81910175947183,-85.61358888661384,5
10,무선통신기기,202501,934268.0,0.000934268,,,,9
10,무선통신기기,202502,302246.0,0.000302246,-67.64889731854244,,,10
10,무선통신기기,202503,1719878.0,0.001719878,469.03250994223254,,,10
10,무선통신기기,202504,1198405.0,0.001198405,-30.320348303775035,,,8
10,무선통신기기,202505,3096502.0,0.003096502,158.38527042193581,,,9
10,무선통신기기,202506,144257.0,0.000144257,-95.34129156060614,,,8
10,무선통신기기,202507,127285.0,0.000127285,-11.765113651330616,,,10
10,무선통신기기,202508,338525.0,0.000338525,165.95828259417843,,,8
10,무선통신기기,202509,661255.0,0.000661255,95.33417029761466,,,9
10,무선통신기기,202510,536955.0,0.000536955,-18.79758943221601,,,9
10,무선통신기기,202511,682729.0,0.000682729,27.1482712704044,,,9
10,무선통신기기,202512,2115984.0,0.002115984,209.93029445065318,,,9
10,무선통신기기,202601,308151.0,0.000308151,-85.43698818138512,-67.01685169565906,,9
10,무선통신기기,202602,282071.0,0.000282071,-8.463383211477494,-6.675026303077624,,9
10,무선통신기기,202603,3832375.0,0.003832375,1258.6561539470558,122.82830526351289,49.594404260328126,8
10,무선통신기기,202604,712682.0,0.000712682,-81.40364656381487,-40.53078884016672,49.88618329473202,8
10,무선통신기기,202605,429453.0,0.000429453,-39.741287137881976,-86.13102785013541,-17.295298169427497,8
10,무선통신기기,202606,545896.0,0.000545896,27.114259301949218,278.4190715181932,-61.97412395667292,8
10,무선통신기기,202607,385088.0,0.000385088,-29.457625628324813,202.53996936009742,-59.60750512760522,8
10,무선통신기기,202608,368465.0,0.000368465,-4.316675668938008,8.844250793885244,113.00103103429623,8
13,디스플레이,202501,6516264.0,0.006516264,,,,3
13,디스플레이,202502,38693586.0,0.038693586,493.8001591095757,,,3
13,디스플레이,202503,35027395.0,0.035027395,-9.47493209856538,,,3
13,디스플레이,202504,9364511.0,0.009364511,-73.26518001124549,,,3
13,디스플레이,202505,11262343.0,0.011262343,20.26621571590872,,,3
13,디스플레이,202506,52692.0,5.2692e-05,-99.53213998188475,,,3
13,디스플레이,202507,6380890.0,0.00638089,12009.788962271312,,,3
13,디스플레이,202508,4928840.0,0.00492884,-22.756229930307526,,,3
13,디스플레이,202509,47526.0,4.7526e-05,-99.0357568920882,,,3
13,디스플레이,202510,106266.0,0.000106266,123.59550561797752,,,3
13,디스플레이,202511,7495506.0,0.007495506,6953.531703461125,,,3
13,디스플레이,202512,12411685.0,0.012411685,65.58835387497521,,,3
13,디스플레이,202601,257296.0,0.000257296,-97.92698573964775,-96.05147980499255,,3
13,디스플레이,202602,12455800.0,0.0124558,4741.03911448293,-67.80913508507585,,3
13,디스플레이,202603,16075018.0,0.016075018,29.05648774065095,-54.1072980163098,-64.12125815137347,3
13,디스플레이,202604,26099.0,2.6099e-05,-99.83764248351075,-99.72129884838621,-65.62947836909963,3
13,디스플레이,202605,11512114.0,0.011512114,44009.40649067014,2.2177534461523596,-50.384325552573706,3
13,디스플레이,202606,127007.0,0.000127007,-98.89675345466523,141.03658999468612,-43.59054110762393,3
13,디스플레이,202607,71604.0,7.1604e-05,-43.62200508633383,-98.8778367907925,-33.822476078532205,3
13,디스플레이,202608,100164.0,0.000100164,39.886039886039896,-97.96779769682115,-97.37049900100524,3
15,화장품,202501,267405.0,0.000267405,,,,8
15,화장품,202502,76455.0,7.6455e-05,-71.4085376114882,,,8
15,화장품,202503,130539.0,0.000130539,70.73965077496567,,,8
15,화장품,202504,535451.0,0.000535451,310.18469576141996,,,8
15,화장품,202505,154337.0,0.000154337,-71.17626075962133,,,8
15,화장품,202506,153262.0,0.000153262,-0.6965277282829141,,,8
15,화장품,202507,163004.0,0.000163004,6.356435385157444,,,8
15,화장품,202508,232778.0,0.000232778,42.80508453780276,,,8
15,화장품,202509,304228.0,0.000304228,30.694481437249223,,,8
15,화장품,202510,100220.0,0.00010022,-67.05760153569034,,,8
15,화장품,202511,115348.0,0.000115348,15.094791458790668,,,8
15,화장품,202512,409952.0,0.000409952,255.4045150327704,,,8
15,화장품,202601,483919.0,0.000483919,18.042844040277895,80.96856827658421,,8
15,화장품,202602,319959.0,0.000319959,-33.881703342914825,318.4932313125368,,8
15,화장품,202603,12907.0,1.2907e-05,-95.96604564959885,-90.11253341913145,72.17258046496727,8
15,화장품,202604,55840.0,5.584e-05,332.633454714496,-89.57140802799883,-47.64514543164814,8
15,화장품,202605,130679.0,0.000130679,134.02399713467048,-15.32879348438806,-75.68945067028149,8
15,화장품,202606,276349.0,0.000276349,111.47162130105066,80.3114927379259,-45.09602040211138,8
15,화장품,202607,387536.0,0.000387536,40.23426898595617,137.74631297391474,68.83955265903532,8
15,화장품,202608,356834.0,0.000356834,-7.922360761322822,53.293696139669564,85.90841535468925,8
17,섬유류,202501,30147776.0,0.030147776,,,,37
17,섬유류,202502,22505182.0,0.022505182,-25.350440443766065,,,39
17,섬유류,202503,16174729.0,0.016174729,-28.12886827575978,,,37
17,섬유류,202504,33994126.0,0.033994126,110.16813326516939,,,38
17,섬유류,202505,27133872.0,0.027133872,-20.180704160477603,,,39
17,섬유류,202506,21832735.0,0.021832735,-19.536972091561424,,,38
17,섬유류,202507,21875339.0,0.021875339,0.19513817210716766,,,37
17,섬유류,202508,23304591.0,0.023304591,6.5336221760951885,,,39
17,섬유류,202509,34133736.0,0.034133736,46.46786120382889,,,37
17,섬유류,202510,24944655.0,0.024944655,-26.920818160660765,,,37
17,섬유류,202511,32698646.0,0.032698646,31.08477948482351,,,40
17,섬유류,202512,43605636.0,0.043605636,33.35609064668916,,,38
17,섬유류,202601,30811304.0,0.030811304,-29.341005369122463,2.2009185685869515,,41
17,섬유류,202602,67499513.0,0.067499513,119.07386003526499,199.92875862990132,,38
17,섬유류,202603,35129461.0,0.035129461,-47.95597858609736,117.18732350940782,93.87587149340062,37
17,섬유류,202604,38972735.0,0.038972735,10.940315879028152,14.645497872191203,94.8449746915807,36
17,섬유류,202605,36500284.0,0.036500284,-6.3440530925017224,34.51926064956745,43.07707411149933,36
17,섬유류,202606,26500418.0,0.026500418,-27.39667998199685,21.379286653733498,22.917714577087935,36
17,섬유류,202607,26722288.0,0.026722288,0.8372320768676111,22.15713777052781,26.652350854393525,38
17,섬유류,202608,22500058.0,0.022500058,-15.800406013137803,-3.4522511036559234,12.99769080964024,35
18,생활용품,202501,1468724.0,0.001468724,,,,20
18,생활용품,202502,129754.0,0.000129754,-91.16552871744453,,,20
18,생활용품,202503,185479.0,0.000185479,42.94665289702051,,,20
18,생활용품,202504,548791.0,0.000548791,195.8777004404811,,,20
18,생활용품,202505,776168.0,0.000776168,41.43234856256755,,,20
18,생활용품,202506,224119.0,0.000224119,-71.12493686933756,,,20
18,생활용품,202507,87410.0,8.741e-05,-60.99839817239948,,,20
18,생활용품,202508,429316.0,0.000429316,391.1520421004462,,,20
18,생활용품,202509,393219.0,0.000393219,-8.408025789861085,,,20
18,생활용품,202510,270489.0,0.000270489,-31.21161490161971,,,20
18,생활용품,202511,566375.0,0.000566375,109.38929124659413,,,20
18,생활용품,202512,636243.0,0.000636243,12.335996468770682,,,20
18,생활용품,202601,582018.0,0.000582018,-8.522687086537694,-60.372541062854566,,20
18,생활용품,202602,308858.0,0.000308858,-46.93325635976894,138.03350956425234,,20
18,생활용품,202603,437749.0,0.000437749,41.73147530580397,136.0100065236496,-25.523709371918713,20
18,생활용품,202604,339111.0,0.000339111,-22.533004073110384,-38.20762366729775,25.658315046804248,20
18,생활용품,202605,430637.0,0.000430637,26.9899826310559,-44.51755290091835,-20.056500167501078,20
18,생활용품,202606,420642.0,0.000420642,-2.320980315207477,87.68689847804067,-23.15493474182707,20
18,생활용품,202607,345159.0,0.000345159,-17.944713081432674,294.873584258094,9.997361397521543,20
18,생활용품,202608,563070.0,0.00056307,63.13351238125038,31.155139803780905,79.37233834337817,20
20,가전,202501,400593.0,0.000400593,,,,9
20,가전,202502,243412.0,0.000243412,-39.23708102737692,,,8
20,가전,202503,560771.0,0.000560771,130.3793568106749,,,8
20,가전,202504,455036.0,0.000455036,-18.855290305668447,,,8
20,가전,202505,223380.0,0.00022338,-50.90937859861637,,,9
20,가전,202506,508511.0,0.000508511,127.64392514996868,,,8
20,가전,202507,1439530.0,0.00143953,183.08728818059,,,8
20,가전,202508,170961.0,0.000170961,-88.12383208408299,,,8
20,가전,202509,1612391.0,0.001612391,843.1338141447463,,,8
20,가전,202510,834909.0,0.000834909,-48.21919745272704,,,9
20,가전,202511,426182.0,0.000426182,-48.95467649767819,,,8
20,가전,202512,2555304.0,0.002555304,499.5804609298375,,,8
20,가전,202601,1096866.0,0.001096866,-57.074931201923526,173.81057582134486,,8
20,가전,202602,552199.0,0.000552199,-49.656658151497076,126.85775557491002,,9
20,가전,202603,734471.0,0.000734471,33.00839009125334,30.97521091497242,97.84059443415207,9
20,가전,202604,355982.0,0.000355982,-51.53219119611258,-21.768387556149406,30.450064682950305,8
20,가전,202605,503196.0,0.000503196,41.35433814069251,125.26457158205746,28.604399497412423,8
20,가전,202606,139443.0,0.000139443,-72.28853170533947,-72.57817431677978,-15.8650026496996,9
20,가전,202607,513497.0,0.000513497,268.2486750858774,-64.32884344195675,-46.75670908589352,8
20,가전,202608,577374.0,0.000577374,12.439605294675538,237.72263849649923,-41.93898825956748,8
