대시보드품목,조회HS,국가코드,국가,기준월,수출액_USD,전년동월_수출액_USD,YoY_%,MoM_%,수출액_십억달러,품목총수출_USD,품목수출대비_비중_%
반도체 제조장비,8486,GR,그리스,2026-07-01,0,,,-100.0,0.0,1061468198,0.0
반도체 제조장비,8486,NL,네덜란드,2026-07-01,64466608,26246987.0,145.61527004985373,-27.79820585172853,0.064466608,1061468198,6.073343329688715
반도체 제조장비,8486,NZ,뉴질랜드,2026-07-01,0,0.0,,,0.0,1061468198,0.0
반도체 제조장비,8486,TW,대만,2026-07-01,143856140,132594515.0,8.493281188893832,-37.77038554292085,0.14385614,1061468198,13.552562410353062
반도체 제조장비,8486,DK,덴마크,2026-07-01,0,,,,0.0,1061468198,0.0
반도체 제조장비,8486,DE,독일,2026-07-01,2235430,1923710.0,16.204105608433707,8.745387723134467,0.00223543,1061468198,0.21059792504494798
반도체 제조장비,8486,RU,러시아 연방,2026-07-01,0,,,,0.0,1061468198,0.0
반도체 제조장비,8486,RO,루마니아,2026-07-01,0,0.0,,,0.0,1061468198,0.0
반도체 제조장비,8486,LI,리히텐슈타인,2026-07-01,0,0.0,,-100.0,0.0,1061468198,0.0
반도체 제조장비,8486,MY,말레이시아,2026-07-01,91034072,13580192.0,570.3445135385421,24.837190608949644,0.091034072,1061468198,8.57624111316051
반도체 제조장비,8486,MX,멕시코,2026-07-01,38269,322055.0,-88.11724705407461,-99.33911446277082,3.8269e-05,1061468198,0.0036052893597854165
반도체 제조장비,8486,MA,모로코,2026-07-01,100796,100868.0,-0.07138041797200012,214.66300377735462,0.000100796,1061468198,0.009495903898950348
반도체 제조장비,8486,MT,몰타,2026-07-01,2342447,171139.0,1268.7394457137182,-55.79990954107663,0.002342447,1061468198,0.22067990396825812
반도체 제조장비,8486,MN,몽골,2026-07-01,59,,,inf,5.9e-08,1061468198,5.5583389225571505e-06
반도체 제조장비,8486,US,미국,2026-07-01,205136102,66314186.0,209.3396969390531,4.036180975983306,0.205136102,1061468198,19.325694579122942
반도체 제조장비,8486,VN,베트남,2026-07-01,22890528,9649369.0,137.2230557251982,98.91398424296945,0.022890528,1061468198,2.156496826106513
반도체 제조장비,8486,BE,벨기에,2026-07-01,1452329,136187.0,966.4226394589791,2652.917203730381,0.001452329,1061468198,0.1368226577806526
반도체 제조장비,8486,BG,불가리아,2026-07-01,0,,,,0.0,1061468198,0.0
반도체 제조장비,8486,BR,브라질,2026-07-01,21489,8261.0,160.12589274906185,-63.17917787563613,2.1489e-05,1061468198,0.002024460086556451
반도체 제조장비,8486,RS,세르비아,2026-07-01,0,,,-100.0,0.0,1061468198,0.0
반도체 제조장비,8486,SZ,스와질랜드,2026-07-01,6800,,,-9.333333333333337,6.8e-06,1061468198,0.0006406221131082817
반도체 제조장비,8486,SE,스웨덴,2026-07-01,0,51000.0,-100.0,-100.0,0.0,1061468198,0.0
반도체 제조장비,8486,CH,스위스,2026-07-01,301596,229955.0,31.15435628709966,50.13963768873491,0.000301596,1061468198,0.028413098062500784
반도체 제조장비,8486,ES,스페인,2026-07-01,80,9740.0,-99.17864476386036,-91.1504424778761,8e-08,1061468198,7.5367307424503735e-06
반도체 제조장비,8486,SG,싱가포르,2026-07-01,102807243,85901542.0,19.68032308430505,23.42964165076571,0.102807243,1061468198,9.685381360808325
반도체 제조장비,8486,AE,아랍에미리트 연합,2026-07-01,5000,,,inf,5e-06,1061468198,0.00047104567140314837
반도체 제조장비,8486,IE,아일랜드,2026-07-01,3017509,1508123.0,100.08374648486895,-38.39920056997156,0.003017509,1061468198,0.2842769105740085
반도체 제조장비,8486,GB,영국,2026-07-01,265016,2108272.0,-87.42970546494949,-74.29185615173292,0.000265016,1061468198,0.024966927930515356
반도체 제조장비,8486,AT,오스트리아,2026-07-01,675876,123388.0,447.7647745323695,11.818542783402819,0.000675876,1061468198,0.06367369284105485
반도체 제조장비,8486,IL,이스라엘,2026-07-01,1650425,2518337.0,-34.46369568489046,-67.76077938658898,0.001650425,1061468198,0.1554851104451082
반도체 제조장비,8486,IT,이탈리아,2026-07-01,255702,1190123.0,-78.51465772865494,4.960224613944786,0.000255702,1061468198,0.024089464053825567
반도체 제조장비,8486,IN,인도,2026-07-01,2337952,1479704.0,58.00132999572887,-72.45624423165599,0.002337952,1061468198,0.2202564339096667
반도체 제조장비,8486,ID,인도네시아,2026-07-01,42508,73528.0,-42.18801000979219,-72.1766222885494,4.2508e-05,1061468198,0.004004641880001006
반도체 제조장비,8486,JP,일본,2026-07-01,84241733,45962403.0,83.28400497249892,21.33981840798087,0.084241733,1061468198,7.936340736229952
반도체 제조장비,8486,CN,중국,2026-07-01,324362461,553512628.0,-41.399266323513764,-8.858313002483897,0.324362461,1061468198,30.557906643944506
반도체 제조장비,8486,CZ,체코공화국,2026-07-01,34694,55765.0,-37.78534923339012,-9.03751868068483,3.4694e-05,1061468198,0.003268491704732166
반도체 제조장비,8486,QA,카타르,2026-07-01,753,,,-97.8972354091036,7.53e-07,1061468198,7.093947811331414e-05
반도체 제조장비,8486,CA,캐나다,2026-07-01,3268,7443.0,-56.09297326346903,-99.21944601685786,3.268e-06,1061468198,0.0003078754508290978
반도체 제조장비,8486,CR,코스타리카,2026-07-01,1271,9450.0,-86.55026455026456,inf,1.271e-06,1061468198,0.00011973980967068031
반도체 제조장비,8486,HR,크로아티아,2026-07-01,57580,168258.0,-65.77874454706463,94.50731344796135,5.758e-05,1061468198,0.005424561951878656
반도체 제조장비,8486,TH,태국,2026-07-01,3622665,1943542.0,86.39499429392316,467.46272303911206,0.003622665,1061468198,0.34128813343873726
반도체 제조장비,8486,TR,튀르키예,2026-07-01,6371,,,-82.89205155746508,6.371e-06,1061468198,0.0006002063945018916
반도체 제조장비,8486,TL,티모르,2026-07-01,0,0.0,,,0.0,1061468198,0.0
반도체 제조장비,8486,PA,파나마,2026-07-01,400,,,,4e-07,1061468198,3.768365371225187e-05
반도체 제조장비,8486,PT,포루투갈,2026-07-01,109564,344890.0,-68.23218997361478,354.45269401468335,0.000109564,1061468198,0.01032192958832291
반도체 제조장비,8486,PL,폴란드,2026-07-01,0,97588.0,-100.0,-100.0,0.0,1061468198,0.0
반도체 제조장비,8486,FR,프랑스,2026-07-01,664602,618495.0,7.454708607183558,-63.29842663048431,0.000664602,1061468198,0.06261157906117504
반도체 제조장비,8486,FI,핀란드,2026-07-01,4400,6375.0,-30.980392156862745,192.35880398671097,4.4e-06,1061468198,0.00041452019083477055
반도체 제조장비,8486,PH,필리핀,2026-07-01,2386691,3747708.0,-36.3159829954735,-17.775899810725726,0.002386691,1061468198,0.2248480929053703
반도체 제조장비,8486,HU,헝가리,2026-07-01,9657,12242.0,-21.11583074661003,-58.96226415094339,9.657e-06,1061468198,0.0009097776097480408
반도체 제조장비,8486,AU,호주,2026-07-01,795,,,67.72151898734178,7.95e-07,1061468198,7.489626175310058e-05
반도체 제조장비,8486,HK,홍콩,2026-07-01,1021317,2185063.0,-53.259150880317875,-84.33598439790018,0.001021317,1061468198,0.09621739039608986
선박,8901,GR,그리스,2026-07-01,213030900,,,146.1730126853736,0.2130309,3047217866,6.990996685105416
선박,8901,DK,덴마크,2026-07-01,110212439,,,-43.63976527742265,0.110212439,3047217866,3.6168217648537504
선박,8901,LR,라이베리아,2026-07-01,420316835,785965984.0,-46.52226132473438,51.03432883212287,0.420316835,3047217866,13.79346188829414
선박,8901,MH,마샬군도,2026-07-01,864132714,226745406.0,281.1026336736454,20.97735361256643,0.864132714,3047217866,28.358087672094268
선박,8901,MX,멕시코,2026-07-01,0,,,,0.0,3047217866,0.0
선박,8901,US,미국,2026-07-01,123666076,,,inf,0.123666076,3047217866,4.058327347703992
선박,8901,BS,바하마,2026-07-01,232700000,,,78.74438178448035,0.2327,3047217866,7.636473998016393
선박,8901,BM,버뮤다,2026-07-01,214900000,211006747.0,1.845084602910818,1.9395786044563712,0.2149,3047217866,7.052334603239033
선박,8901,BE,벨기에,2026-07-01,78477560,,,-0.025223778226424187,0.07847756,3047217866,2.5753839551687636
선박,8901,SG,싱가포르,2026-07-01,414577930,291149051.0,42.39370816290244,-8.895176921349346,0.41457793,3047217866,13.605129276306233
선박,8901,AE,아랍에미리트 연합,2026-07-01,0,,,-100.0,0.0,3047217866,0.0
선박,8901,OM,오만,2026-07-01,17841347,,,,0.017841347,3047217866,0.5854962718310605
선박,8901,ID,인도네시아,2026-07-01,650000,,,-79.03225806451613,0.00065,3047217866,0.021330932955353054
선박,8901,JP,일본,2026-07-01,1538628,9500000.0,-83.80391578947368,2481558.064516129,0.001538628,3047217866,0.05049287801727532
선박,8901,CN,중국,2026-07-01,40000000,0.0,inf,inf,0.04,3047217866,1.3126727972524954
선박,8901,TH,태국,2026-07-01,187276,,,-90.24095883272538,0.000187276,3047217866,0.006145802769456458
선박,8901,PA,파나마,2026-07-01,99422020,249636033.0,-60.1732094500957,39.18014508878356,0.09942202,3047217866,3.262714527547339
선박,8901,PK,파키스탄,2026-07-01,354141,,,7302.61287625418,0.000354141,3047217866,0.0116217814272949
선박,8901,FR,프랑스,2026-07-01,214900000,252624777.0,-14.933126294258937,-50.0,0.2149,3047217866,7.052334603239033
선박,8901,PH,필리핀,2026-07-01,310000,,,-63.831060718315136,0.00031,3047217866,0.010173214178706839
선박,8901,AU,호주,2026-07-01,0,,,,0.0,3047217866,0.0
승용차,8703,GH,가나,2026-07-01,3988268,3882597.0,2.7216576945791715,-16.974891588527065,0.003988268,5954827283,0.06697537662235502
승용차,8703,GA,가봉,2026-07-01,1486251,2338295.0,-36.438687163082506,13.264146672875077,0.001486251,5954827283,0.02495875916070629
승용차,8703,GY,가이아나,2026-07-01,140506,19332.0,626.8052969170288,-17.829865375393283,0.000140506,5954827283,0.002359531071558033
승용차,8703,GM,감비아,2026-07-01,495656,157270.0,215.162459464615,122.34204328810137,0.000495656,5954827283,0.008323599937398889
승용차,8703,GP,과델로프,2026-07-01,2077614,1012143.0,105.26882071011703,184.93057126987716,0.002077614,5954827283,0.03488957615834178
승용차,8703,GT,과테말라,2026-07-01,4745880,2832140.0,67.57222453692262,75.52642616053417,0.00474588,5954827283,0.07969802942141857
승용차,8703,GU,괌,2026-07-01,2944383,828909.0,255.21185075804462,61.34834379166414,0.002944383,5954827283,0.049445313189951004
승용차,8703,GD,그레나다,2026-07-01,78933,5362.0,1372.0813129429316,-58.910035502712155,7.8933e-05,5954827283,0.001325529629135341
승용차,8703,GR,그리스,2026-07-01,6416205,4069754.0,57.6558435718719,-24.113869083811878,0.006416205,5954827283,0.10774796136098108
승용차,8703,GW,기네비소,2026-07-01,3672,,,-66.69085631349783,3.672e-06,5954827283,6.166425700511791e-05
승용차,8703,GN,기니,2026-07-01,1091833,594178.0,83.75520466930786,12.087371713731066,0.001091833,5954827283,0.01833525891031288
승용차,8703,ZZ,기타국,2026-07-01,6951429,5098239.0,36.349610130086084,-36.494574325676766,0.006951429,5954827283,0.1167360306124264
승용차,8703,NG,나이지리아,2026-07-01,2304853,795796.0,189.62862341605137,-10.092795613652882,0.002304853,5954827283,0.0387056230258761
승용차,8703,ZA,남아프리카공화국,2026-07-01,4407248,9219030.0,-52.19401607327452,-39.14419487343201,0.004407248,5954827283,0.07401134895351087
승용차,8703,NL,네덜란드,2026-07-01,72026594,58014929.0,24.151826506587646,-21.4331288061957,0.072026594,5954827283,1.209549674188258
승용차,8703,AN,네덜란드 열도,2026-07-01,7162,6947.0,3.0948610911184726,-89.1895971381564,7.162e-06,5954827283,0.00012027217011728063
승용차,8703,NO,노르웨이,2026-07-01,37967983,32163688.0,18.0461115031336,39.09483613853102,0.037967983,5954827283,0.6376000712630576
승용차,8703,NC,뉴 칼레도니아,2026-07-01,1461213,277735.0,426.1177021261274,691.7193138349172,0.001461213,5954827283,0.024538293565146883
승용차,8703,NZ,뉴질랜드,2026-07-01,24593402,19345348.0,27.128248093546837,-24.943649908699673,0.024593402,5954827283,0.41299941763567016
승용차,8703,NE,니제르,2026-07-01,49030,,,-61.10582262414723,4.903e-05,5954827283,0.000823365610283478
승용차,8703,NI,니카라과,2026-07-01,1836600,2195348.0,-16.341281655573514,99.32300071954236,0.0018366,5954827283,0.030842204361546718
승용차,8703,TW,대만,2026-07-01,66660245,40745396.0,63.60190731733224,3.5453077869078253,0.066660245,5954827283,1.1194320478497075
승용차,8703,DK,덴마크,2026-07-01,48243141,22113241.0,118.16404479108242,87.03601833376413,0.048243141,5954827283,0.8101518097380559
승용차,8703,DM,도미니카,2026-07-01,6111,128075.0,-95.22857700566074,-97.58314250797908,6.111e-06,5954827283,0.00010262262379038005
승용차,8703,DO,도미니카 공화국,2026-07-01,7031490,5234828.0,34.321318675608836,-12.263916105642803,0.00703149,5954827283,0.11808050285645875
승용차,8703,DE,독일,2026-07-01,222308596,116958870.0,90.0741653882258,9.754223732665434,0.222308596,5954827283,3.733250108439795
승용차,8703,LA,라오스,2026-07-01,286257,2281256.0,-87.45178094874052,-43.20500458316965,0.000286257,5954827283,0.004807141943767439
승용차,8703,LR,라이베리아,2026-07-01,247902,200934.0,23.37483949953716,-8.096284954827038,0.000247902,5954827283,0.004163042657974602
승용차,8703,LV,라트비아,2026-07-01,64075,,,inf,6.4075e-05,5954827283,0.0010760177744016694
승용차,8703,RU,러시아 연방,2026-07-01,50125155,108430939.0,-53.77227619508118,-18.008378053865638,0.050125155,5954827283,0.8417566558663865
승용차,8703,LB,레바논,2026-07-01,377558,2059895.0,-81.67100750280962,451.0347645874077,0.000377558,5954827283,0.0063403686128372305
승용차,8703,RO,루마니아,2026-07-01,5900424,6950057.0,-15.102509231219251,36.7736306408404,0.005900424,5954827283,0.09908640032003427
승용차,8703,RW,르완다,2026-07-01,657094,1340529.0,-50.982485272605075,-29.175666645109832,0.000657094,5954827283,0.011034644142843397
승용차,8703,LY,리비아,2026-07-01,22554417,16787738.0,34.35054204443744,3.8974122081025575,0.022554417,5954827283,0.37875854207205895
승용차,8703,LT,리투아니아,2026-07-01,643444,231347.0,178.1293900504437,-3.2074444240529743,0.000643444,5954827283,0.010805418350871756
승용차,8703,MG,마다카스카르,2026-07-01,2895040,1896679.0,52.63732028456054,14.889788681111238,0.00289504,5954827283,0.048616691339895574
승용차,8703,MH,마샬군도,2026-07-01,302487,112967.0,167.7658077137571,55.98304481675718,0.000302487,5954827283,0.005079693929386465
승용차,8703,MK,마세도니아,2026-07-01,78523,919473.0,-91.45999936920389,-60.52176448703381,7.8523e-05,5954827283,0.0013186444588270353
승용차,8703,FM,마이크로네시아,2026-07-01,5685,16537.0,-65.62254338755518,-90.91780493649652,5.685e-06,5954827283,9.546876390906735e-05
승용차,8703,MQ,마티니크,2026-07-01,4429164,221692.0,1897.8907673709473,323.72545061614414,0.004429164,5954827283,0.07437938649613726
승용차,8703,ML,말리,2026-07-01,11776,,,792.7975739196361,1.1776e-05,5954827283,0.0001977555257331886
승용차,8703,YT,메요트,2026-07-01,36360,,,-94.4884372385191,3.636e-05,5954827283,0.0006105970546585205
승용차,8703,MX,멕시코,2026-07-01,56450012,42497862.0,32.83023978947459,135.66494488656025,0.056450012,5954827283,0.947970601282677
승용차,8703,MA,모로코,2026-07-01,2573591,9972181.0,-74.19229554698215,-19.93728979809729,0.002573591,5954827283,0.04321856668029913
승용차,8703,MU,모리셔스,2026-07-01,147177,1900364.0,-92.25532582178994,-73.77300121532666,0.000147177,5954827283,0.00247155783040366
승용차,8703,MR,모리타니,2026-07-01,245244,80351.0,205.21586539059876,-37.914797525138475,0.000245244,5954827283,0.004118406602658806
승용차,8703,ME,몬테네그로,2026-07-01,11061,381205.0,-97.09841161579727,-96.54819451942791,1.1061e-05,5954827283,0.00018574846043943605
승용차,8703,MD,몰도바,2026-07-01,3465533,1093909.0,216.80267737078677,26.350880583057013,0.003465533,5954827283,0.058197036375739995
승용차,8703,MV,몰디브,2026-07-01,96019,,,,9.6019e-05,5954827283,0.0016124565069102442
승용차,8703,MT,몰타,2026-07-01,486262,899216.0,-45.923782494973395,-73.40210053949328,0.000486262,5954827283,0.008165845571847125
승용차,8703,MN,몽골,2026-07-01,2643612,3367560.0,-21.497701599971496,-38.94247347453303,0.002643612,5954827283,0.044394436217269545
승용차,8703,US,미국,2026-07-01,2743375199,2326379616.0,17.924657701264856,-7.908620799641675,2.743375199,5954827283,46.069769426090005
승용차,8703,MM,미얀마,2026-07-01,13904557,4143132.0,235.60497227701168,52.43675810788218,0.013904557,5954827283,0.2335005926988865
승용차,8703,VU,바누아투,2026-07-01,199372,152007.0,31.159749222075295,114.07694537801589,0.000199372,5954827283,0.0033480735968475944
승용차,8703,BH,바레인,2026-07-01,1103776,775897.0,42.258057448346875,-20.53854698571923,0.001103776,5954827283,0.018535818883464332
승용차,8703,BB,바베이도스,2026-07-01,855201,561200.0,52.38791874554527,106.16393774589214,0.000855201,5954827283,0.014361474470325122
승용차,8703,BS,바하마,2026-07-01,239225,326125.0,-26.646224607129167,27.856016675128934,0.000239225,5954827283,0.004017328943913217
승용차,8703,BD,방글라데시,2026-07-01,31262,,,-93.67923460144928,3.1262e-05,5954827283,0.0005249858394591493
승용차,8703,BM,버뮤다,2026-07-01,794686,964023.0,-17.565659740483376,98.74602976116043,0.000794686,5954827283,0.013345240125917519
승용차,8703,VE,베네주엘라,2026-07-01,238915,733205.0,-67.41497943958375,115.8766444990603,0.000238915,5954827283,0.004012123083436205
승용차,8703,BJ,베닝,2026-07-01,74139,14679.0,405.0684651543021,-4.307140275698284,7.4139e-05,5954827283,0.0012450235158231037
승용차,8703,VN,베트남,2026-07-01,9115032,3107313.0,193.34128875977413,165.8744423656821,0.009115032,5954827283,0.15306962850159964
승용차,8703,BE,벨기에,2026-07-01,38768593,35586985.0,8.940369632324852,-21.09114933985985,0.038768593,5954827283,0.6510447937033811
승용차,8703,BY,벨라루스,2026-07-01,3083388,787064.0,291.75823058861795,19.83150305292871,0.003083388,5954827283,0.05177963782094132
승용차,8703,BO,볼리비아,2026-07-01,552398,133026.0,315.2556643062258,136.81845853089715,0.000552398,5954827283,0.009276473921871767
승용차,8703,BI,부룬디,2026-07-01,12380,36489.0,-66.07196689413249,14.916921934465787,1.238e-05,5954827283,0.0002078985571142047
승용차,8703,BF,부르키나 파소,2026-07-01,47164,199919.0,-76.40844542039527,-60.00576627913878,4.7164e-05,5954827283,0.0007920296888315309
승용차,8703,MP,북마리아나 군도,2026-07-01,219381,71386.0,207.31656067015942,125.66579231600063,0.000219381,5954827283,0.0036840867009912234
승용차,8703,BG,불가리아,2026-07-01,9360585,6795711.0,37.74254084671935,-20.39910042998807,0.009360585,5954827283,0.15719322417163717
승용차,8703,GF,불령 가이아나,2026-07-01,198406,194051.0,2.244255376163995,-55.85258234557215,0.000198406,5954827283,0.0033318514638772945
승용차,8703,RE,불령 리유니온 코모도 제도,2026-07-01,4388361,880796.0,398.22671765085215,592.1213793973614,0.004388361,5954827283,0.07369417770567435
승용차,8703,PF,불령 폴리네시아,2026-07-01,3324299,755143.0,340.2211236812101,99.04003554137732,0.003324299,5954827283,0.055825279928610146
승용차,8703,BN,브루나이,2026-07-01,605863,1424751.0,-57.47586771302494,67.40940302012959,0.000605863,5954827283,0.010174316923173134
승용차,8703,WS,사모아,2026-07-01,366536,58462.0,526.9645239642845,684.7056304859773,0.000366536,5954827283,0.006155275083231998
승용차,8703,SA,사우디아라비아,2026-07-01,134433890,86815413.0,54.85025683169877,-15.627336471627773,0.13443389,5954827283,2.257561531361043
승용차,8703,CY,사이프러스,2026-07-01,1593602,4530598.0,-64.82579120901921,-53.45682524309841,0.001593602,5954827283,0.02676151505769878
승용차,8703,SN,세네갈,2026-07-01,4205743,3203225.0,31.29714584520289,-12.053375947324152,0.004205743,5954827283,0.07062745567796176
승용차,8703,SC,세이쉘,2026-07-01,573311,975861.0,-41.250751900116924,54.43469312990259,0.000573311,5954827283,0.009627667986890293
승용차,8703,LC,세인트 루시아,2026-07-01,23123,223253.0,-89.64269237143509,-60.858893628546284,2.3123e-05,5954827283,0.00038830681229012567
승용차,8703,MF,세인트 마틴,2026-07-01,12572,226252.0,-94.44336403656101,-70.86712703341522,1.2572e-05,5954827283,0.00021112283199028933
승용차,8703,KN,세인트 키츠 네비스,2026-07-01,108808,62231.0,74.84533431890858,134.2173239194076,0.000108808,5954827283,0.0018272234412344416
승용차,8703,SX,세인트마틴(생마르탱),2026-07-01,162452,,,2203.630175836642,0.000162452,5954827283,0.0027280724071338273
승용차,8703,SB,솔로몬 군도,2026-07-01,82568,,,0.0,8.2568e-05,5954827283,0.00138657254150288
승용차,8703,SD,수단,2026-07-01,816170,13317.0,6028.782758879627,-11.447285762799764,0.00081617,5954827283,0.013706023050072735
승용차,8703,SR,수리남,2026-07-01,12370,,,-31.063308069549713,1.237e-05,5954827283,0.00020773062613107534
승용차,8703,LK,스리랑카,2026-07-01,594026,572374.0,3.782841289087213,1.114250697896102,0.000594026,5954827283,0.009975537018442858
승용차,8703,SE,스웨덴,2026-07-01,59771778,67361826.0,-11.267580543318411,55.55590949523075,0.059771778,5954827283,1.0037533442932605
승용차,8703,CH,스위스,2026-07-01,19058517,19392376.0,-1.7215992511696365,-33.99970536505713,0.019058517,5954827283,0.3200515496798499
승용차,8703,ES,스페인,2026-07-01,142019697,142405531.0,-0.2709403190245485,30.71695124049427,0.142019697,5954827283,2.384950734095036
승용차,8703,SK,슬로바키아,2026-07-01,4688722,3810279.0,23.054558471964913,10.70144347752997,0.004688722,5954827283,0.07873816950804752
승용차,8703,SI,슬로베니아,2026-07-01,3648320,7508278.0,-51.40936443749153,-18.31287901246067,0.00364832,5954827283,0.06126659643706748
승용차,8703,SY,시리아,2026-07-01,970016,21065388.0,-95.3952141778732,-80.75278008608326,0.000970016,5954827283,0.016289574053125398
승용차,8703,SL,시에라 리온,2026-07-01,49378,15473.0,219.123634718542,13.740123926012938,4.9378e-05,5954827283,0.0008292096084963813
승용차,8703,SG,싱가포르,2026-07-01,1119936,4295701.0,-73.92891171894877,-70.16643286824052,0.001119936,5954827283,0.01880719535220145
승용차,8703,AE,아랍에미리트 연합,2026-07-01,40619569,37871841.0,7.255332530573311,339.11936714249606,0.040619569,5954827283,0.6821284156462746
승용차,8703,AW,아루바,2026-07-01,681325,935379.0,-27.160541342065624,-36.815889947019286,0.000681325,5954827283,0.01144155770806426
승용차,8703,AM,아르메니아,2026-07-01,151368,783448.0,-80.67925376030061,-24.533343969368214,0.000151368,5954827283,0.002541937705433194
승용차,8703,AR,아르헨티나,2026-07-01,1385088,9195197.0,-84.93683169593865,123.50547271228041,0.001385088,5954827283,0.02325991895607428
승용차,8703,AS,아메리칸 사모아,2026-07-01,158708,297618.0,-46.673924292213506,-67.44331072737045,0.000158708,5954827283,0.002665199047050178
승용차,8703,IS,아이슬란드,2026-07-01,1555400,1248696.0,24.56194301895738,-3.379241756268947,0.0015554,5954827283,0.026119985115947823
승용차,8703,IE,아일랜드,2026-07-01,16780250,8951624.0,87.45481266862862,55.454169078810665,0.01678025,5954827283,0.28179238796572165
승용차,8703,AZ,아제르바이잔,2026-07-01,10926629,4997895.0,118.62462096542643,-25.349279128433654,0.010926629,5954827283,0.18349195502602791
승용차,8703,AF,아프카니스탄,2026-07-01,526479,302434.0,74.08062585555857,53133.468149646105,0.000526479,5954827283,0.008841213606698659
승용차,8703,AG,안티가 바부다,2026-07-01,173309,514099.0,-66.2887887352436,245.8571143484334,0.000173309,5954827283,0.0029103950755174236
승용차,8703,AL,알바니아,2026-07-01,36788169,28077218.0,31.024979041727008,8.858450339552304,0.036788169,5954827283,0.6177873387700739
승용차,8703,DZ,알제리,2026-07-01,5274212,4295492.0,22.784817199054274,-43.97495821660148,0.005274212,5954827283,0.0885703606392911
승용차,8703,AO,앙골라,2026-07-01,717384,380568.0,88.50350003153183,10.455643540879823,0.000717384,5954827283,0.012047100040130584
승용차,8703,EE,에스토니아,2026-07-01,4030901,1427363.0,182.40195381273017,-0.48546313909294536,0.004030901,5954827283,0.0676913167827306
승용차,8703,EC,에쿠아도르,2026-07-01,1833571,17713972.0,-89.64901265509508,-84.6089864425824,0.001833571,5954827283,0.03079133806675682
승용차,8703,ET,에티오피아,2026-07-01,1316282,,,5376.066064816741,0.001316282,5954827283,0.02210445303355409
승용차,8703,SV,엘살바도르,2026-07-01,1468366,695600.0,111.09344450833811,65.1242790264594,0.001468366,5954827283,0.024658414597379347
승용차,8703,GB,영국,2026-07-01,240014070,234980421.0,2.1421567714358547,8.239465453936191,0.24001407,5954827283,4.030579873999009
승용차,8703,VG,영령 버진군도,2026-07-01,56064,274552.0,-79.57982458696348,44.37577255871445,5.6064e-05,5954827283,0.0009414882638167022
승용차,8703,KY,영령 캐이맨 군도,2026-07-01,1430380,937310.0,52.60479457169986,2962.3220364383737,0.00143038,5954827283,0.024020511964863985
승용차,8703,YE,예맨,2026-07-01,139923,1113252.0,-87.4311476646797,-32.558128325749976,0.000139923,5954827283,0.0023497406952415886
승용차,8703,OM,오만,2026-07-01,7551136,5917602.0,27.604661482810087,148.24939820905962,0.007551136,5954827283,0.12680696922238507
승용차,8703,AT,오스트리아,2026-07-01,15575218,22830458.0,-31.7787755287257,-32.96932275862989,0.015575218,5954827283,0.26155616711948215
승용차,8703,HN,온두라스,2026-07-01,684611,500694.0,36.7324154074145,-43.91877445732087,0.000684611,5954827283,0.011496739829120582
승용차,8703,JO,요르단,2026-07-01,29595606,30871586.0,-4.133185771537617,-1.5933798688417378,0.029595606,5954827283,0.49700192118905495
승용차,8703,UY,우루과이,2026-07-01,1995493,1163491.0,71.50910492646699,16.434302932135857,0.001995493,5954827283,0.03351051013178479
승용차,8703,UZ,우즈베키스탄,2026-07-01,15853856,7487904.0,111.72621871220572,13.860260576751205,0.015853856,5954827283,0.2662353624472033
승용차,8703,UA,우크라이나,2026-07-01,13673348,7933973.0,72.33923029483462,18.41750161452651,0.013673348,5954827283,0.22961787723104984
승용차,8703,IQ,이라크,2026-07-01,34966661,29917939.0,16.875233283950486,4.032416109421244,0.034966661,5954827283,0.5871985758482661
승용차,8703,IR,이란,2026-07-01,15686,1259094.0,-98.7541835637371,161.1286832029299,1.5686e-05,5954827283,0.00026341654013678636
승용차,8703,IL,이스라엘,2026-07-01,69529402,19522821.0,256.1442375566523,-7.485592317179856,0.069529402,5954827283,1.1676140834259692
승용차,8703,EG,이집트,2026-07-01,18600574,20057529.0,-7.263880810043954,-9.884467701070621,0.018600574,5954827283,0.31236126785912693
승용차,8703,IT,이탈리아,2026-07-01,62474936,47657263.0,31.09216112557702,-1.5072659256095688,0.062474936,5954827283,1.0491477423426723
승용차,8703,IN,인도,2026-07-01,67482,66185.0,1.9596585329002103,-92.15089195467007,6.7482e-05,5954827283,0.001133231860353858
승용차,8703,ID,인도네시아,2026-07-01,8993601,9960721.0,-9.709337306004251,28.527275601056722,0.008993601,5954827283,0.15103042578036094
승용차,8703,JP,일본,2026-07-01,4610090,1880039.0,145.2124663371345,13.450709459143528,0.00461009,5954827283,0.07741769460150437
승용차,8703,JM,자마이카,2026-07-01,534047,2003883.0,-73.34939215513081,942.9179604350967,0.000534047,5954827283,0.008968303774730992
승용차,8703,ZM,잠비아,2026-07-01,7654,,,-78.29883753898497,7.654e-06,5954827283,0.00012853437448724742
승용차,8703,GQ,적도 기니,2026-07-01,149598,99603.0,50.19427125688984,-21.347830201575167,0.000149598,5954827283,0.002512213921419289
승용차,8703,GE,조지아,2026-07-01,5270605,6157605.0,-14.404951275698908,-3.513022599159654,0.005270605,5954827283,0.08850978793367632
승용차,8703,CN,중국,2026-07-01,19194437,28044428.0,-31.557038710149477,-25.542840422823566,0.019194437,5954827283,0.3223340676025448
승용차,8703,GI,지브랄타,2026-07-01,283592,174625.0,62.400572655690766,324.5897712300875,0.000283592,5954827283,0.004762388336763453
승용차,8703,ZW,짐바브웨,2026-07-01,9570,54561.0,-82.45999890031341,-96.05653535520027,9.57e-06,5954827283,0.0001607099508548416
승용차,8703,TD,챠드,2026-07-01,2325,,,,2.325e-06,5954827283,3.9043953577586914e-05
승용차,8703,CZ,체코공화국,2026-07-01,13720248,8270767.0,65.88845992155261,77.8971459304624,0.013720248,5954827283,0.23040547354192675
승용차,8703,CL,칠레,2026-07-01,30897592,21231371.0,45.52801135640274,-25.030369919277373,0.030897592,5954827283,0.5188663000891272
승용차,8703,CM,카메룬,2026-07-01,250907,359594.0,-30.22492032681302,3.039350159749654,0.000250907,5954827283,0.0042135059184049885
승용차,8703,CV,카보 베르데,2026-07-01,343098,665846.0,-48.471868870579684,63.04072002547081,0.000343098,5954827283,0.005761678444973297
승용차,8703,KZ,카자흐스탄,2026-07-01,51500222,153183383.0,-66.38002047519737,-12.646796425814056,0.051500222,5954827283,0.8648482911842668
승용차,8703,QA,카타르,2026-07-01,5648933,4921459.0,14.781673483412128,52.930291764894434,0.005648933,5954827283,0.09486308723221452
승용차,8703,KH,캄보디아,2026-07-01,4537309,5900974.0,-23.109151133355276,-12.21281013641785,0.004537309,5954827283,0.07619547611319023
승용차,8703,CA,캐나다,2026-07-01,508709635,429955954.0,18.31668575986274,-17.914560493069487,0.508709635,5954827283,8.542810913295131
승용차,8703,KE,케냐,2026-07-01,40181,143900.0,-72.07713690062543,-69.03675733990907,4.0181e-05,5954827283,0.0006747634833122666
승용차,8703,CR,코스타리카,2026-07-01,5318623,4524590.0,17.54928070830728,-18.7564719509712,0.005318623,5954827283,0.08931615892846712
승용차,8703,CI,코트디봐르,2026-07-01,820875,391384.0,109.73647364225414,6.055516437232322,0.000820875,5954827283,0.01378503457763512
승용차,8703,CO,콜롬비아,2026-07-01,58373880,58822203.0,-0.7621662860875844,-4.859143357619555,0.05837388,5954827283,0.9802783057477974
승용차,8703,CG,콩고,2026-07-01,686006,459110.0,49.420835965237096,4.803983127622935,0.000686006,5954827283,0.011520166201267133
승용차,8703,CD,콩고민주공화국,2026-07-01,1493850,747290.0,99.9023136934791,924.6587557445641,0.00149385,5954827283,0.025086369914786327
승용차,8703,KW,쿠웨이트,2026-07-01,7899684,16609214.0,-52.4379419760622,4.681005004349736,0.007899684,5954827283,0.1326601700531639
승용차,8703,CW,큐라소,2026-07-01,740754,424277.0,74.59207074623417,163.6857786653282,0.000740754,5954827283,0.012439554747704007
승용차,8703,HR,크로아티아,2026-07-01,2780814,4055132.0,-31.424821682746707,-13.635293569576223,0.002780814,5954827283,0.046698482892001625
승용차,8703,KG,키르기스스탄,2026-07-01,171988178,287651332.0,-40.20949710046884,-18.233160136092952,0.171988178,5954827283,2.8882143818175288
승용차,8703,TJ,타지크,2026-07-01,25081486,24655225.0,1.7288870817443458,-0.8160834196461741,0.025081486,5954827283,0.42119586023264344
승용차,8703,TZ,탄자니아,2026-07-01,1414052,766363.0,84.51464906317241,-4.9983539924082105,0.001414052,5954827283,0.02374631425561029
승용차,8703,TH,태국,2026-07-01,399700,1132.0,35209.18727915194,184.42123090279011,0.0003997,5954827283,0.006712201395682361
승용차,8703,TG,토고,2026-07-01,699234,52241.0,1238.4774410903312,205.4037055478393,0.000699234,5954827283,0.011742305305750713
승용차,8703,TO,통가,2026-07-01,18760,,,,1.876e-05,5954827283,0.0003150385243507658
승용차,8703,TC,투르크 & 카이코스 군도,2026-07-01,120321,43206.0,178.4821552562144,17.67680225336685,0.000120321,5954827283,0.002020562382111327
승용차,8703,TM,투르크멘,2026-07-01,1080117,48929.0,2107.519058227227,30.091945771987973,0.001080117,5954827283,0.01813851097047847
승용차,8703,TN,튀니지,2026-07-01,1438979,15060912.0,-90.44560515326032,-80.45012113221944,0.001438979,5954827283,0.024164915817256962
승용차,8703,TR,튀르키예,2026-07-01,70828002,156812546.0,-54.83269431771103,-8.838438042155827,0.070828002,5954827283,1.189421600895154
승용차,8703,TT,트리니다드 토바고,2026-07-01,1846030,2201029.0,-16.12877431419577,-0.519381699743704,0.00184603,5954827283,0.031000563278637747
승용차,8703,PA,파나마,2026-07-01,1518054,1240086.0,22.4152195896091,4.743005824138757,0.001518054,5954827283,0.02549283006635274
승용차,8703,PY,파라과이,2026-07-01,5178006,3832160.0,35.1197757922425,189.0933544895677,0.005178006,5954827283,0.08695476382299634
승용차,8703,PK,파키스탄,2026-07-01,21036340,28777905.0,-26.901072194101694,753.5089011230219,0.02103634,5954827283,0.353265325764445
승용차,8703,PG,파푸아 뉴기니,2026-07-01,107940,180586.0,-40.227924645321345,-31.112387516752825,0.00010794,5954827283,0.0018126470318988092
승용차,8703,PW,팔라우,2026-07-01,2097,,,-88.85226729041517,2.097e-06,5954827283,3.521512716223646e-05
승용차,8703,PS,팔레스타인 해방기구,2026-07-01,292236,227917.0,28.22036092086153,-93.4438380903773,0.000292236,5954827283,0.004907547878580511
승용차,8703,PE,페루,2026-07-01,1410266,8062779.0,-82.50893395440951,-63.51590652209963,0.001410266,5954827283,0.023682735585397498
승용차,8703,PT,포루투갈,2026-07-01,12223203,16055925.0,-23.87107563095866,1.2858607767219477,0.012223203,5954827283,0.2052654496780306
승용차,8703,PL,폴란드,2026-07-01,24381738,19528522.0,24.85193707951887,-42.45460533671179,0.024381738,5954827283,0.4094449232743599
승용차,8703,PR,푸에르토리코,2026-07-01,25766977,32699564.0,-21.200854543504,63.3619781836404,0.025766977,5954827283,0.43270737798827946
승용차,8703,FR,프랑스,2026-07-01,64108460,51108742.0,25.435409856106418,-5.205241496816059,0.06410846,5954827283,1.0765796714712204
승용차,8703,FJ,피지,2026-07-01,487342,867404.0,-43.816030361861365,-57.9054201710069,0.000487342,5954827283,0.008183982118025101
승용차,8703,FI,핀란드,2026-07-01,11371927,10132736.0,12.229579454157303,-28.16355441838353,0.011371927,5954827283,0.19096988811858373
승용차,8703,PH,필리핀,2026-07-01,2333489,8739335.0,-73.29900959283515,-85.2586839932117,0.002333489,5954827283,0.03918651018916546
승용차,8703,HU,헝가리,2026-07-01,9057765,30667606.0,-70.46471446124617,-57.02480479892324,0.009057765,5954827283,0.1521079381405125
승용차,8703,AU,호주,2026-07-01,252345111,220683989.0,14.346814258464402,-20.201539178484563,0.252345111,5954827283,4.23765625781291
자동차부품,8708,GH,가나,2026-07-01,1896519,1850052.0,2.5116591317433157,-23.681665795443163,0.001896519,1653930745,0.11466737683747454
자동차부품,8708,GA,가봉,2026-07-01,14730,11279.0,30.596684103200644,-96.07083696774245,1.473e-05,1653930745,0.0008906056099706884
자동차부품,8708,GY,가이아나,2026-07-01,99,21.0,371.42857142857144,-40.36144578313253,9.9e-08,1653930745,5.985740352145156e-06
자동차부품,8708,GP,과델로프,2026-07-01,1743,152.0,1046.7105263157896,148.2905982905983,1.743e-06,1653930745,0.00010538530741201016
자동차부품,8708,GT,과테말라,2026-07-01,315002,260327.0,21.00243155723378,10.684305767845537,0.000315002,1653930745,0.019045658408145743
자동차부품,8708,GU,괌,2026-07-01,22326,15421.0,44.77660333311717,-56.628331649700826,2.2326e-05,1653930745,0.0013498751424443711
자동차부품,8708,VA,교황청,2026-07-01,470,995.0,-52.76381909547738,-74.21832144816237,4.7e-07,1653930745,2.8417151166749727e-05
자동차부품,8708,GD,그레나다,2026-07-01,77056,,,22365.30612244898,7.7056e-05,1653930745,0.004658961702776738
자동차부품,8708,GR,그리스,2026-07-01,174911,483675.0,-63.837080684343825,-12.810428194008272,0.000174911,1653930745,0.010575473037717793
자동차부품,8708,GL,그린랜드,2026-07-01,219,,,-2.2321428571428603,2.19e-07,1653930745,1.3241183203230192e-05
자동차부품,8708,GN,기니,2026-07-01,1488,660.0,125.45454545454544,-63.21384425216316,1.488e-06,1653930745,8.996749135345445e-05
자동차부품,8708,ZZ,기타국,2026-07-01,2638,1022.0,158.12133072407045,-10.180456247871984,2.638e-06,1653930745,0.00015949881867635275
자동차부품,8708,NA,나미비아,2026-07-01,189,,,103.2258064516129,1.89e-07,1653930745,1.1427322490458934e-05
자동차부품,8708,NG,나이지리아,2026-07-01,30998,87397.0,-64.53196333970274,-76.61551924440622,3.0998e-05,1653930745,0.0018742018124827831
자동차부품,8708,ZA,남아프리카공화국,2026-07-01,2749531,2880885.0,-4.559501680907085,8.73848955062384,0.002749531,1653930745,0.16624220864822245
자동차부품,8708,NL,네덜란드,2026-07-01,5168376,2636333.0,96.04412644381419,19.327722167644644,0.005168376,1653930745,0.3124904725076623
자동차부품,8708,NP,네팔,2026-07-01,20168,49158.0,-58.973107123967615,46.569767441860456,2.0168e-05,1653930745,0.0012193980951723585
자동차부품,8708,NO,노르웨이,2026-07-01,114205,107642.0,6.09706248490367,-14.746302973297798,0.000114205,1653930745,0.006905065423401389
자동차부품,8708,NC,뉴 칼레도니아,2026-07-01,16554,15450.0,7.145631067961156,16.00560616678346,1.6554e-05,1653930745,0.0010008883413071808
자동차부품,8708,NZ,뉴질랜드,2026-07-01,483221,357260.0,35.25751553490455,23.709643146983296,0.000483221,1653930745,0.029216519582868025
자동차부품,8708,NI,니카라과,2026-07-01,90036,770904.0,-88.32072475950314,-74.20652314038932,9.0036e-05,1653930745,0.005443758771169103
자동차부품,8708,TW,대만,2026-07-01,1979644,3305410.0,-40.10897286569593,-9.283813551127995,0.001979644,1653930745,0.1196932825624449
자동차부품,8708,DK,덴마크,2026-07-01,77203,6864.0,1024.752331002331,1003.3728740888952,7.7203e-05,1653930745,0.0046678496202693185
자동차부품,8708,DM,도미니카,2026-07-01,2,,,-99.99341758820431,2e-09,1653930745,1.2092404751808396e-07
자동차부품,8708,DO,도미니카 공화국,2026-07-01,2220245,1405799.0,57.934740314938324,71.59841744978787,0.002220245,1653930745,0.13424050594089415
자동차부품,8708,DE,독일,2026-07-01,51701988,46980224.0,10.050535306089635,17.97690575634654,0.051701988,1653930745,3.126006826845703
자동차부품,8708,LA,라오스,2026-07-01,232174,256718.0,-9.560685265544288,-12.661051570358616,0.000232174,1653930745,0.014037709904231812
자동차부품,8708,LR,라이베리아,2026-07-01,4248,1500.0,183.2,-45.18709677419355,4.248e-06,1653930745,0.0002568426769284103
자동차부품,8708,LV,라트비아,2026-07-01,3029,684.0,342.8362573099415,734.435261707989,3.029e-06,1653930745,0.00018313946996613816
자동차부품,8708,RU,러시아 연방,2026-07-01,9956658,10187259.0,-2.263621647393077,13.043976832284754,0.009956658,1653930745,0.6019996925566553
자동차부품,8708,LB,레바논,2026-07-01,475600,189900.0,150.44760400210637,112.23236677465707,0.0004756,1653930745,0.028755738499800367
자동차부품,8708,RO,루마니아,2026-07-01,2174119,3140933.0,-30.78110867057654,57.51814547388341,0.002174119,1653930745,0.1314516346329846
자동차부품,8708,LU,룩셈부르그,2026-07-01,934,0.0,inf,328.4403669724771,9.34e-07,1653930745,5.6471530190945206e-05
자동차부품,8708,RW,르완다,2026-07-01,757,740.0,2.297297297297307,-22.27926078028748,7.57e-07,1653930745,4.576975198559478e-05
자동차부품,8708,LY,리비아,2026-07-01,8041424,6846995.0,17.44457240000905,73.19744479932146,0.008041424,1653930745,0.48620076894453035
자동차부품,8708,LT,리투아니아,2026-07-01,151397,13480.0,1023.1231454005934,-53.50000767848642,0.000151397,1653930745,0.009153769011047677
자동차부품,8708,LI,리히텐슈타인,2026-07-01,311245,593954.0,-47.597793768540996,-42.55670597788974,0.000311245,1653930745,0.01881850258488302
자동차부품,8708,MG,마다카스카르,2026-07-01,102095,17065.0,498.2713155581599,121.66134740224494,0.000102095,1653930745,0.00617287031567939
자동차부품,8708,MH,마샬군도,2026-07-01,49477,43683.0,13.263741043426513,-9.24815202039656,4.9477e-05,1653930745,0.00299147954952612
자동차부품,8708,MK,마세도니아,2026-07-01,16625,25850.0,-35.686653771760156,269.77313167259786,1.6625e-05,1653930745,0.001005181144994073
자동차부품,8708,FM,마이크로네시아,2026-07-01,129,,,-94.13636363636364,1.29e-07,1653930745,7.799601064916415e-06
자동차부품,8708,MO,마카오,2026-07-01,55065,34205.0,60.98523607659698,-62.98698679859114,5.5065e-05,1653930745,0.003329341338291647
자동차부품,8708,MQ,마티니크,2026-07-01,7161,3708.0,93.12297734627832,-81.93673695893452,7.161e-06,1653930745,0.0004329685521384996
자동차부품,8708,MY,말레이시아,2026-07-01,1847857,2694926.0,-31.431994793178,-35.07703172266472,0.001847857,1653930745,0.11172517383731204
자동차부품,8708,ML,말리,2026-07-01,11977,16270.0,-26.3859864781807,-97.51075030811661,1.1977e-05,1653930745,0.0007241536585620458
자동차부품,8708,MX,멕시코,2026-07-01,144471179,151175805.0,-4.434986140804742,-0.13564975445058414,0.144471179,1653930745,8.735019857194807
자동차부품,8708,MA,모로코,2026-07-01,537815,267740.0,100.87211473817881,22.121050420645094,0.000537815,1653930745,0.03251738330796916
자동차부품,8708,MU,모리셔스,2026-07-01,37286,967.0,3755.842812823165,260.39048907790453,3.7286e-05,1653930745,0.0022543870178796392
자동차부품,8708,MZ,모잠비크,2026-07-01,5024,,,129.51119232526267,5.024e-06,1653930745,0.0003037612073654269
자동차부품,8708,ME,몬테네그로,2026-07-01,216,,,inf,2.16e-07,1653930745,1.3059797131953068e-05
자동차부품,8708,MD,몰도바,2026-07-01,46355,14776.0,213.71819166215485,-8.056806235991832,4.6355e-05,1653930745,0.002802717111350391
자동차부품,8708,MV,몰디브,2026-07-01,34303,2106.0,1528.8224121557455,1008.694246929541,3.4303e-05,1653930745,0.002074028801006417
자동차부품,8708,MT,몰타,2026-07-01,14691,9201.0,59.667427453537655,-31.828306264501162,1.4691e-05,1653930745,0.0008882475910440856
자동차부품,8708,MN,몽골,2026-07-01,887688,670182.0,32.45476601878296,25.953925524850586,0.000887688,1653930745,0.053671412946616454
자동차부품,8708,US,미국,2026-07-01,589032007,580967914.0,1.3880444695264282,8.479224467773205,0.589032007,1653930745,35.61406720207018
자동차부품,8708,VI,미령 버진군도,2026-07-01,15,,,-96.5909090909091,1.5e-08,1653930745,9.069303563856296e-07
자동차부품,8708,MM,미얀마,2026-07-01,146559,75479.0,94.17188886975185,48.50139828962834,0.000146559,1653930745,0.008861253740101434
자동차부품,8708,VU,바누아투,2026-07-01,25472,62468.0,-59.22392264839598,-25.14619883040936,2.5472e-05,1653930745,0.001540088669190317
자동차부품,8708,BH,바레인,2026-07-01,76487,13120.0,482.9801829268293,487.27733415233416,7.6487e-05,1653930745,0.004624558811257844
자동차부품,8708,BB,바베이도스,2026-07-01,11207,13937.0,-19.588146659969862,-49.11691259931895,1.1207e-05,1653930745,0.0006775979002675835
자동차부품,8708,BD,방글라데시,2026-07-01,196562,127746.0,53.86939708484022,265.5131375867006,0.000196562,1653930745,0.011884536314124809
자동차부품,8708,BM,버뮤다,2026-07-01,3057,309.0,889.3203883495145,3152.127659574468,3.057e-06,1653930745,0.00018483240663139133
자동차부품,8708,VE,베네주엘라,2026-07-01,234077,168646.0,38.797836889104985,32.12969287129495,0.000234077,1653930745,0.014152769135445269
자동차부품,8708,BJ,베닝,2026-07-01,55,,,-68.57142857142857,5.5e-08,1653930745,3.325411306747309e-06
자동차부품,8708,VN,베트남,2026-07-01,62125450,54873150.0,13.21648201351664,30.37539910322522,0.06212545,1653930745,3.7562304339411745
자동차부품,8708,BE,벨기에,2026-07-01,6266186,7760014.0,-19.250326094772507,-20.513080068580493,0.006266186,1653930745,0.3788662868105762
자동차부품,8708,BY,벨라루스,2026-07-01,158332,66912.0,136.6272118603539,-56.868812892610606,0.000158332,1653930745,0.009573073145816634
자동차부품,8708,BA,보스니아-헤르체고비나,2026-07-01,39,216.0,-81.94444444444444,-91.66666666666666,3.9e-08,1653930745,2.3580189266026372e-06
자동차부품,8708,BO,볼리비아,2026-07-01,142730,29145.0,389.72379481900845,-16.97206612916361,0.00014273,1653930745,0.008629744651128061
자동차부품,8708,BI,부룬디,2026-07-01,684,365.0,87.3972602739726,836.986301369863,6.84e-07,1653930745,4.1356024251184714e-05
자동차부품,8708,BT,부탄,2026-07-01,2333,8718.0,-73.23927506308787,10.46401515151516,2.333e-06,1653930745,0.00014105790142984493
자동차부품,8708,MP,북마리아나 군도,2026-07-01,17488,3074.0,468.90045543266103,-40.25077727288257,1.7488e-05,1653930745,0.0010573598714981262
자동차부품,8708,BG,불가리아,2026-07-01,913990,466449.0,95.94639499709507,-22.950407844644737,0.00091399,1653930745,0.05526168509552677
자동차부품,8708,GF,불령 가이아나,2026-07-01,883,3516.0,-74.88623435722413,-47.47174301011303,8.83e-07,1653930745,5.3387966979234067e-05
자동차부품,8708,RE,불령 리유니온 코모도 제도,2026-07-01,943,2150.0,-56.139534883720934,-68.04473059979668,9.43e-07,1653930745,5.701568840477658e-05
자동차부품,8708,PF,불령 폴리네시아,2026-07-01,38428,34889.0,10.143598268795317,90.66236665839742,3.8428e-05,1653930745,0.0023234346490124654
자동차부품,8708,BR,브라질,2026-07-01,55274341,43551975.0,26.915808066109513,6.468516715717887,0.055274341,1653930745,3.3419985188073884
자동차부품,8708,BN,브루나이,2026-07-01,118748,151008.0,-21.36310659037932,49.8624397385093,0.000118748,1653930745,0.007179744397338717
자동차부품,8708,WS,사모아,2026-07-01,33,,,-81.86813186813187,3.3e-08,1653930745,1.9952467840483853e-06
자동차부품,8708,SA,사우디아라비아,2026-07-01,5563731,5661183.0,-1.7214069921428043,-0.5261960944453192,0.005563731,1653930745,0.3363944359109184
자동차부품,8708,CY,사이프러스,2026-07-01,6659,2187.0,204.48102423411066,1760.0558659217877,6.659e-06,1653930745,0.00040261661621146056
자동차부품,8708,SN,세네갈,2026-07-01,47500,14499.0,227.60880060693842,225.9676091133681,4.75e-05,1653930745,0.0028719461285544937
자동차부품,8708,RS,세르비아,2026-07-01,229555,38.0,603992.1052631579,53161.02088167054,0.000229555,1653930745,0.01387935986400688
자동차부품,8708,LC,세인트 루시아,2026-07-01,1149,2853.0,-59.72660357518402,-57.710710342289296,1.149e-06,1653930745,6.947086529913922e-05
자동차부품,8708,BL,세인트 바르탤르미,2026-07-01,3396,10499.0,-67.65406229164682,-41.80945853324195,3.396e-06,1653930745,0.00020532903268570657
자동차부품,8708,KN,세인트 키츠 네비스,2026-07-01,446,,,17.989417989418,4.46e-07,1653930745,2.6966062596532723e-05
자동차부품,8708,SX,세인트마틴(생마르탱),2026-07-01,1029,,,-51.48514851485149,1.029e-06,1653930745,6.22154224480542e-05
자동차부품,8708,SO,소말리아,2026-07-01,120960,,,466.47777829813145,0.00012096,1653930745,0.007313486393893717
자동차부품,8708,SB,솔로몬 군도,2026-07-01,618,295.0,109.4915254237288,1.6447368421052655,6.18e-07,1653930745,3.736553068308795e-05
자동차부품,8708,SD,수단,2026-07-01,3202317,544596.0,488.0169887402772,111.25776305321028,0.003202317,1653930745,0.19361856653798404
자동차부품,8708,SR,수리남,2026-07-01,930,0.0,inf,-61.617829137432935,9.3e-07,1653930745,5.6229682095909045e-05
자동차부품,8708,LK,스리랑카,2026-07-01,28825,85612.0,-66.33065458113349,-67.38995169300736,2.8825e-05,1653930745,0.0017428178348543849
자동차부품,8708,SE,스웨덴,2026-07-01,3288537,3392709.0,-3.070466697851182,-30.277086363424345,0.003288537,1653930745,0.19883160222648866
자동차부품,8708,CH,스위스,2026-07-01,11408,4622.0,146.81955863262658,-23.022941970310395,1.1408e-05,1653930745,0.0006897507670431508
자동차부품,8708,ES,스페인,2026-07-01,12706369,8583333.0,48.03537273923777,24.830436049935823,0.012706369,1653930745,0.7682527843691545
자동차부품,8708,SK,슬로바키아,2026-07-01,66064168,95637004.0,-30.921959872352332,30.39029851593189,0.066064168,1653930745,3.9943732952373403
자동차부품,8708,SI,슬로베니아,2026-07-01,1655122,2142830.0,-22.759994959936158,-1.9049193871969017,0.001655122,1653930745,0.10007202568811308
자동차부품,8708,SY,시리아,2026-07-01,6978354,3538679.0,97.20223281060531,22.836437797273135,0.006978354,1653930745,0.4219254053470056
자동차부품,8708,SL,시에라 리온,2026-07-01,71,0.0,inf,-74.08759124087592,7.1e-08,1653930745,4.2928036868919806e-06
자동차부품,8708,SG,싱가포르,2026-07-01,2206466,2017472.0,9.367862354471335,-27.58995032131326,0.002206466,1653930745,0.13340739971551832
자동차부품,8708,AE,아랍에미리트 연합,2026-07-01,19405982,21853029.0,-11.197747461004148,5.682725416571999,0.019405982,1653930745,1.173324944751541
자동차부품,8708,AW,아루바,2026-07-01,2157,77.0,2701.298701298701,65.92307692307693,2.157e-06,1653930745,0.00013041658524825357
자동차부품,8708,AM,아르메니아,2026-07-01,10146,156.0,6403.846153846153,-59.12990936555891,1.0146e-05,1653930745,0.0006134476930592399
자동차부품,8708,AR,아르헨티나,2026-07-01,2079417,1598385.0,30.094877016488518,-24.468580108817527,0.002079417,1653930745,0.1257257600589558
자동차부품,8708,AS,아메리칸 사모아,2026-07-01,6287,3536.0,77.7997737556561,205.4907677356657,6.287e-06,1653930745,0.00038012474337309693
자동차부품,8708,IS,아이슬란드,2026-07-01,2155,4546.0,-52.595688517377916,24.20749279538905,2.155e-06,1653930745,0.00013029566120073547
자동차부품,8708,HT,아이티,2026-07-01,11273,3562.0,216.47950589556427,inf,1.1273e-05,1653930745,0.0006815883938356802
자동차부품,8708,IE,아일랜드,2026-07-01,4886,9045.0,-45.981205085682696,-92.87017175210495,4.886e-06,1653930745,0.0002954174480866791
자동차부품,8708,AZ,아제르바이잔,2026-07-01,357943,568037.0,-36.98597098428448,-51.70007718423283,0.000357943,1653930745,0.021641958170382763
자동차부품,8708,AG,안티가 바부다,2026-07-01,545,6684.0,-91.84619988031119,-81.97751322751323,5.45e-07,1653930745,3.2951802948677874e-05
자동차부품,8708,AL,알바니아,2026-07-01,8277,2649.0,212.45753114382785,215.55470834921846,8.277e-06,1653930745,0.0005004441706535904
자동차부품,8708,DZ,알제리,2026-07-01,3542269,4370878.0,-18.957495496328203,-3.882217715479319,0.003542269,1653930745,0.21417275243891787
자동차부품,8708,AO,앙골라,2026-07-01,32142,36498.0,-11.934900542495475,-73.41681071201131,3.2142e-05,1653930745,0.0019433703676631272
자동차부품,8708,EE,에스토니아,2026-07-01,41855,72908.0,-42.59203379601689,11.971642589620114,4.1855e-05,1653930745,0.002530638004434702
자동차부품,8708,EC,에쿠아도르,2026-07-01,7169313,4267229.0,68.00863042503696,84.89028276224184,0.007169313,1653930745,0.4334711729420085
자동차부품,8708,ET,에티오피아,2026-07-01,31195,14076.0,121.6183574879227,-62.13647618585231,3.1195e-05,1653930745,0.0018861128311633147
자동차부품,8708,SV,엘살바도르,2026-07-01,741503,309560.0,139.53450058147047,6.33413304690873,0.000741503,1653930745,0.044832772003400904
자동차부품,8708,GB,영국,2026-07-01,12610460,14341555.0,-12.07048329138647,7.095902028403933,0.01261046,1653930745,0.7624539321324485
자동차부품,8708,VG,영령 버진군도,2026-07-01,1516,,,601.8518518518518,1.516e-06,1653930745,9.166042801870765e-05
자동차부품,8708,KY,영령 캐이맨 군도,2026-07-01,1503,939.0,60.063897763578275,19.85645933014355,1.503e-06,1653930745,9.08744217098401e-05
자동차부품,8708,YE,예맨,2026-07-01,516812,257951.0,100.3527801791813,-37.34731186445609,0.000516812,1653930745,0.031247499422958003
자동차부품,8708,OM,오만,2026-07-01,266189,168555.0,57.92411972353237,-46.33459404535337,0.000266189,1653930745,0.016094325642395622
자동차부품,8708,AT,오스트리아,2026-07-01,566373,1126806.0,-49.73642312873733,-3.441756270873786,0.000566373,1653930745,0.03424405778247988
자동차부품,8708,HN,온두라스,2026-07-01,497918,320444.0,55.383780005242734,1.5897952771328105,0.000497918,1653930745,0.030105129946054663
자동차부품,8708,JO,요르단,2026-07-01,2415559,2453330.0,-1.539580896169701,-32.756397033503504,0.002415559,1653930745,0.14604958564936768
자동차부품,8708,UG,우간다,2026-07-01,162,,,-93.64705882352942,1.62e-07,1653930745,9.7948478489648e-06
자동차부품,8708,UY,우루과이,2026-07-01,5867675,4335111.0,35.35235891307052,-13.982615844406043,0.005867675,1653930745,0.35477150526033663
자동차부품,8708,UZ,우즈베키스탄,2026-07-01,60923918,53826331.0,13.186087307344053,34.11562268595536,0.060923918,1653930745,3.683583377609925
자동차부품,8708,UA,우크라이나,2026-07-01,1853182,1187065.0,56.11461882879203,3.3525778163460584,0.001853182,1653930745,0.11204713411382894
자동차부품,8708,IQ,이라크,2026-07-01,8169570,9892434.0,-17.415976694916534,42.24445709293092,0.00816957,1653930745,0.49394873544115653
자동차부품,8708,IR,이란,2026-07-01,241656,1250664.0,-80.67778396115983,43.19506992178241,0.000241656,1653930745,0.01461101081351505
자동차부품,8708,IL,이스라엘,2026-07-01,3372001,2844284.0,18.553597320098845,-3.7100187525539563,0.003372001,1653930745,0.20387800457751332
자동차부품,8708,EG,이집트,2026-07-01,6028177,6108789.0,-1.3196068811674455,-5.09828289295643,0.006028177,1653930745,0.3644757809977104
자동차부품,8708,IT,이탈리아,2026-07-01,5939454,6074953.0,-2.230453470174998,-1.3700691087401906,0.005939454,1653930745,0.3591114088637369
자동차부품,8708,IN,인도,2026-07-01,85743265,46457803.0,84.56160098659853,62.47964628614551,0.085743265,1653930745,5.184211325607833
자동차부품,8708,ID,인도네시아,2026-07-01,6728639,6297018.0,6.854371386583291,14.90354517544863,0.006728639,1653930745,0.40682713108401647
자동차부품,8708,JP,일본,2026-07-01,38190481,30091171.0,26.915901677605024,7.1583635039204285,0.038190481,1653930745,2.309073769591241
자동차부품,8708,JM,자마이카,2026-07-01,51385,53042.0,-3.1239395196259623,116684.0909090909,5.1385e-05,1653930745,0.0031068410908583716
자동차부품,8708,GQ,적도 기니,2026-07-01,95,,,-93.20457796852646,9.5e-08,1653930745,5.743892257108988e-06
자동차부품,8708,GE,조지아,2026-07-01,47545,178891.0,-73.4223633385693,-69.7059479435471,4.7545e-05,1653930745,0.0028746669196236508
자동차부품,8708,CN,중국,2026-07-01,81538165,74972270.0,8.757764704203307,13.207726483200034,0.081538165,1653930745,4.929962469498685
자동차부품,8708,DJ,지부티,2026-07-01,2310,413.0,459.3220338983051,-94.937984835868,2.31e-06,1653930745,0.00013966727488338697
자동차부품,8708,CZ,체코공화국,2026-07-01,66044410,88056124.0,-24.99736872361087,18.674118390947502,0.06604441,1653930745,3.99317868657191
자동차부품,8708,CL,칠레,2026-07-01,4456291,4526666.0,-1.554676223074558,-20.82096685927095,0.004456291,1653930745,0.2694363723192049
자동차부품,8708,CM,카메룬,2026-07-01,366,3732.0,-90.19292604501608,-97.70920698504099,3.66e-07,1653930745,2.2129100695809365e-05
자동차부품,8708,KZ,카자흐스탄,2026-07-01,33967251,44193785.0,-23.14020851574492,-13.723923726792119,0.033967251,1653930745,2.0537287369913426
자동차부품,8708,QA,카타르,2026-07-01,64978,44344.0,46.53166155511457,216.1484941371089,6.4978e-05,1653930745,0.00392870137981503
자동차부품,8708,KH,캄보디아,2026-07-01,1743154,1506191.0,15.732599650376343,12.769080582983406,0.001743154,1653930745,0.10539461856366905
자동차부품,8708,CA,캐나다,2026-07-01,25810369,19279467.0,33.8749095086498,39.83504251823871,0.025810369,1653930745,1.5605471437076406
자동차부품,8708,KE,케냐,2026-07-01,76408,32079.0,138.1869759032389,355.35160905840286,7.6408e-05,1653930745,0.00461978231138088
자동차부품,8708,CR,코스타리카,2026-07-01,722369,426768.0,69.26503392944177,48.750373230373235,0.000722369,1653930745,0.0436758916407954
자동차부품,8708,CI,코트디봐르,2026-07-01,44330,272374.0,-83.72458457855743,-87.70537269389068,4.433e-05,1653930745,0.002680281513238331
자동차부품,8708,CO,콜롬비아,2026-07-01,2899107,3751605.0,-22.72355431875157,-30.227139702300608,0.002899107,1653930745,0.1752858763140049
자동차부품,8708,CD,콩고민주공화국,2026-07-01,1453,,,2321.6666666666665,1.453e-06,1653930745,8.7851320521888e-05
자동차부품,8708,KW,쿠웨이트,2026-07-01,103398,157195.0,-34.22309869906803,-68.35378338755736,0.000103398,1653930745,0.006251652332637423
자동차부품,8708,CW,큐라소,2026-07-01,534,44571.0,-98.80191155684189,-99.360463723682,5.34e-07,1653930745,3.2286720687328414e-05
자동차부품,8708,HR,크로아티아,2026-07-01,464,98.0,373.46938775510205,-81.81818181818181,4.64e-07,1653930745,2.805437902419548e-05
자동차부품,8708,KG,키르기스스탄,2026-07-01,4111455,2051562.0,100.40608083011873,17.0030000221971,0.004111455,1653930745,0.24858688989423194
자동차부품,8708,TJ,타지크,2026-07-01,939292,169900.0,452.84991171277215,89.62341474444126,0.000939292,1653930745,0.05679149522067806
자동차부품,8708,TZ,탄자니아,2026-07-01,15777,26072.0,-39.486805768640686,-50.601164756716145,1.5777e-05,1653930745,0.0009539093488464054
자동차부품,8708,TH,태국,2026-07-01,14284707,10513830.0,35.86587380621524,45.874133315251456,0.014284707,1653930745,0.8636822940249533
자동차부품,8708,TC,투르크 & 카이코스 군도,2026-07-01,27,,,80.0,2.7e-08,1653930745,1.6324746414941335e-06
자동차부품,8708,TM,투르크멘,2026-07-01,628669,345050.0,82.1964932618461,13.331073931125491,0.000628669,1653930745,0.03801060001457316
자동차부품,8708,TN,튀니지,2026-07-01,479120,104646.0,357.84836496378267,58.95902936521893,0.00047912,1653930745,0.028968564823432193
자동차부품,8708,TR,튀르키예,2026-07-01,29241457,23727668.0,23.237804069072453,9.312946662164268,0.029241457,1653930745,1.7679976678830045
자동차부품,8708,TT,트리니다드 토바고,2026-07-01,290907,227801.0,27.702248892673875,4309.017884207336,0.000290907,1653930745,0.017588825945671627
자동차부품,8708,PA,파나마,2026-07-01,855665,925120.0,-7.507674680041509,35.19173617178601,0.000855665,1653930745,0.051735237559780656
자동차부품,8708,PY,파라과이,2026-07-01,910939,1345615.0,-32.30314763138045,-35.457932191573114,0.000910939,1653930745,0.05507721546103794
자동차부품,8708,PK,파키스탄,2026-07-01,10833549,14109029.0,-23.215488464868837,104.5174101890685,0.010833549,1653930745,0.6550182970327455
자동차부품,8708,PG,파푸아 뉴기니,2026-07-01,41441,16858.0,145.82394115553447,-58.97255662917789,4.1441e-05,1653930745,0.0025056067265984585
자동차부품,8708,PW,팔라우,2026-07-01,15558,9268.0,67.86793267155804,144.66111023745873,1.5558e-05,1653930745,0.0009406681656431751
자동차부품,8708,PS,팔레스타인 해방기구,2026-07-01,187587,103404.0,81.41174422652895,50.823718592964816,0.000187587,1653930745,0.011341889650887407
자동차부품,8708,PE,페루,2026-07-01,4809505,4155506.0,15.738131529589893,51.803491145252714,0.004809505,1653930745,0.2907924055792312
자동차부품,8708,PT,포루투갈,2026-07-01,140143,83957.0,66.92235310932976,1828.4849318838585,0.000140143,1653930745,0.00847332939566342
자동차부품,8708,PL,폴란드,2026-07-01,19267893,17899354.0,7.6457452039889295,18.45897105749934,0.019267893,1653930745,1.1649758043526786
자동차부품,8708,PR,푸에르토리코,2026-07-01,210489,262133.0,-19.70144926430476,-19.0056218038256,0.000210489,1653930745,0.012726590919016987
자동차부품,8708,FR,프랑스,2026-07-01,7608836,11188382.0,-31.993419602584183,-20.59020626222704,0.007608836,1653930745,0.4600456230106539
자동차부품,8708,FJ,피지,2026-07-01,62237,69968.0,-11.049336839698142,-49.19428571428571,6.2237e-05,1653930745,0.003762974972691496
자동차부품,8708,FI,핀란드,2026-07-01,1367,64371.0,-97.87637290084044,59.88304093567252,1.367e-06,1653930745,8.265158647861039e-05
자동차부품,8708,PH,필리핀,2026-07-01,1225311,1412921.0,-13.278166295213955,62.368763143562475,0.001225311,1653930745,0.07408478279421549
자동차부품,8708,HU,헝가리,2026-07-01,4628256,5035970.0,-8.09603710903758,5.210256568798655,0.004628256,1653930745,0.2798337242349286
자동차부품,8708,AU,호주,2026-07-01,5735978,6854001.0,-16.31197602684914,-10.326093158977157,0.005735978,1653930745,0.3468088381173421
자동차부품,8708,HK,홍콩,2026-07-01,2908538,627420.0,363.57113257467086,6.440431099156463,0.002908538,1653930745,0.17585609366007643
전자집적회로,8542,GR,그리스,2026-07-01,4,,,inf,4e-09,32723176487,1.2223752182460306e-08
전자집적회로,8542,ZZ,기타국,2026-07-01,0,,,-100.0,0.0,32723176487,0.0
전자집적회로,8542,ZA,남아프리카공화국,2026-07-01,184420,135377.0,36.22698094949659,42.14583012178203,0.00018442,32723176487,0.0005635760943723323
전자집적회로,8542,NL,네덜란드,2026-07-01,58175183,16874254.0,244.7570660012585,7.5446568192858665,0.058175183,32723176487,0.17777975504031943
전자집적회로,8542,AN,네덜란드 열도,2026-07-01,59400,,,290.7894736842105,5.94e-05,32723176487,0.00018152271990953554
전자집적회로,8542,NO,노르웨이,2026-07-01,1164,1396.0,-16.6189111747851,34.41108545034641,1.164e-06,32723176487,3.5571118850959485e-06
전자집적회로,8542,NZ,뉴질랜드,2026-07-01,0,0.0,,-100.0,0.0,32723176487,0.0
전자집적회로,8542,TW,대만,2026-07-01,3896005534,3428019880.0,13.651777713727853,-35.75789617555631,3.896005534,32723176487,11.905951537277481
전자집적회로,8542,DK,덴마크,2026-07-01,427040,56488.0,655.9835717320492,-0.7121549954313244,0.00042704,32723176487,0.001305007782999462
전자집적회로,8542,DE,독일,2026-07-01,53489198,21287463.0,151.27089122832533,16.713038375054335,0.053489198,32723176487,0.16345967519763785
전자집적회로,8542,LV,라트비아,2026-07-01,0,,,,0.0,32723176487,0.0
전자집적회로,8542,RO,루마니아,2026-07-01,153550,47180.0,225.4557015684612,-43.35160740505722,0.00015355,32723176487,0.000469239286904195
전자집적회로,8542,LT,리투아니아,2026-07-01,4599,11963.0,-61.55646576945581,-32.67457180500659,4.599e-06,32723176487,1.4054259071783735e-05
전자집적회로,8542,MY,말레이시아,2026-07-01,1582975656,453595174.0,248.98423676791586,13.85529957653564,1.582975656,32723176487,4.837475532452883
전자집적회로,8542,MX,멕시코,2026-07-01,92347950,36460005.0,153.285620778165,0.6692808048732957,0.09234795,32723176487,0.2822096138395588
전자집적회로,8542,MC,모나코,2026-07-01,0,,,-100.0,0.0,32723176487,0.0
전자집적회로,8542,MA,모로코,2026-07-01,348797,87476.0,298.7345100370388,669.2071893262764,0.000348797,32723176487,0.0010659020224964017
전자집적회로,8542,MT,몰타,2026-07-01,6347367,1819164.0,248.91670019855275,-41.92526514794203,0.006347367,32723176487,0.01939716030478163
전자집적회로,8542,US,미국,2026-07-01,225764898,71584001.0,215.3845759473545,-26.3453612355081,0.225764898,32723176487,0.6899235411626071
전자집적회로,8542,BD,방글라데시,2026-07-01,220124,3655.0,5922.544459644322,-75.74626372318718,0.000220124,32723176487,0.0006726853063529731
전자집적회로,8542,VN,베트남,2026-07-01,5856242074,1813794611.0,222.8723935160043,21.51862594607472,5.856242074,32723176487,17.89631295826834
전자집적회로,8542,BE,벨기에,2026-07-01,1514829,355186.0,326.48893819013136,-7.563445178935268,0.001514829,32723176487,0.004629223573701041
전자집적회로,8542,BY,벨라루스,2026-07-01,0,0.0,,,0.0,32723176487,0.0
전자집적회로,8542,BG,불가리아,2026-07-01,33798,41982.0,-19.494068886665715,12.099502487562198,3.3798e-05,32723176487,0.00010328459406569834
전자집적회로,8542,BR,브라질,2026-07-01,273840885,69403105.0,294.5657546589594,6.590825681302692,0.273840885,32723176487,0.8368407789164028
전자집적회로,8542,SA,사우디아라비아,2026-07-01,2203,,,1001.5,2.203e-06,32723176487,6.732231514490013e-06
전자집적회로,8542,RS,세르비아,2026-07-01,209743,1046364.0,-79.95506343872687,-74.45855816032159,0.000209743,32723176487,0.0006409616135014429
전자집적회로,8542,SO,소말리아,2026-07-01,0,,,,0.0,32723176487,0.0
전자집적회로,8542,SB,솔로몬 군도,2026-07-01,0,,,,0.0,32723176487,0.0
전자집적회로,8542,SZ,스와질랜드,2026-07-01,2,,,100.0,2e-09,32723176487,6.111876091230153e-09
전자집적회로,8542,SE,스웨덴,2026-07-01,5482145,2055766.0,166.67164453541892,65.16469786837125,0.005482145,32723176487,0.016753095477078463
전자집적회로,8542,CH,스위스,2026-07-01,316656,81306.0,289.46203232233785,-17.642163084413554,0.000316656,32723176487,0.0009676811177722877
전자집적회로,8542,ES,스페인,2026-07-01,136111,149731.0,-9.09631272081266,-58.07660796018062,0.000136111,32723176487,0.00041594678332671365
전자집적회로,8542,SK,슬로바키아,2026-07-01,3720418,417163.0,791.8379626189284,424.65428884896454,0.003720418,32723176487,0.01136936691179115
전자집적회로,8542,SI,슬로베니아,2026-07-01,28416,0.0,inf,6.626641651031906,2.8416e-05,32723176487,8.683753550419801e-05
전자집적회로,8542,SG,싱가포르,2026-07-01,409503273,482130114.0,-15.063742938073354,-8.668330943124225,0.409503273,32723176487,1.251416631764597
전자집적회로,8542,AE,아랍에미리트 연합,2026-07-01,17946,2668125.0,-99.32739283204498,-92.08817370219332,1.7946e-05,32723176487,5.484186416660816e-05
전자집적회로,8542,AR,아르헨티나,2026-07-01,1172343,519104.0,125.83971612624829,-13.504478448848289,0.001172343,32723176487,0.0035826075762105153
전자집적회로,8542,IE,아일랜드,2026-07-01,424791,328662.0,29.248589736568277,-76.9644736720806,0.000424791,32723176487,0.0012981349783348739
전자집적회로,8542,EE,에스토니아,2026-07-01,0,12506.0,-100.0,-100.0,0.0,32723176487,0.0
전자집적회로,8542,SV,엘살바도르,2026-07-01,0,0.0,,,0.0,32723176487,0.0
전자집적회로,8542,GB,영국,2026-07-01,690441,692924.0,-0.3583365563900265,-29.799558324724874,0.000690441,32723176487,0.0021099449201525187
전자집적회로,8542,AT,오스트리아,2026-07-01,8921711,8693855.0,2.6208856715461692,-32.7775155280907,0.008921711,32723176487,0.02726419607688253
전자집적회로,8542,HN,온두라스,2026-07-01,230,,,inf,2.3e-07,32723176487,7.028657504914676e-07
전자집적회로,8542,UZ,우즈베키스탄,2026-07-01,7689,,,-96.36311176490065,7.689e-06,32723176487,2.349710763273432e-05
전자집적회로,8542,UA,우크라이나,2026-07-01,0,,,,0.0,32723176487,0.0
전자집적회로,8542,IL,이스라엘,2026-07-01,4301263,901389.0,377.1816607480234,130.1446435651458,0.004301263,32723176487,0.01314439324589644
전자집적회로,8542,EG,이집트,2026-07-01,26298299,12383961.0,112.35773433072018,-4.072470895875535,0.026298299,32723176487,0.08036597244906092
전자집적회로,8542,IT,이탈리아,2026-07-01,677697,1035296.0,-34.54074969863691,-0.545191455389693,0.000677697,32723176487,0.0020710000456992004
전자집적회로,8542,IN,인도,2026-07-01,780790997,269346535.0,189.8834384485399,40.413031817567855,0.780790997,32723176487,2.386048913406027
전자집적회로,8542,ID,인도네시아,2026-07-01,164613478,31883641.0,416.2944784129266,36.794541889279266,0.164613478,32723176487,0.5030485902412204
전자집적회로,8542,JP,일본,2026-07-01,164766122,75499568.0,118.23452287832956,-32.46412613822473,0.164766122,32723176487,0.5035150608482553
전자집적회로,8542,CN,중국,2026-07-01,13422130645,3595259491.0,273.3285644221111,15.892747308830435,13.422130645,32723176487,41.01719969127152
전자집적회로,8542,CZ,체코공화국,2026-07-01,20429690,21268155.0,-3.942349489177599,76.29507220613807,0.02042969,32723176487,0.06243186693112186
전자집적회로,8542,CL,칠레,2026-07-01,3,,,-98.5,3e-09,32723176487,9.16781413684523e-09
전자집적회로,8542,KZ,카자흐스탄,2026-07-01,23750,,,2125.866916588566,2.375e-05,32723176487,7.257852858335807e-05
전자집적회로,8542,CA,캐나다,2026-07-01,4179337,11065764.0,-62.23182601761614,-87.11735995666554,0.004179337,32723176487,0.012771794943746776
전자집적회로,8542,KE,케냐,2026-07-01,0,,,-100.0,0.0,32723176487,0.0
전자집적회로,8542,CR,코스타리카,2026-07-01,3874,430781.0,-99.10070314150346,inf,3.874e-06,32723176487,1.1838703988712805e-05
전자집적회로,8542,HR,크로아티아,2026-07-01,22617,24960.0,-9.387019230769234,inf,2.2617e-05,32723176487,6.911615077767617e-05
전자집적회로,8542,KG,키르기스스탄,2026-07-01,267,,,inf,2.67e-07,32723176487,8.159354581792254e-07
전자집적회로,8542,TH,태국,2026-07-01,257813196,75098440.0,243.3003348671424,76.17782755757716,0.257813196,32723176487,0.7878611543180166
전자집적회로,8542,TN,튀니지,2026-07-01,367281,,,545.4396878954028,0.000367281,32723176487,0.0011223879813315508
전자집적회로,8542,TR,튀르키예,2026-07-01,27916809,11611852.0,140.4165072031576,63.66291926415495,0.027916809,32723176487,0.08531203873526937
전자집적회로,8542,PT,포루투갈,2026-07-01,7443918,7983567.0,-6.759497352499199,-31.20589247798754,0.007443918,32723176487,0.022748152224638888
전자집적회로,8542,PL,폴란드,2026-07-01,27563702,32569163.0,-15.36871242285226,4.791307778029208,0.027563702,32723176487,0.08423296561979637
전자집적회로,8542,PR,푸에르토리코,2026-07-01,64613,,,258352.0,6.4613e-05,32723176487,0.00019745332494132693
전자집적회로,8542,FR,프랑스,2026-07-01,11719969,10232755.0,14.533857206588063,1.9948576006168395,0.011719969,32723176487,0.03581549916052928
전자집적회로,8542,FI,핀란드,2026-07-01,376745,76556.0,392.11688175975763,35.22549846556953,0.000376745,32723176487,0.001151309378995252
전자집적회로,8542,PH,필리핀,2026-07-01,949245195,221420145.0,328.7076927891994,-16.95095066647062,0.949245195,32723176487,2.900834506017802
전자집적회로,8542,HU,헝가리,2026-07-01,4967827,959578.0,417.7095556588417,-2.001000934455366,0.004967827,32723176487,0.015181371533333807
전자집적회로,8542,AU,호주,2026-07-01,13053,23942.0,-45.480745134074006,-99.18457227995539,1.3053e-05,32723176487,3.988915930941359e-05
전자집적회로,8542,HK,홍콩,2026-07-01,4368675552,1496602044.0,191.90629329382367,-28.504212375376326,4.368675552,32723176487,13.350401828305245
