국가코드,국가,기준월,수출액_USD,전년동월_수출액_USD,YoY_%,MoM_%,수출액_십억달러
GH,가나,2025-04-01,41249,,,,4.1249e-05
GY,가이아나,2025-05-01,0,,,,0.0
GT,과테말라,2025-04-01,510,,,,5.1e-07
GT,과테말라,2025-09-01,368,,,-27.84313725490196,3.68e-07
GT,과테말라,2025-12-01,0,,,-100.0,0.0
GT,과테말라,2026-04-01,231,,,inf,2.31e-07
VA,교황청,2026-01-01,0,,,,0.0
GR,그리스,2025-03-01,0,,,,0.0
GR,그리스,2025-04-01,1755,,,inf,1.755e-06
GR,그리스,2025-05-01,0,,,-100.0,0.0
GR,그리스,2025-07-01,0,,,,0.0
GR,그리스,2025-08-01,7007,,,inf,7.007e-06
GR,그리스,2025-10-01,8709,,,24.289995718567138,8.709e-06
GR,그리스,2026-02-01,46,,,-99.47181077046733,4.6e-08
GR,그리스,2026-04-01,5866,,,12652.173913043478,5.866e-06
GR,그리스,2026-06-01,0,,,-100.0,0.0
GR,그리스,2026-07-01,4,,,inf,4e-09
ZZ,기타국,2025-07-01,0,,,,0.0
ZZ,기타국,2026-02-01,36,,,inf,3.6e-08
ZZ,기타국,2026-07-01,0,,,-100.0,0.0
NA,나미비아,2025-03-01,0,,,,0.0
NA,나미비아,2025-04-01,0,,,,0.0
NA,나미비아,2025-06-01,0,,,,0.0
NA,나미비아,2025-10-01,0,,,,0.0
NA,나미비아,2025-12-01,0,,,,0.0
NA,나미비아,2026-01-01,0,,,,0.0
NA,나미비아,2026-02-01,0,,,,0.0
NA,나미비아,2026-03-01,0,,,,0.0
NA,나미비아,2026-04-01,0,,,,0.0
NA,나미비아,2026-06-01,0,,,,0.0
NG,나이지리아,2025-01-01,120750,,,,0.00012075
NG,나이지리아,2025-02-01,420000,,,247.82608695652172,0.00042
NG,나이지리아,2025-03-01,65987,,,-84.28880952380953,6.5987e-05
NG,나이지리아,2025-04-01,200466,,,203.79620228226773,0.000200466
NG,나이지리아,2025-07-01,15,,,-99.9925174343779,1.5e-08
NG,나이지리아,2026-01-01,173920,,,1159366.6666666665,0.00017392
NG,나이지리아,2026-04-01,60850,,,-65.01264949402024,6.085e-05
NG,나이지리아,2026-06-01,190554,,,213.15365653245686,0.000190554
SS,남수단,2025-05-01,0,,,,0.0
ZA,남아프리카공화국,2025-01-01,497360,,,,0.00049736
ZA,남아프리카공화국,2025-02-01,488552,,,-1.77095061926974,0.000488552
ZA,남아프리카공화국,2025-03-01,359262,,,-26.46391786340042,0.000359262
ZA,남아프리카공화국,2025-04-01,338199,,,-5.862852180302958,0.000338199
ZA,남아프리카공화국,2025-05-01,533738,,,57.81773452907903,0.000533738
ZA,남아프리카공화국,2025-06-01,135377,,,-74.63605739145423,0.000135377
ZA,남아프리카공화국,2025-07-01,735768,,,443.4955716259039,0.000735768
ZA,남아프리카공화국,2025-08-01,496291,,,-32.54789553228735,0.000496291
ZA,남아프리카공화국,2025-09-01,338573,,,-31.77933913772364,0.000338573
ZA,남아프리카공화국,2025-10-01,305363,,,-9.808815233347023,0.000305363
ZA,남아프리카공화국,2025-11-01,304923,,,-0.144090803404473,0.000304923
ZA,남아프리카공화국,2026-01-01,312198,,,2.385848230536891,0.000312198
ZA,남아프리카공화국,2026-02-01,327476,497360.0,-34.157149750683615,4.893689261302114,0.000327476
ZA,남아프리카공화국,2026-03-01,302665,488552.0,-38.048559825770845,-7.576433082118994,0.000302665
ZA,남아프리카공화국,2026-04-01,274350,359262.0,-23.635118659919495,-9.355227727024928,0.00027435
ZA,남아프리카공화국,2026-05-01,320214,338199.0,-5.317874978932524,16.717331875341724,0.000320214
ZA,남아프리카공화국,2026-06-01,129740,533738.0,-75.69219354814535,-59.48334551268839,0.00012974
ZA,남아프리카공화국,2026-07-01,184420,135377.0,36.22698094949659,42.14583012178203,0.00018442
NL,네덜란드,2025-01-01,4119859,,,,0.004119859
NL,네덜란드,2025-02-01,10039340,,,143.6816405609998,0.01003934
NL,네덜란드,2025-03-01,7762067,,,-22.683493137995125,0.007762067
NL,네덜란드,2025-04-01,12413637,,,59.92694987044045,0.012413637
NL,네덜란드,2025-05-01,10639027,,,-14.295649212233286,0.010639027
NL,네덜란드,2025-06-01,11324967,,,6.447394108502591,0.011324967
NL,네덜란드,2025-07-01,16874254,,,49.00046949364179,0.016874254
NL,네덜란드,2025-08-01,13223916,,,-21.632588913263962,0.013223916
NL,네덜란드,2025-09-01,10277866,,,-22.278196564466988,0.010277866
NL,네덜란드,2025-10-01,12932842,,,25.83197718281207,0.012932842
NL,네덜란드,2025-11-01,14068887,,,8.784186801323335,0.014068887
NL,네덜란드,2025-12-01,4925814,,,-64.98789136624667,0.004925814
NL,네덜란드,2026-01-01,14044517,4119859.0,240.89800160636568,185.12073334478322,0.014044517
NL,네덜란드,2026-02-01,18891252,10039340.0,88.17225036705601,34.509801939077,0.018891252
NL,네덜란드,2026-03-01,20433611,7762067.0,163.2496086416157,8.164408584460148,0.020433611
NL,네덜란드,2026-04-01,31581400,12413637.0,154.408921414409,54.55613792393328,0.0315814
NL,네덜란드,2026-05-01,20048368,10639027.0,88.44174377976482,-36.51843173513524,0.020048368
NL,네덜란드,2026-06-01,54093978,11324967.0,377.6524117023917,169.81736368765777,0.054093978
NL,네덜란드,2026-07-01,58175183,16874254.0,244.7570660012585,7.5446568192858665,0.058175183
AN,네덜란드 열도,2025-05-01,69000,,,,6.9e-05
AN,네덜란드 열도,2025-06-01,45600,,,-33.913043478260875,4.56e-05
AN,네덜란드 열도,2026-06-01,15200,,,-66.66666666666667,1.52e-05
AN,네덜란드 열도,2026-07-01,59400,,,290.7894736842105,5.94e-05
NP,네팔,2025-09-01,0,,,,0.0
NP,네팔,2026-03-01,0,,,,0.0
NP,네팔,2026-06-01,0,,,,0.0
NO,노르웨이,2025-01-01,759,,,,7.59e-07
NO,노르웨이,2025-02-01,744,,,-1.9762845849802368,7.44e-07
NO,노르웨이,2025-03-01,79,,,-89.38172043010752,7.9e-08
NO,노르웨이,2025-04-01,746,,,844.3037974683544,7.46e-07
NO,노르웨이,2025-05-01,120,,,-83.91420911528151,1.2e-07
NO,노르웨이,2025-06-01,2893,,,2310.8333333333335,2.893e-06
NO,노르웨이,2025-07-01,1396,,,-51.745592810231585,1.396e-06
NO,노르웨이,2025-08-01,5,,,-99.64183381088824,5e-09
NO,노르웨이,2025-09-01,696,,,13819.999999999998,6.96e-07
NO,노르웨이,2025-10-01,2095,,,201.00574712643677,2.095e-06
NO,노르웨이,2025-11-01,698,,,-66.68257756563246,6.98e-07
NO,노르웨이,2025-12-01,13,,,-98.13753581661892,1.3e-08
NO,노르웨이,2026-01-01,1800,759.0,137.15415019762847,13746.153846153846,1.8e-06
NO,노르웨이,2026-02-01,0,744.0,-100.0,-100.0,0.0
NO,노르웨이,2026-03-01,3247,79.0,4010.1265822784812,inf,3.247e-06
NO,노르웨이,2026-04-01,386,746.0,-48.257372654155496,-88.1121034801355,3.86e-07
NO,노르웨이,2026-05-01,502,120.0,318.33333333333337,30.051813471502587,5.02e-07
NO,노르웨이,2026-06-01,866,2893.0,-70.06567576909782,72.50996015936255,8.66e-07
NO,노르웨이,2026-07-01,1164,1396.0,-16.6189111747851,34.41108545034641,1.164e-06
NZ,뉴질랜드,2025-01-01,0,,,,0.0
NZ,뉴질랜드,2025-02-01,28384,,,inf,2.8384e-05
NZ,뉴질랜드,2025-03-01,0,,,-100.0,0.0
NZ,뉴질랜드,2025-04-01,1357,,,inf,1.357e-06
NZ,뉴질랜드,2025-05-01,0,,,-100.0,0.0
NZ,뉴질랜드,2025-06-01,0,,,,0.0
NZ,뉴질랜드,2025-07-01,5429,,,inf,5.429e-06
NZ,뉴질랜드,2025-08-01,0,,,-100.0,0.0
NZ,뉴질랜드,2025-10-01,0,,,,0.0
NZ,뉴질랜드,2025-11-01,0,,,,0.0
NZ,뉴질랜드,2025-12-01,0,,,,0.0
NZ,뉴질랜드,2026-01-01,0,,,,0.0
NZ,뉴질랜드,2026-03-01,4,0.0,inf,inf,4e-09
NZ,뉴질랜드,2026-04-01,963,28384.0,-96.60724351747463,23975.0,9.63e-07
NZ,뉴질랜드,2026-05-01,1180,0.0,inf,22.533748701973,1.18e-06
NZ,뉴질랜드,2026-06-01,9380,1357.0,591.2306558585115,694.9152542372882,9.38e-06
NZ,뉴질랜드,2026-07-01,0,0.0,,-100.0,0.0
TW,대만,2025-01-01,1287476243,,,,1.287476243
TW,대만,2025-02-01,1588379541,,,23.371561194702362,1.588379541
TW,대만,2025-03-01,2625708784,,,65.30739135225363,2.625708784
TW,대만,2025-04-01,2159334464,,,-17.76184483374147,2.159334464
TW,대만,2025-05-01,2660655459,,,23.216458744947822,2.660655459
TW,대만,2025-06-01,3358567643,,,26.230836527113066,3.358567643
TW,대만,2025-07-01,3428019880,,,2.0679124073845534,3.42801988
TW,대만,2025-08-01,3257457103,,,-4.975548070625546,3.257457103
TW,대만,2025-09-01,3925268601,,,20.5010066712765,3.925268601
TW,대만,2025-10-01,4003358499,,,1.989415398989669,4.003358499
TW,대만,2025-11-01,2830527623,,,-29.29617410713934,2.830527623
TW,대만,2025-12-01,3648095174,,,28.883927659164897,3.648095174
TW,대만,2026-01-01,2885175239,1287476243.0,124.09541571634266,-20.91282980875433,2.885175239
TW,대만,2026-02-01,3359164186,1588379541.0,111.48372283145642,16.42842835308278,3.359164186
TW,대만,2026-03-01,4561892649,2625708784.0,73.73947472005715,35.804396463043254,4.561892649
TW,대만,2026-04-01,3914593860,2159334464.0,81.28705512107271,-14.189259564051614,3.91459386
TW,대만,2026-05-01,4684756928,2660655459.0,76.07529423447983,19.674150002370872,4.684756928
TW,대만,2026-06-01,6064567164,3358567643.0,80.57004677693192,29.45318737356697,6.064567164
TW,대만,2026-07-01,3896005534,3428019880.0,13.651777713727853,-35.75789617555631,3.896005534
DK,덴마크,2025-01-01,120823,,,,0.000120823
DK,덴마크,2025-02-01,19826,,,-83.59087259876017,1.9826e-05
DK,덴마크,2025-03-01,29710,,,49.85372742862908,2.971e-05
DK,덴마크,2025-04-01,348616,,,1073.3961629081116,0.000348616
DK,덴마크,2025-05-01,56648,,,-83.7506023819905,5.6648e-05
DK,덴마크,2025-06-01,6529,,,-88.47443863861037,6.529e-06
DK,덴마크,2025-07-01,56488,,,765.1860928166641,5.6488e-05
DK,덴마크,2025-08-01,40426,,,-28.434357739696924,4.0426e-05
DK,덴마크,2025-09-01,12951,,,-67.96368673625885,1.2951e-05
DK,덴마크,2025-10-01,12042,,,-7.018763029881859,1.2042e-05
DK,덴마크,2025-11-01,45053,,,274.1322039528318,4.5053e-05
DK,덴마크,2025-12-01,21032,,,-53.31720418174151,2.1032e-05
DK,덴마크,2026-01-01,29145,120823.0,-75.87793714772849,38.574553062000774,2.9145e-05
DK,덴마크,2026-02-01,39186,19826.0,97.64955109452234,34.451878538342775,3.9186e-05
DK,덴마크,2026-03-01,20562,29710.0,-30.790979468192525,-47.52717807380187,2.0562e-05
DK,덴마크,2026-04-01,44465,348616.0,-87.24527847258875,116.24841941445383,4.4465e-05
DK,덴마크,2026-05-01,52818,56648.0,-6.761050699053806,18.78556167772405,5.2818e-05
DK,덴마크,2026-06-01,430103,6529.0,6487.578495941186,714.3114089893597,0.000430103
DK,덴마크,2026-07-01,427040,56488.0,655.9835717320492,-0.7121549954313244,0.00042704
DO,도미니카 공화국,2025-07-01,4360,,,,4.36e-06
DO,도미니카 공화국,2025-11-01,0,,,-100.0,0.0
DO,도미니카 공화국,2025-12-01,0,,,,0.0
DO,도미니카 공화국,2026-02-01,0,,,,0.0
DE,독일,2025-01-01,17323883,,,,0.017323883
DE,독일,2025-02-01,22603046,,,30.473324023257376,0.022603046
DE,독일,2025-03-01,27445475,,,21.423789519341764,0.027445475
DE,독일,2025-04-01,22721092,,,-17.213704627083338,0.022721092
DE,독일,2025-05-01,29775061,,,31.045906596390704,0.029775061
DE,독일,2025-06-01,40126123,,,34.76420081893367,0.040126123
DE,독일,2025-07-01,21287463,,,-46.94861748791429,0.021287463
DE,독일,2025-08-01,35915628,,,68.71727739468061,0.035915628
DE,독일,2025-09-01,50421684,,,40.38925895991572,0.050421684
DE,독일,2025-10-01,20908959,,,-58.53181143255747,0.020908959
DE,독일,2025-11-01,31817102,,,52.16970868803177,0.031817102
DE,독일,2025-12-01,34187045,,,7.448645071446158,0.034187045
DE,독일,2026-01-01,32544141,17323883.0,87.85708146378037,-4.805633244990903,0.032544141
DE,독일,2026-02-01,43672603,22603046.0,93.2155648402432,34.19497844481438,0.043672603
DE,독일,2026-03-01,42287011,27445475.0,54.076440651874314,-3.172680135415784,0.042287011
DE,독일,2026-04-01,32296342,22721092.0,42.142560753682076,-23.62585759490071,0.032296342
DE,독일,2026-05-01,46133933,29775061.0,54.941523041716025,42.845691316991875,0.046133933
DE,독일,2026-06-01,45829668,40126123.0,14.214044551475858,-0.6595253866606199,0.045829668
DE,독일,2026-07-01,53489198,21287463.0,151.27089122832533,16.713038375054335,0.053489198
LA,라오스,2025-02-01,585,,,,5.85e-07
LR,라이베리아,2025-03-01,0,,,,0.0
LV,라트비아,2025-04-01,986,,,,9.86e-07
LV,라트비아,2025-06-01,0,,,-100.0,0.0
LV,라트비아,2025-07-01,0,,,,0.0
LV,라트비아,2025-08-01,0,,,,0.0
LV,라트비아,2025-10-01,0,,,,0.0
LV,라트비아,2025-11-01,0,,,,0.0
LV,라트비아,2026-02-01,14282,,,inf,1.4282e-05
LV,라트비아,2026-04-01,12149,,,-14.934883069598094,1.2149e-05
LV,라트비아,2026-06-01,0,,,-100.0,0.0
LV,라트비아,2026-07-01,0,,,,0.0
RU,러시아 연방,2025-02-01,0,,,,0.0
RU,러시아 연방,2026-03-01,0,,,,0.0
RU,러시아 연방,2026-05-01,0,,,,0.0
LB,레바논,2025-02-01,30800,,,,3.08e-05
LB,레바논,2025-05-01,8800,,,-71.42857142857143,8.8e-06
LB,레바논,2025-07-01,22440,,,154.99999999999997,2.244e-05
LB,레바논,2025-08-01,5493,,,-75.52139037433156,5.493e-06
LB,레바논,2025-09-01,96558,,,1657.8372474057894,9.6558e-05
LB,레바논,2026-03-01,46253,,,-52.09822075850784,4.6253e-05
RO,루마니아,2025-01-01,85227,,,,8.5227e-05
RO,루마니아,2025-02-01,84564,,,-0.7779224893519676,8.4564e-05
RO,루마니아,2025-03-01,124189,,,46.85800104063196,0.000124189
RO,루마니아,2025-04-01,179986,,,44.929100000805235,0.000179986
RO,루마니아,2025-05-01,98022,,,-45.53909748535997,9.8022e-05
RO,루마니아,2025-06-01,111769,,,14.024402685111514,0.000111769
RO,루마니아,2025-07-01,47180,,,-57.78793762134402,4.718e-05
RO,루마니아,2025-08-01,172068,,,264.7053836371344,0.000172068
RO,루마니아,2025-09-01,257984,,,49.93142246088755,0.000257984
RO,루마니아,2025-10-01,108496,,,-57.94467873976681,0.000108496
RO,루마니아,2025-11-01,224589,,,107.00210145996168,0.000224589
RO,루마니아,2025-12-01,57175,,,-74.54238631455681,5.7175e-05
RO,루마니아,2026-01-01,253653,85227.0,197.62047238551165,343.6432006996065,0.000253653
RO,루마니아,2026-02-01,125053,84564.0,47.879712407170906,-50.69918353025591,0.000125053
RO,루마니아,2026-03-01,85763,124189.0,-30.941548768409444,-31.418678480324346,8.5763e-05
RO,루마니아,2026-04-01,243139,179986.0,35.08772904559243,183.50104357356904,0.000243139
RO,루마니아,2026-05-01,55363,98022.0,-43.51982208075738,-77.22989730154356,5.5363e-05
RO,루마니아,2026-06-01,271058,111769.0,142.51626121733216,389.6013583078951,0.000271058
RO,루마니아,2026-07-01,153550,47180.0,225.4557015684612,-43.35160740505722,0.00015355
LU,룩셈부르그,2026-03-01,3500,,,,3.5e-06
LU,룩셈부르그,2026-04-01,104,,,-97.02857142857142,1.04e-07
LU,룩셈부르그,2026-05-01,53,,,-49.03846153846154,5.3e-08
RW,르완다,2025-07-01,12817,,,,1.2817e-05
RW,르완다,2025-08-01,0,,,-100.0,0.0
RW,르완다,2026-05-01,7429,,,inf,7.429e-06
LT,리투아니아,2025-01-01,9001,,,,9.001e-06
LT,리투아니아,2025-02-01,8004,,,-11.076547050327745,8.004e-06
LT,리투아니아,2025-03-01,0,,,-100.0,0.0
LT,리투아니아,2025-04-01,3804,,,inf,3.804e-06
LT,리투아니아,2025-05-01,11963,,,214.48475289169298,1.1963e-05
LT,리투아니아,2025-06-01,213350,,,1683.4155312212654,0.00021335
LT,리투아니아,2025-07-01,0,,,-100.0,0.0
LT,리투아니아,2025-08-01,4750,,,inf,4.75e-06
LT,리투아니아,2025-09-01,0,,,-100.0,0.0
LT,리투아니아,2025-10-01,222,,,inf,2.22e-07
LT,리투아니아,2025-11-01,0,,,-100.0,0.0
LT,리투아니아,2026-01-01,6384,,,inf,6.384e-06
LT,리투아니아,2026-02-01,4234,9001.0,-52.9607821353183,-33.677944862155385,4.234e-06
LT,리투아니아,2026-04-01,79,8004.0,-99.01299350324838,-98.13415210203118,7.9e-08
LT,리투아니아,2026-05-01,159,0.0,inf,101.26582278481013,1.59e-07
LT,리투아니아,2026-06-01,6831,3804.0,79.57413249211356,4196.22641509434,6.831e-06
LT,리투아니아,2026-07-01,4599,11963.0,-61.55646576945581,-32.67457180500659,4.599e-06
LI,리히텐슈타인,2025-08-01,0,,,,0.0
MK,마세도니아,2025-06-01,0,,,,0.0
MK,마세도니아,2025-07-01,0,,,,0.0
MK,마세도니아,2025-08-01,0,,,,0.0
MK,마세도니아,2025-09-01,0,,,,0.0
MK,마세도니아,2025-10-01,0,,,,0.0
MK,마세도니아,2026-04-01,0,,,,0.0
MO,마카오,2025-04-01,0,,,,0.0
MO,마카오,2025-08-01,3065,,,inf,3.065e-06
MO,마카오,2025-11-01,0,,,-100.0,0.0
MO,마카오,2026-02-01,0,,,,0.0
MO,마카오,2026-03-01,44,,,inf,4.4e-08
MO,마카오,2026-04-01,55,,,25.0,5.5e-08
MO,마카오,2026-05-01,1357,,,2367.272727272727,1.357e-06
MY,말레이시아,2025-01-01,411144294,,,,0.411144294
MY,말레이시아,2025-02-01,270891814,,,-34.11271469573162,0.270891814
MY,말레이시아,2025-03-01,416762934,,,53.84847841876832,0.416762934
MY,말레이시아,2025-04-01,191623223,,,-54.02104953028284,0.191623223
MY,말레이시아,2025-05-01,451113483,,,135.41691656026472,0.451113483
MY,말레이시아,2025-06-01,367823493,,,-18.463201198533007,0.367823493
MY,말레이시아,2025-07-01,453595174,,,23.318706562334768,0.453595174
MY,말레이시아,2025-08-01,463406964,,,2.1631160476147437,0.463406964
MY,말레이시아,2025-09-01,253917294,,,-45.20641385958973,0.253917294
MY,말레이시아,2025-10-01,231171877,,,-8.957805371067007,0.231171877
MY,말레이시아,2025-11-01,659633982,,,185.3435247229489,0.659633982
MY,말레이시아,2025-12-01,621929112,,,-5.71602904472559,0.621929112
MY,말레이시아,2026-01-01,206956527,411144294.0,-49.66328609682712,-66.72345400676468,0.206956527
MY,말레이시아,2026-02-01,1055351006,270891814.0,289.5839414327965,409.9384983397987,1.055351006
MY,말레이시아,2026-03-01,768396168,416762934.0,84.3724826066226,-27.190464250147308,0.768396168
MY,말레이시아,2026-04-01,674683596,191623223.0,252.08863802483896,-12.19586665091229,0.674683596
MY,말레이시아,2026-05-01,539851215,451113483.0,19.670822385949393,-19.984535239834113,0.539851215
MY,말레이시아,2026-06-01,1390339898,367823493.0,277.99105398632054,157.54131126666078,1.390339898
MY,말레이시아,2026-07-01,1582975656,453595174.0,248.98423676791586,13.85529957653564,1.582975656
ML,말리,2025-05-01,0,,,,0.0
YT,메요트,2025-11-01,0,,,,0.0
MX,멕시코,2025-01-01,20382092,,,,0.020382092
MX,멕시코,2025-02-01,15620996,,,-23.35921160595291,0.015620996
MX,멕시코,2025-03-01,17028232,,,9.008618912648082,0.017028232
MX,멕시코,2025-04-01,25826999,,,51.67164154211665,0.025826999
MX,멕시코,2025-05-01,29735980,,,15.135250518265785,0.02973598
MX,멕시코,2025-06-01,48855974,,,64.29918906321568,0.048855974
MX,멕시코,2025-07-01,36460005,,,-25.372473384728757,0.036460005
MX,멕시코,2025-08-01,35148053,,,-3.5983319256264523,0.035148053
MX,멕시코,2025-09-01,46069465,,,31.07259454741349,0.046069465
MX,멕시코,2025-10-01,63251399,,,37.29570985901398,0.063251399
MX,멕시코,2025-11-01,29854830,,,-52.79973174980683,0.02985483
MX,멕시코,2025-12-01,26467311,,,-11.346636373410934,0.026467311
MX,멕시코,2026-01-01,43441878,20382092.0,113.13748363023777,64.13408222694024,0.043441878
MX,멕시코,2026-02-01,54509211,15620996.0,248.94837051363433,25.476184524066838,0.054509211
MX,멕시코,2026-03-01,68425896,17028232.0,301.8379359642269,25.530886880751225,0.068425896
MX,멕시코,2026-04-01,47519699,25826999.0,83.99233685648109,-30.553048220223523,0.047519699
MX,멕시코,2026-05-01,63818440,29735980.0,114.61690517682617,34.298914645902954,0.06381844
MX,멕시코,2026-06-01,91733992,48855974.0,87.7641248130679,43.74214098621025,0.091733992
MX,멕시코,2026-07-01,92347950,36460005.0,153.285620778165,0.6692808048732957,0.09234795
MC,모나코,2026-03-01,72327,,,,7.2327e-05
MC,모나코,2026-04-01,7838,,,-89.16310644710828,7.838e-06
MC,모나코,2026-07-01,0,,,-100.0,0.0
MA,모로코,2025-01-01,121897,,,,0.000121897
MA,모로코,2025-02-01,115362,,,-5.361083537740885,0.000115362
MA,모로코,2025-03-01,81516,,,-29.338950434285117,8.1516e-05
MA,모로코,2025-04-01,85575,,,4.979390549094664,8.5575e-05
MA,모로코,2025-05-01,148878,,,73.97370727432077,0.000148878
MA,모로코,2025-06-01,300756,,,102.01507274412607,0.000300756
MA,모로코,2025-07-01,87476,,,-70.91462846958997,8.7476e-05
MA,모로코,2025-08-01,78662,,,-10.07590653436371,7.8662e-05
MA,모로코,2025-09-01,49989,,,-36.45089115456002,4.9989e-05
MA,모로코,2025-10-01,183714,,,267.5088519474284,0.000183714
MA,모로코,2025-11-01,64444,,,-64.92156286401689,6.4444e-05
MA,모로코,2025-12-01,5439,,,-91.5601142076842,5.439e-06
MA,모로코,2026-01-01,0,121897.0,-100.0,-100.0,0.0
MA,모로코,2026-02-01,12655,115362.0,-89.03018324925019,inf,1.2655e-05
MA,모로코,2026-03-01,102919,81516.0,26.256195102801904,713.2674832082181,0.000102919
MA,모로코,2026-04-01,288348,85575.0,236.9535495179667,180.16984230317044,0.000288348
MA,모로코,2026-05-01,393156,148878.0,164.0793132632088,36.347746473011775,0.000393156
MA,모로코,2026-06-01,45345,300756.0,-84.92299405498144,-88.46641027988889,4.5345e-05
MA,모로코,2026-07-01,348797,87476.0,298.7345100370388,669.2071893262764,0.000348797
MU,모리셔스,2026-03-01,0,,,,0.0
MU,모리셔스,2026-06-01,0,,,,0.0
MR,모리타니,2025-01-01,0,,,,0.0
MZ,모잠비크,2025-11-01,0,,,,0.0
ME,몬테네그로,2026-06-01,98,,,,9.8e-08
MS,몬트세라트,2025-11-01,0,,,,0.0
MT,몰타,2025-01-01,1464997,,,,0.001464997
MT,몰타,2025-02-01,4210344,,,187.39608340494894,0.004210344
MT,몰타,2025-03-01,1155605,,,-72.55319280324838,0.001155605
MT,몰타,2025-04-01,2626766,,,127.30656236343734,0.002626766
MT,몰타,2025-05-01,3416344,,,30.05893939543911,0.003416344
MT,몰타,2025-06-01,1536963,,,-55.01146840013769,0.001536963
MT,몰타,2025-07-01,1819164,,,18.36094948284377,0.001819164
MT,몰타,2025-08-01,4031283,,,121.60085621747135,0.004031283
MT,몰타,2025-09-01,5670061,,,40.65152458907002,0.005670061
MT,몰타,2025-10-01,6839122,,,20.61813797064971,0.006839122
MT,몰타,2025-11-01,7542733,,,10.28803112446306,0.007542733
MT,몰타,2025-12-01,9392560,,,24.524625225365916,0.00939256
MT,몰타,2026-01-01,6531334,1464997.0,345.8257593701557,-30.462685359476016,0.006531334
MT,몰타,2026-02-01,8836545,4210344.0,109.87703142546073,35.29464271770515,0.008836545
MT,몰타,2026-03-01,7299974,1155605.0,531.7014896958736,-17.388821083353278,0.007299974
MT,몰타,2026-04-01,6595155,2626766.0,151.0750862467384,-9.655089182509414,0.006595155
MT,몰타,2026-05-01,4499050,3416344.0,31.691949054310697,-31.782497909450193,0.00449905
MT,몰타,2026-06-01,10929653,1536963.0,611.1201115446501,142.93246352007648,0.010929653
MT,몰타,2026-07-01,6347367,1819164.0,248.91670019855275,-41.92526514794203,0.006347367
MN,몽골,2025-11-01,0,,,,0.0
US,미국,2025-01-01,75494227,,,,0.075494227
US,미국,2025-02-01,48637247,,,-35.57487912287651,0.048637247
US,미국,2025-03-01,69443813,,,42.77907834709478,0.069443813
US,미국,2025-04-01,61779060,,,-11.037344680367712,0.06177906
US,미국,2025-05-01,51298103,,,-16.96522575772438,0.051298103
US,미국,2025-06-01,86788870,,,69.1853400504888,0.08678887
US,미국,2025-07-01,71584001,,,-17.519376620527495,0.071584001
US,미국,2025-08-01,61866255,,,-13.57530434768518,0.061866255
US,미국,2025-09-01,92249676,,,49.11145987420768,0.092249676
US,미국,2025-10-01,93277268,,,1.1139247795298513,0.093277268
US,미국,2025-11-01,118422584,,,26.957603432381827,0.118422584
US,미국,2025-12-01,165804884,,,40.01120259291082,0.165804884
US,미국,2026-01-01,138554043,75494227.0,83.52932205001582,-16.43548750952354,0.138554043
US,미국,2026-02-01,186240500,48637247.0,282.91743774066816,34.41722519782407,0.1862405
US,미국,2026-03-01,180571307,69443813.0,160.0250464357422,-3.0440172787336794,0.180571307
US,미국,2026-04-01,319879134,61779060.0,417.7792183953592,77.14837385543207,0.319879134
US,미국,2026-05-01,347240646,51298103.0,576.9073819357413,8.553703287192228,0.347240646
US,미국,2026-06-01,306518234,86788870.0,253.17689238262923,-11.727432392808069,0.306518234
US,미국,2026-07-01,225764898,71584001.0,215.3845759473545,-26.3453612355081,0.225764898
MM,미얀마,2025-01-01,0,,,,0.0
MM,미얀마,2025-02-01,0,,,,0.0
MM,미얀마,2025-03-01,0,,,,0.0
MM,미얀마,2025-08-01,0,,,,0.0
MM,미얀마,2025-11-01,0,,,,0.0
MM,미얀마,2025-12-01,0,,,,0.0
MM,미얀마,2026-01-01,0,,,,0.0
MM,미얀마,2026-04-01,1138700,,,inf,0.0011387
MM,미얀마,2026-06-01,0,,,-100.0,0.0
BH,바레인,2025-02-01,23,,,,2.3e-08
BH,바레인,2025-07-01,198,,,760.8695652173913,1.98e-07
BD,방글라데시,2025-01-01,12977,,,,1.2977e-05
BD,방글라데시,2025-02-01,20037,,,54.40394544193574,2.0037e-05
BD,방글라데시,2025-03-01,367766,,,1735.4344462743925,0.000367766
BD,방글라데시,2025-04-01,8788,,,-97.61043707139866,8.788e-06
BD,방글라데시,2025-05-01,10505,,,19.5380063723259,1.0505e-05
BD,방글라데시,2025-06-01,247,,,-97.64873869585912,2.47e-07
BD,방글라데시,2025-07-01,3655,,,1379.757085020243,3.655e-06
BD,방글라데시,2025-08-01,26681,,,629.9863201094391,2.6681e-05
BD,방글라데시,2025-09-01,9878,,,-62.97739964768937,9.878e-06
BD,방글라데시,2025-10-01,1312,,,-86.71795910103259,1.312e-06
BD,방글라데시,2025-11-01,10314,,,686.1280487804878,1.0314e-05
BD,방글라데시,2025-12-01,8509,,,-17.500484777971693,8.509e-06
BD,방글라데시,2026-01-01,13078,12977.0,0.7783000693534659,53.69608649665061,1.3078e-05
BD,방글라데시,2026-02-01,3227,20037.0,-83.89479462993462,-75.3249732374981,3.227e-06
BD,방글라데시,2026-03-01,378196,367766.0,2.836042483535728,11619.739696312363,0.000378196
BD,방글라데시,2026-04-01,422938,8788.0,4712.67637687756,11.830373668679739,0.000422938
BD,방글라데시,2026-05-01,494808,10505.0,4610.214183722037,16.993034440036126,0.000494808
BD,방글라데시,2026-06-01,907588,247.0,367344.53441295546,83.42225671371521,0.000907588
BD,방글라데시,2026-07-01,220124,3655.0,5922.544459644322,-75.74626372318718,0.000220124
VE,베네주엘라,2025-09-01,0,,,,0.0
VN,베트남,2025-01-01,1647782373,,,,1.647782373
VN,베트남,2025-02-01,1653613198,,,0.3538589255196456,1.653613198
VN,베트남,2025-03-01,1792658304,,,8.408562907466589,1.792658304
VN,베트남,2025-04-01,1554581495,,,-13.280657472133628,1.554581495
VN,베트남,2025-05-01,2011328330,,,29.380694191268496,2.01132833
VN,베트남,2025-06-01,1771800087,,,-11.908957847772172,1.771800087
VN,베트남,2025-07-01,1813794611,,,2.3701615271452425,1.813794611
VN,베트남,2025-08-01,1967509889,,,8.474789651913905,1.967509889
VN,베트남,2025-09-01,1959804955,,,-0.3916084001954423,1.959804955
VN,베트남,2025-10-01,1779136453,,,-9.218698092331334,1.779136453
VN,베트남,2025-11-01,1879868013,,,5.661823174391456,1.879868013
VN,베트남,2025-12-01,2376097676,,,26.397048067650687,2.376097676
VN,베트남,2026-01-01,2629167136,1647782373.0,59.55791123152159,10.650633707366165,2.629167136
VN,베트남,2026-02-01,2757065582,1653613198.0,66.72977606459574,4.864599296436656,2.757065582
VN,베트남,2026-03-01,3382104364,1792658304.0,88.66419531560656,22.670435773478825,3.382104364
VN,베트남,2026-04-01,4144700909,1554581495.0,166.61200601773535,22.547989740271657,4.144700909
VN,베트남,2026-05-01,5226920313,2011328330.0,159.87404617325706,26.110916752762957,5.226920313
VN,베트남,2026-06-01,4819213539,1771800087.0,171.99533256372393,-7.800133722834513,4.819213539
VN,베트남,2026-07-01,5856242074,1813794611.0,222.8723935160043,21.51862594607472,5.856242074
BE,벨기에,2025-01-01,275203,,,,0.000275203
BE,벨기에,2025-02-01,17193,,,-93.75261170844794,1.7193e-05
BE,벨기에,2025-03-01,118588,,,589.7458267899726,0.000118588
BE,벨기에,2025-04-01,444512,,,274.8372516612136,0.000444512
BE,벨기에,2025-05-01,683605,,,53.78774926211216,0.000683605
BE,벨기에,2025-06-01,543918,,,-20.433876288207376,0.000543918
BE,벨기에,2025-07-01,355186,,,-34.69861265852573,0.000355186
BE,벨기에,2025-08-01,722442,,,103.39821952441821,0.000722442
BE,벨기에,2025-09-01,703135,,,-2.6724636718241768,0.000703135
BE,벨기에,2025-10-01,652404,,,-7.214972942607034,0.000652404
BE,벨기에,2025-11-01,431403,,,-33.87486894623577,0.000431403
BE,벨기에,2025-12-01,613070,,,42.11074100087389,0.00061307
BE,벨기에,2026-01-01,1205497,275203.0,338.03919288670545,96.63284779878319,0.001205497
BE,벨기에,2026-02-01,960222,17193.0,5484.9589949398005,-20.346379957809933,0.000960222
BE,벨기에,2026-03-01,874380,118588.0,637.3258677100549,-8.93980766947643,0.00087438
BE,벨기에,2026-04-01,1242884,444512.0,179.60639982722628,42.14460532034128,0.001242884
BE,벨기에,2026-05-01,1267400,683605.0,85.39946314026375,1.9725090998033545,0.0012674
BE,벨기에,2026-06-01,1638777,543918.0,201.2911872745524,29.302272368628678,0.001638777
BE,벨기에,2026-07-01,1514829,355186.0,326.48893819013136,-7.563445178935268,0.001514829
BY,벨라루스,2025-01-01,0,,,,0.0
BY,벨라루스,2025-02-01,0,,,,0.0
BY,벨라루스,2025-03-01,0,,,,0.0
BY,벨라루스,2025-04-01,0,,,,0.0
BY,벨라루스,2025-05-01,0,,,,0.0
BY,벨라루스,2025-06-01,0,,,,0.0
BY,벨라루스,2025-07-01,0,,,,0.0
BY,벨라루스,2025-08-01,0,,,,0.0
BY,벨라루스,2025-09-01,0,,,,0.0
BY,벨라루스,2025-10-01,0,,,,0.0
BY,벨라루스,2025-11-01,0,,,,0.0
BY,벨라루스,2025-12-01,0,,,,0.0
BY,벨라루스,2026-01-01,0,0.0,,,0.0
BY,벨라루스,2026-02-01,0,0.0,,,0.0
BY,벨라루스,2026-03-01,0,0.0,,,0.0
BY,벨라루스,2026-04-01,0,0.0,,,0.0
BY,벨라루스,2026-05-01,0,0.0,,,0.0
BY,벨라루스,2026-06-01,0,0.0,,,0.0
BY,벨라루스,2026-07-01,0,0.0,,,0.0
BA,보스니아-헤르체고비나,2025-12-01,0,,,,0.0
BA,보스니아-헤르체고비나,2026-01-01,6555,,,inf,6.555e-06
BF,부르키나 파소,2025-03-01,43,,,,4.3e-08
BG,불가리아,2025-01-01,1966,,,,1.966e-06
BG,불가리아,2025-02-01,31838,,,1519.4303153611393,3.1838e-05
BG,불가리아,2025-03-01,17503,,,-45.02481311640179,1.7503e-05
BG,불가리아,2025-04-01,366280,,,1992.6698280294809,0.00036628
BG,불가리아,2025-05-01,37082,,,-89.87605110844163,3.7082e-05
BG,불가리아,2025-06-01,0,,,-100.0,0.0
BG,불가리아,2025-07-01,41982,,,inf,4.1982e-05
BG,불가리아,2025-08-01,9909,,,-76.39702729741317,9.909e-06
BG,불가리아,2025-09-01,99268,,,901.7963467554748,9.9268e-05
BG,불가리아,2025-10-01,1300,,,-98.69041382922997,1.3e-06
BG,불가리아,2025-11-01,31350,,,2311.538461538462,3.135e-05
BG,불가리아,2025-12-01,60188,,,91.98724082934608,6.0188e-05
BG,불가리아,2026-01-01,0,1966.0,-100.0,-100.0,0.0
BG,불가리아,2026-02-01,492,31838.0,-98.45467680130662,inf,4.92e-07
BG,불가리아,2026-03-01,40515,17503.0,131.4746043535394,8134.756097560975,4.0515e-05
BG,불가리아,2026-04-01,0,366280.0,-100.0,-100.0,0.0
BG,불가리아,2026-05-01,30443,37082.0,-17.903565072002593,inf,3.0443e-05
BG,불가리아,2026-06-01,30150,0.0,inf,-0.9624544230200649,3.015e-05
BG,불가리아,2026-07-01,33798,41982.0,-19.494068886665715,12.099502487562198,3.3798e-05
PF,불령 폴리네시아,2025-04-01,0,,,,0.0
BR,브라질,2025-01-01,87937046,,,,0.087937046
BR,브라질,2025-02-01,93708957,,,6.563685343717363,0.093708957
BR,브라질,2025-03-01,75451930,,,-19.48269149981042,0.07545193
BR,브라질,2025-04-01,76775128,,,1.7536966913901386,0.076775128
BR,브라질,2025-05-01,84955648,,,10.655169471029735,0.084955648
BR,브라질,2025-06-01,69279711,,,-18.451906811422358,0.069279711
BR,브라질,2025-07-01,69403105,,,0.1781098653832469,0.069403105
BR,브라질,2025-08-01,76059399,,,9.59077263185848,0.076059399
BR,브라질,2025-09-01,81750965,,,7.4830541324682365,0.081750965
BR,브라질,2025-10-01,113094146,,,38.33982999466734,0.113094146
BR,브라질,2025-11-01,83046979,,,-26.568277901846482,0.083046979
BR,브라질,2025-12-01,88784908,,,6.909256747316483,0.088784908
BR,브라질,2026-01-01,111344642,87937046.0,26.61858348073234,25.40942431342048,0.111344642
BR,브라질,2026-02-01,148771870,93708957.0,58.75949830494858,33.613856336257285,0.14877187
BR,브라질,2026-03-01,218259385,75451930.0,189.26945274958507,46.7074286288127,0.218259385
BR,브라질,2026-04-01,281397296,76775128.0,266.52142865851033,28.927924909162563,0.281397296
BR,브라질,2026-05-01,225718365,84955648.0,165.689651381389,-19.786590628788414,0.225718365
BR,브라질,2026-06-01,256908494,69279711.0,270.82789505285325,13.81816184961291,0.256908494
BR,브라질,2026-07-01,273840885,69403105.0,294.5657546589594,6.590825681302692,0.273840885
SA,사우디아라비아,2025-04-01,2264,,,,2.264e-06
SA,사우디아라비아,2025-10-01,0,,,-100.0,0.0
SA,사우디아라비아,2026-01-01,0,,,,0.0
SA,사우디아라비아,2026-02-01,2700,,,inf,2.7e-06
SA,사우디아라비아,2026-04-01,1762,,,-34.74074074074074,1.762e-06
SA,사우디아라비아,2026-06-01,200,,,-88.64926220204313,2e-07
SA,사우디아라비아,2026-07-01,2203,,,1001.5,2.203e-06
CY,사이프러스,2025-08-01,0,,,,0.0
CY,사이프러스,2025-11-01,0,,,,0.0
CY,사이프러스,2026-02-01,14,,,inf,1.4e-08
CY,사이프러스,2026-04-01,0,,,-100.0,0.0
SM,산마리노,2026-05-01,0,,,,0.0
RS,세르비아,2025-01-01,1623245,,,,0.001623245
RS,세르비아,2025-02-01,1117726,,,-31.14249543352975,0.001117726
RS,세르비아,2025-03-01,778375,,,-30.360839776474734,0.000778375
RS,세르비아,2025-04-01,306997,,,-60.559242010599014,0.000306997
RS,세르비아,2025-05-01,675682,,,120.0940074332974,0.000675682
RS,세르비아,2025-06-01,495614,,,-26.64981455773574,0.000495614
RS,세르비아,2025-07-01,1046364,,,111.12478662830347,0.001046364
RS,세르비아,2025-08-01,835757,,,-20.127508209380295,0.000835757
RS,세르비아,2025-09-01,567314,,,-32.119742939634364,0.000567314
RS,세르비아,2025-10-01,672201,,,18.488350366816263,0.000672201
RS,세르비아,2025-11-01,697379,,,3.7456058530112246,0.000697379
RS,세르비아,2025-12-01,1180880,,,69.33116712720056,0.00118088
RS,세르비아,2026-01-01,906595,1623245.0,-44.14921961872669,-23.227169568457416,0.000906595
RS,세르비아,2026-02-01,1526671,1117726.0,36.58723157553818,68.39614160678143,0.001526671
RS,세르비아,2026-03-01,687102,778375.0,-11.726096033402921,-54.99344652515179,0.000687102
RS,세르비아,2026-04-01,939629,306997.0,206.07106909839507,36.75247634266818,0.000939629
RS,세르비아,2026-05-01,1144813,675682.0,69.43073812829113,21.836703635158127,0.001144813
RS,세르비아,2026-06-01,821187,495614.0,65.69084004890904,-28.26889631756453,0.000821187
RS,세르비아,2026-07-01,209743,1046364.0,-79.95506343872687,-74.45855816032159,0.000209743
SC,세이쉘,2025-02-01,5808,,,,5.808e-06
KN,세인트 키츠 네비스,2026-05-01,0,,,,0.0
PM,세인트 피레 미켈론,2026-03-01,0,,,,0.0
SO,소말리아,2026-07-01,0,,,,0.0
SB,솔로몬 군도,2026-07-01,0,,,,0.0
LK,스리랑카,2025-02-01,0,,,,0.0
LK,스리랑카,2025-06-01,0,,,,0.0
LK,스리랑카,2025-08-01,0,,,,0.0
LK,스리랑카,2025-10-01,5606,,,inf,5.606e-06
LK,스리랑카,2025-11-01,0,,,-100.0,0.0
LK,스리랑카,2026-01-01,24000,,,inf,2.4e-05
LK,스리랑카,2026-04-01,0,,,-100.0,0.0
LK,스리랑카,2026-06-01,2475,,,inf,2.475e-06
SZ,스와질랜드,2025-01-01,0,,,,0.0
SZ,스와질랜드,2025-04-01,0,,,,0.0
SZ,스와질랜드,2025-05-01,18096,,,inf,1.8096e-05
SZ,스와질랜드,2025-06-01,2,,,-99.98894783377543,2e-09
SZ,스와질랜드,2025-07-01,12743,,,637050.0,1.2743e-05
SZ,스와질랜드,2025-08-01,8822,,,-30.769834418896647,8.822e-06
SZ,스와질랜드,2025-11-01,8,,,-99.90931761505327,8e-09
SZ,스와질랜드,2025-12-01,0,,,-100.0,0.0
SZ,스와질랜드,2026-03-01,1,,,inf,1e-09
SZ,스와질랜드,2026-07-01,2,,,100.0,2e-09
SE,스웨덴,2025-01-01,3667516,,,,0.003667516
SE,스웨덴,2025-02-01,491671,,,-86.59389625021404,0.000491671
SE,스웨덴,2025-03-01,1927136,,,291.95640987570954,0.001927136
SE,스웨덴,2025-04-01,1980095,,,2.7480675987579417,0.001980095
SE,스웨덴,2025-05-01,3257792,,,64.52705552006344,0.003257792
SE,스웨덴,2025-06-01,4527546,,,38.97590760858889,0.004527546
SE,스웨덴,2025-07-01,2055766,,,-54.594254812651265,0.002055766
SE,스웨덴,2025-08-01,1589767,,,-22.667900918684325,0.001589767
SE,스웨덴,2025-09-01,3188504,,,100.56423362668868,0.003188504
SE,스웨덴,2025-10-01,1307455,,,-58.99471978081257,0.001307455
SE,스웨덴,2025-11-01,2840579,,,117.26017339028876,0.002840579
SE,스웨덴,2025-12-01,3081996,,,8.498865900226683,0.003081996
SE,스웨덴,2026-01-01,3232423,3667516.0,-11.863424726708761,4.880830474796194,0.003232423
SE,스웨덴,2026-02-01,3113060,491671.0,533.1591653768476,-3.692678835659813,0.00311306
SE,스웨덴,2026-03-01,3472539,1927136.0,80.19169378808762,11.547448491195155,0.003472539
SE,스웨덴,2026-04-01,3739668,1980095.0,88.86305960067573,7.692613387495428,0.003739668
SE,스웨덴,2026-05-01,5429275,3257792.0,66.65505348407757,45.18066844436457,0.005429275
SE,스웨덴,2026-06-01,3319199,4527546.0,-26.68878460870414,-38.8647839720773,0.003319199
SE,스웨덴,2026-07-01,5482145,2055766.0,166.67164453541892,65.16469786837125,0.005482145
CH,스위스,2025-01-01,321874,,,,0.000321874
CH,스위스,2025-02-01,104842,,,-67.42762695961774,0.000104842
CH,스위스,2025-03-01,121583,,,15.967837317105737,0.000121583
CH,스위스,2025-04-01,234283,,,92.693879900973,0.000234283
CH,스위스,2025-05-01,201408,,,-14.032174763000304,0.000201408
CH,스위스,2025-06-01,172051,,,-14.575885764219887,0.000172051
CH,스위스,2025-07-01,81306,,,-52.743081993129934,8.1306e-05
CH,스위스,2025-08-01,335801,,,313.00888003345386,0.000335801
CH,스위스,2025-09-01,221926,,,-33.911453509667936,0.000221926
CH,스위스,2025-10-01,494807,,,122.96035615475427,0.000494807
CH,스위스,2025-11-01,308523,,,-37.64781015628316,0.000308523
CH,스위스,2025-12-01,209216,,,-32.18787578235658,0.000209216
CH,스위스,2026-01-01,238660,321874.0,-25.852973523801236,14.073493423065164,0.00023866
CH,스위스,2026-02-01,125558,104842.0,19.759256786402403,-47.390429900276544,0.000125558
CH,스위스,2026-03-01,65011,121583.0,-46.52953126670669,-48.22233549435321,6.5011e-05
CH,스위스,2026-04-01,149196,234283.0,-36.31804270903138,129.49347033578934,0.000149196
CH,스위스,2026-05-01,206746,201408.0,2.6503415951700138,38.57342019893295,0.000206746
CH,스위스,2026-06-01,384488,172051.0,123.47327245991013,85.97119170382983,0.000384488
CH,스위스,2026-07-01,316656,81306.0,289.46203232233785,-17.642163084413554,0.000316656
ES,스페인,2025-01-01,264986,,,,0.000264986
ES,스페인,2025-02-01,314584,,,18.7172152491075,0.000314584
ES,스페인,2025-03-01,359338,,,14.22640693741577,0.000359338
ES,스페인,2025-04-01,213688,,,-40.532868775359134,0.000213688
ES,스페인,2025-05-01,230463,,,7.850230242222311,0.000230463
ES,스페인,2025-06-01,197815,,,-14.166265300720726,0.000197815
ES,스페인,2025-07-01,149731,,,-24.30756009402725,0.000149731
ES,스페인,2025-08-01,223210,,,49.074006050851196,0.00022321
ES,스페인,2025-09-01,261857,,,17.3141884324179,0.000261857
ES,스페인,2025-10-01,366222,,,39.85572277999061,0.000366222
ES,스페인,2025-11-01,212068,,,-42.09304738655788,0.000212068
ES,스페인,2025-12-01,118319,,,-44.20704679631062,0.000118319
ES,스페인,2026-01-01,363376,264986.0,37.1302634856181,207.11550976597164,0.000363376
ES,스페인,2026-02-01,279259,314584.0,-11.229115276047096,-23.148749504645327,0.000279259
ES,스페인,2026-03-01,285056,359338.0,-20.671902220193804,2.0758507335484344,0.000285056
ES,스페인,2026-04-01,302982,213688.0,41.787091460447016,6.288588908845982,0.000302982
ES,스페인,2026-05-01,283464,230463.0,22.997617838872173,-6.441966849515812,0.000283464
ES,스페인,2026-06-01,324666,197815.0,64.12607739554635,14.53517907035815,0.000324666
ES,스페인,2026-07-01,136111,149731.0,-9.09631272081266,-58.07660796018062,0.000136111
SK,슬로바키아,2025-01-01,192340,,,,0.00019234
SK,슬로바키아,2025-02-01,402037,,,109.02412394717689,0.000402037
SK,슬로바키아,2025-03-01,324755,,,-19.22260886435826,0.000324755
SK,슬로바키아,2025-04-01,306485,,,-5.625779433726963,0.000306485
SK,슬로바키아,2025-05-01,441592,,,44.08274466939655,0.000441592
SK,슬로바키아,2025-06-01,504934,,,14.344009855250995,0.000504934
SK,슬로바키아,2025-07-01,417163,,,-17.3826678338159,0.000417163
SK,슬로바키아,2025-08-01,403916,,,-3.175497347559586,0.000403916
SK,슬로바키아,2025-09-01,285634,,,-29.2838114855564,0.000285634
SK,슬로바키아,2025-10-01,524328,,,83.56638215338509,0.000524328
SK,슬로바키아,2025-11-01,551138,,,5.113211577485854,0.000551138
SK,슬로바키아,2025-12-01,694869,,,26.07894937384103,0.000694869
SK,슬로바키아,2026-01-01,1003025,192340.0,421.48539045440367,44.347351803001715,0.001003025
SK,슬로바키아,2026-02-01,1113880,402037.0,177.05907665214892,11.052067495825124,0.00111388
SK,슬로바키아,2026-03-01,1443078,324755.0,344.35897830672354,29.5541710058534,0.001443078
SK,슬로바키아,2026-04-01,1275321,306485.0,316.1120446351371,-11.624943350255501,0.001275321
SK,슬로바키아,2026-05-01,1334283,441592.0,202.15289226254097,4.62330660280823,0.001334283
SK,슬로바키아,2026-06-01,709118,504934.0,40.4377601825189,-46.85400323619502,0.000709118
SK,슬로바키아,2026-07-01,3720418,417163.0,791.8379626189284,424.65428884896454,0.003720418
SI,슬로베니아,2025-01-01,0,,,,0.0
SI,슬로베니아,2025-02-01,2200,,,inf,2.2e-06
SI,슬로베니아,2025-03-01,0,,,-100.0,0.0
SI,슬로베니아,2025-04-01,0,,,,0.0
SI,슬로베니아,2025-05-01,2200,,,inf,2.2e-06
SI,슬로베니아,2025-06-01,0,,,-100.0,0.0
SI,슬로베니아,2025-07-01,0,,,,0.0
SI,슬로베니아,2025-08-01,0,,,,0.0
SI,슬로베니아,2025-09-01,7720,,,inf,7.72e-06
SI,슬로베니아,2025-10-01,0,,,-100.0,0.0
SI,슬로베니아,2025-11-01,0,,,,0.0
SI,슬로베니아,2025-12-01,0,,,,0.0
SI,슬로베니아,2026-01-01,0,0.0,,,0.0
SI,슬로베니아,2026-02-01,178,2200.0,-91.9090909090909,inf,1.78e-07
SI,슬로베니아,2026-03-01,2500,0.0,inf,1304.4943820224719,2.5e-06
SI,슬로베니아,2026-04-01,40779,0.0,inf,1531.1599999999999,4.0779e-05
SI,슬로베니아,2026-05-01,325,2200.0,-85.22727272727273,-99.20302116285343,3.25e-07
SI,슬로베니아,2026-06-01,26650,0.0,inf,8100.0,2.665e-05
SI,슬로베니아,2026-07-01,28416,0.0,inf,6.626641651031906,2.8416e-05
SG,싱가포르,2025-01-01,260160879,,,,0.260160879
SG,싱가포르,2025-02-01,245627505,,,-5.586302620079941,0.245627505
SG,싱가포르,2025-03-01,321060747,,,30.71042145707583,0.321060747
SG,싱가포르,2025-04-01,430793900,,,34.17831485952407,0.4307939
SG,싱가포르,2025-05-01,496328664,,,15.212556166649538,0.496328664
SG,싱가포르,2025-06-01,419240069,,,-15.531763646034358,0.419240069
SG,싱가포르,2025-07-01,482130114,,,15.000962372229743,0.482130114
SG,싱가포르,2025-08-01,408856808,,,-15.197828111603917,0.408856808
SG,싱가포르,2025-09-01,417448316,,,2.101348890832222,0.417448316
SG,싱가포르,2025-10-01,461438746,,,10.537934473306155,0.461438746
SG,싱가포르,2025-11-01,558536153,,,21.042317716423398,0.558536153
SG,싱가포르,2025-12-01,657584042,,,17.733478570365712,0.657584042
SG,싱가포르,2026-01-01,396330562,260160879.0,52.34056846802089,-39.72929136257841,0.396330562
SG,싱가포르,2026-02-01,831615642,245627505.0,238.56780086578658,109.82879488360022,0.831615642
SG,싱가포르,2026-03-01,508610317,321060747.0,58.41560257753964,-38.84069859763413,0.508610317
SG,싱가포르,2026-04-01,539265289,430793900.0,25.179416189505012,6.0272021575999535,0.539265289
SG,싱가포르,2026-05-01,510429131,496328664.0,2.84095359038139,-5.347304673266295,0.510429131
SG,싱가포르,2026-06-01,448369418,419240069.0,6.948130952626097,-12.158340743291163,0.448369418
SG,싱가포르,2026-07-01,409503273,482130114.0,-15.063742938073354,-8.668330943124225,0.409503273
AE,아랍에미리트 연합,2025-01-01,268729,,,,0.000268729
AE,아랍에미리트 연합,2025-02-01,731927,,,172.36621280174452,0.000731927
AE,아랍에미리트 연합,2025-03-01,1144733,,,56.3998868739642,0.001144733
AE,아랍에미리트 연합,2025-04-01,3584250,,,213.10794744276615,0.00358425
AE,아랍에미리트 연합,2025-05-01,22752,,,-99.36522284996862,2.2752e-05
AE,아랍에미리트 연합,2025-06-01,3553929,,,15520.292721518987,0.003553929
AE,아랍에미리트 연합,2025-07-01,2668125,,,-24.92463974378779,0.002668125
AE,아랍에미리트 연합,2025-08-01,15152,,,-99.43211056453501,1.5152e-05
AE,아랍에미리트 연합,2025-09-01,3154005,,,20715.766895459346,0.003154005
AE,아랍에미리트 연합,2025-10-01,234363,,,-92.56935229969515,0.000234363
AE,아랍에미리트 연합,2025-11-01,3348218,,,1328.6461600167263,0.003348218
AE,아랍에미리트 연합,2025-12-01,73529,,,-97.80393630283332,7.3529e-05
AE,아랍에미리트 연합,2026-01-01,3600688,268729.0,1239.8955825385424,4796.963102993376,0.003600688
AE,아랍에미리트 연합,2026-02-01,237529,731927.0,-67.54744667159429,-93.40323293770524,0.000237529
AE,아랍에미리트 연합,2026-03-01,39410,1144733.0,-96.55727580143143,-83.4083417182744,3.941e-05
AE,아랍에미리트 연합,2026-04-01,58161,3584250.0,-98.37731743042477,47.57929459528039,5.8161e-05
AE,아랍에미리트 연합,2026-05-01,17,22752.0,-99.92528129395218,-99.9707707914238,1.7e-08
AE,아랍에미리트 연합,2026-06-01,226825,3553929.0,-93.61762713886517,1334164.705882353,0.000226825
AE,아랍에미리트 연합,2026-07-01,17946,2668125.0,-99.32739283204498,-92.08817370219332,1.7946e-05
AM,아르메니아,2025-02-01,606,,,,6.06e-07
AR,아르헨티나,2025-01-01,1001258,,,,0.001001258
AR,아르헨티나,2025-02-01,1470852,,,46.90039929768351,0.001470852
AR,아르헨티나,2025-03-01,994153,,,-32.40971899280145,0.000994153
AR,아르헨티나,2025-04-01,829898,,,-16.522104746452506,0.000829898
AR,아르헨티나,2025-05-01,891427,,,7.414043653557423,0.000891427
AR,아르헨티나,2025-06-01,636612,,,-28.585066415982464,0.000636612
AR,아르헨티나,2025-07-01,519104,,,-18.458338831187604,0.000519104
AR,아르헨티나,2025-08-01,1061387,,,104.46519387251878,0.001061387
AR,아르헨티나,2025-09-01,612492,,,-42.293244594101864,0.000612492
AR,아르헨티나,2025-10-01,327066,,,-46.60077192844968,0.000327066
AR,아르헨티나,2025-11-01,707184,,,116.22057933261178,0.000707184
AR,아르헨티나,2025-12-01,4035,,,-99.42942713636054,4.035e-06
AR,아르헨티나,2026-01-01,517131,1001258.0,-48.351873343334084,12716.133828996282,0.000517131
AR,아르헨티나,2026-02-01,732503,1470852.0,-50.19872835608206,41.64747423766899,0.000732503
AR,아르헨티나,2026-03-01,1645060,994153.0,65.47352369303316,124.58065018163747,0.00164506
AR,아르헨티나,2026-04-01,256204,829898.0,-69.1282543155906,-84.42585680765443,0.000256204
AR,아르헨티나,2026-05-01,566169,891427.0,-36.487339961656986,120.98366926355561,0.000566169
AR,아르헨티나,2026-06-01,1355380,636612.0,112.90519185940573,139.39495097753496,0.00135538
AR,아르헨티나,2026-07-01,1172343,519104.0,125.83971612624829,-13.504478448848289,0.001172343
IS,아이슬란드,2025-07-01,6001,,,,6.001e-06
IS,아이슬란드,2025-12-01,0,,,-100.0,0.0
IS,아이슬란드,2026-04-01,9044,,,inf,9.044e-06
HT,아이티,2025-01-01,0,,,,0.0
HT,아이티,2025-04-01,0,,,,0.0
HT,아이티,2025-05-01,0,,,,0.0
HT,아이티,2025-06-01,0,,,,0.0
HT,아이티,2025-07-01,0,,,,0.0
HT,아이티,2025-09-01,0,,,,0.0
HT,아이티,2025-11-01,0,,,,0.0
IE,아일랜드,2025-01-01,5472,,,,5.472e-06
IE,아일랜드,2025-02-01,166192,,,2937.1345029239765,0.000166192
IE,아일랜드,2025-03-01,29286,,,-82.3782131510542,2.9286e-05
IE,아일랜드,2025-04-01,11933,,,-59.25356825787065,1.1933e-05
IE,아일랜드,2025-05-01,93056,,,679.8206653817145,9.3056e-05
IE,아일랜드,2025-06-01,25838,,,-72.23392365887207,2.5838e-05
IE,아일랜드,2025-07-01,328662,,,1172.0102175090951,0.000328662
IE,아일랜드,2025-08-01,348955,,,6.174428440160407,0.000348955
IE,아일랜드,2025-09-01,276303,,,-20.819876488372422,0.000276303
IE,아일랜드,2025-10-01,24783,,,-91.03049912595954,2.4783e-05
IE,아일랜드,2025-11-01,211913,,,755.0740426905539,0.000211913
IE,아일랜드,2025-12-01,1193798,,,463.34344754687066,0.001193798
IE,아일랜드,2026-01-01,23535,5472.0,330.0986842105263,-98.02856094582165,2.3535e-05
IE,아일랜드,2026-02-01,64386,166192.0,-61.258062963319524,173.57552581261953,6.4386e-05
IE,아일랜드,2026-03-01,12748,29286.0,-56.47066857884313,-80.20066474078216,1.2748e-05
IE,아일랜드,2026-04-01,142199,11933.0,1091.645018017263,1015.4612488233448,0.000142199
IE,아일랜드,2026-05-01,183002,93056.0,96.65792640990372,28.694294615292648,0.000183002
IE,아일랜드,2026-06-01,1844069,25838.0,7037.042340738448,907.6769652790681,0.001844069
IE,아일랜드,2026-07-01,424791,328662.0,29.248589736568277,-76.9644736720806,0.000424791
AZ,아제르바이잔,2025-10-01,0,,,,0.0
AD,안도라,2026-06-01,0,,,,0.0
EE,에스토니아,2025-01-01,28154,,,,2.8154e-05
EE,에스토니아,2025-02-01,17064,,,-39.39049513390637,1.7064e-05
EE,에스토니아,2025-03-01,19142,,,12.177684013127044,1.9142e-05
EE,에스토니아,2025-04-01,22398,,,17.009716852993417,2.2398e-05
EE,에스토니아,2025-05-01,30937,,,38.12393963746763,3.0937e-05
EE,에스토니아,2025-06-01,12506,,,-59.57591233797718,1.2506e-05
EE,에스토니아,2025-07-01,16125,,,28.938109707340477,1.6125e-05
EE,에스토니아,2025-08-01,4663,,,-71.08217054263565,4.663e-06
EE,에스토니아,2025-09-01,15855,,,240.017156337122,1.5855e-05
EE,에스토니아,2025-10-01,27267,,,71.97729422894984,2.7267e-05
EE,에스토니아,2025-11-01,20264,,,-25.683060109289613,2.0264e-05
EE,에스토니아,2025-12-01,14924,,,-26.35215159889459,1.4924e-05
EE,에스토니아,2026-01-01,10961,28154.0,-61.06769908361156,-26.554543017957656,1.0961e-05
EE,에스토니아,2026-02-01,10660,17064.0,-37.52930145335208,-2.7460998084116395,1.066e-05
EE,에스토니아,2026-03-01,8195,19142.0,-57.188381569324,-23.123827392120077,8.195e-06
EE,에스토니아,2026-04-01,51,22398.0,-99.77230109831235,-99.37766931055522,5.1e-08
EE,에스토니아,2026-05-01,64605,30937.0,108.82761741603906,126576.47058823529,6.4605e-05
EE,에스토니아,2026-07-01,0,12506.0,-100.0,-100.0,0.0
EC,에쿠아도르,2025-04-01,270,,,,2.7e-07
EC,에쿠아도르,2026-04-01,131,,,-51.48148148148148,1.31e-07
ET,에티오피아,2025-02-01,0,,,,0.0
ET,에티오피아,2025-06-01,159,,,inf,1.59e-07
ET,에티오피아,2026-02-01,0,,,-100.0,0.0
ET,에티오피아,2026-05-01,0,,,,0.0
SV,엘살바도르,2025-01-01,0,,,,0.0
SV,엘살바도르,2025-02-01,0,,,,0.0
SV,엘살바도르,2025-03-01,0,,,,0.0
SV,엘살바도르,2025-04-01,3866,,,inf,3.866e-06
SV,엘살바도르,2025-05-01,568,,,-85.30781169167098,5.68e-07
SV,엘살바도르,2025-06-01,0,,,-100.0,0.0
SV,엘살바도르,2025-07-01,0,,,,0.0
SV,엘살바도르,2025-08-01,0,,,,0.0
SV,엘살바도르,2025-09-01,0,,,,0.0
SV,엘살바도르,2025-10-01,0,,,,0.0
SV,엘살바도르,2025-11-01,0,,,,0.0
SV,엘살바도르,2025-12-01,0,,,,0.0
SV,엘살바도르,2026-01-01,0,0.0,,,0.0
SV,엘살바도르,2026-02-01,0,0.0,,,0.0
SV,엘살바도르,2026-03-01,0,0.0,,,0.0
SV,엘살바도르,2026-04-01,0,3866.0,-100.0,,0.0
SV,엘살바도르,2026-05-01,0,568.0,-100.0,,0.0
SV,엘살바도르,2026-06-01,0,0.0,,,0.0
SV,엘살바도르,2026-07-01,0,0.0,,,0.0
GB,영국,2025-01-01,540472,,,,0.000540472
GB,영국,2025-02-01,175434,,,-67.54059414733788,0.000175434
GB,영국,2025-03-01,528060,,,201.00208625465984,0.00052806
GB,영국,2025-04-01,376531,,,-28.695413399992418,0.000376531
GB,영국,2025-05-01,629489,,,67.18118826869501,0.000629489
GB,영국,2025-06-01,1578932,,,150.82757601800827,0.001578932
GB,영국,2025-07-01,692924,,,-56.11438618002549,0.000692924
GB,영국,2025-08-01,677089,,,-2.285243403316961,0.000677089
GB,영국,2025-09-01,1484371,,,119.22834368893898,0.001484371
GB,영국,2025-10-01,337484,,,-77.26417452240713,0.000337484
GB,영국,2025-11-01,4915086,,,1356.3908214907967,0.004915086
GB,영국,2025-12-01,968190,,,-80.30166715292468,0.00096819
GB,영국,2026-01-01,168408,540472.0,-68.84056898414718,-82.60589347132277,0.000168408
GB,영국,2026-02-01,1343285,175434.0,665.692511143792,697.6372856396371,0.001343285
GB,영국,2026-03-01,2703133,528060.0,411.89883725334244,101.23302203181007,0.002703133
GB,영국,2026-04-01,1079357,376531.0,186.6582034414165,-60.070148231700024,0.001079357
GB,영국,2026-05-01,2484692,629489.0,294.71571385679493,130.20112900550976,0.002484692
GB,영국,2026-06-01,983528,1578932.0,-37.70928703706049,-60.41650232704898,0.000983528
GB,영국,2026-07-01,690441,692924.0,-0.3583365563900265,-29.799558324724874,0.000690441
KY,영령 캐이맨 군도,2025-06-01,0,,,,0.0
KY,영령 캐이맨 군도,2025-09-01,0,,,,0.0
OM,오만,2025-02-01,14000,,,,1.4e-05
OM,오만,2025-03-01,7751,,,-44.635714285714286,7.751e-06
OM,오만,2025-11-01,13530,,,74.55812153270547,1.353e-05
OM,오만,2025-12-01,34424,,,154.42719881744273,3.4424e-05
OM,오만,2026-05-01,1811,,,-94.73913548686963,1.811e-06
AT,오스트리아,2025-01-01,9654618,,,,0.009654618
AT,오스트리아,2025-02-01,9129616,,,-5.437832962422751,0.009129616
AT,오스트리아,2025-03-01,9547406,,,4.576205614781603,0.009547406
AT,오스트리아,2025-04-01,8736359,,,-8.494946166529427,0.008736359
AT,오스트리아,2025-05-01,9614768,,,10.054634888515924,0.009614768
AT,오스트리아,2025-06-01,9440458,,,-1.8129402602330091,0.009440458
AT,오스트리아,2025-07-01,8693855,,,-7.908546386202875,0.008693855
AT,오스트리아,2025-08-01,16407092,,,88.72056182211459,0.016407092
AT,오스트리아,2025-09-01,20973190,,,27.83002618623702,0.02097319
AT,오스트리아,2025-10-01,12890352,,,-38.53890609869076,0.012890352
AT,오스트리아,2025-11-01,13165871,,,2.1374047814985975,0.013165871
AT,오스트리아,2025-12-01,24308659,,,84.63388407800745,0.024308659
AT,오스트리아,2026-01-01,16049653,9654618.0,66.23809455744392,-33.975572243619034,0.016049653
AT,오스트리아,2026-02-01,27796250,9129616.0,204.4624220777741,73.18910259305918,0.02779625
AT,오스트리아,2026-03-01,31161041,9547406.0,226.38227598155981,12.105197643567035,0.031161041
AT,오스트리아,2026-04-01,12867608,8736359.0,47.287994918706985,-58.70610356053252,0.012867608
AT,오스트리아,2026-05-01,11705514,9614768.0,21.745152873163455,-9.031157927720523,0.011705514
AT,오스트리아,2026-06-01,13271915,9440458.0,40.585499135741074,13.381736162974134,0.013271915
AT,오스트리아,2026-07-01,8921711,8693855.0,2.6208856715461692,-32.7775155280907,0.008921711
HN,온두라스,2025-04-01,0,,,,0.0
HN,온두라스,2025-08-01,0,,,,0.0
HN,온두라스,2025-09-01,0,,,,0.0
HN,온두라스,2025-10-01,0,,,,0.0
HN,온두라스,2026-07-01,230,,,inf,2.3e-07
JO,요르단,2025-04-01,254,,,,2.54e-07
JO,요르단,2025-06-01,150000,,,58955.11811023622,0.00015
JO,요르단,2026-04-01,146,,,-99.90266666666666,1.46e-07
UZ,우즈베키스탄,2025-01-01,214,,,,2.14e-07
UZ,우즈베키스탄,2025-02-01,264,,,23.364485981308402,2.64e-07
UZ,우즈베키스탄,2025-03-01,16026,,,5970.454545454545,1.6026e-05
UZ,우즈베키스탄,2025-04-01,2267,,,-85.85423686509422,2.267e-06
UZ,우즈베키스탄,2025-08-01,1111,,,-50.992501102778995,1.111e-06
UZ,우즈베키스탄,2025-10-01,15,,,-98.64986498649864,1.5e-08
UZ,우즈베키스탄,2025-11-01,460,,,2966.666666666667,4.6e-07
UZ,우즈베키스탄,2025-12-01,25,,,-94.56521739130434,2.5e-08
UZ,우즈베키스탄,2026-01-01,4800,,,19100.0,4.8e-06
UZ,우즈베키스탄,2026-06-01,211417,,,4304.520833333334,0.000211417
UZ,우즈베키스탄,2026-07-01,7689,,,-96.36311176490065,7.689e-06
UA,우크라이나,2025-03-01,0,,,,0.0
UA,우크라이나,2025-04-01,0,,,,0.0
UA,우크라이나,2025-05-01,21468,,,inf,2.1468e-05
UA,우크라이나,2025-09-01,0,,,-100.0,0.0
UA,우크라이나,2026-02-01,90980,,,inf,9.098e-05
UA,우크라이나,2026-04-01,564,,,-99.38008353484283,5.64e-07
UA,우크라이나,2026-05-01,205,,,-63.65248226950355,2.05e-07
UA,우크라이나,2026-06-01,0,,,-100.0,0.0
UA,우크라이나,2026-07-01,0,,,,0.0
IQ,이라크,2025-05-01,500,,,,5e-07
IQ,이라크,2025-10-01,27086,,,5317.2,2.7086e-05
IR,이란,2025-09-01,0,,,,0.0
IR,이란,2026-04-01,0,,,,0.0
IL,이스라엘,2025-01-01,1094914,,,,0.001094914
IL,이스라엘,2025-02-01,1479468,,,35.121845186014596,0.001479468
IL,이스라엘,2025-03-01,1613888,,,9.08569837265829,0.001613888
IL,이스라엘,2025-04-01,887778,,,-44.99135008129437,0.000887778
IL,이스라엘,2025-05-01,1672401,,,88.38054108121625,0.001672401
IL,이스라엘,2025-06-01,1495357,,,-10.58621706157793,0.001495357
IL,이스라엘,2025-07-01,901389,,,-39.72081583193846,0.000901389
IL,이스라엘,2025-08-01,1004479,,,11.436793659563183,0.001004479
IL,이스라엘,2025-09-01,2459938,,,144.89690675464595,0.002459938
IL,이스라엘,2025-10-01,1007799,,,-59.03152843689556,0.001007799
IL,이스라엘,2025-11-01,3477255,,,245.03457534686976,0.003477255
IL,이스라엘,2025-12-01,2019692,,,-41.91705813925064,0.002019692
IL,이스라엘,2026-01-01,1621108,1094914.0,48.05802099525624,-19.734890270397663,0.001621108
IL,이스라엘,2026-02-01,2279584,1479468.0,54.081331938237255,40.61888535495477,0.002279584
IL,이스라엘,2026-03-01,3653308,1613888.0,126.36688543442918,60.26204781223241,0.003653308
IL,이스라엘,2026-04-01,4021110,887778.0,352.940937937187,10.067642804822373,0.00402111
IL,이스라엘,2026-05-01,2900731,1672401.0,73.44709791491395,-27.862431020290412,0.002900731
IL,이스라엘,2026-06-01,1868939,1495357.0,24.98279675020747,-35.57006837242061,0.001868939
IL,이스라엘,2026-07-01,4301263,901389.0,377.1816607480234,130.1446435651458,0.004301263
EG,이집트,2025-01-01,4756418,,,,0.004756418
EG,이집트,2025-02-01,7776883,,,63.50293435101793,0.007776883
EG,이집트,2025-03-01,6006364,,,-22.766434829995518,0.006006364
EG,이집트,2025-04-01,5239773,,,-12.762979399849893,0.005239773
EG,이집트,2025-05-01,7469602,,,42.555832094252935,0.007469602
EG,이집트,2025-06-01,6134662,,,-17.871634927804724,0.006134662
EG,이집트,2025-07-01,12383961,,,101.8686767094911,0.012383961
EG,이집트,2025-08-01,9027143,,,-27.106173864727122,0.009027143
EG,이집트,2025-09-01,7396540,,,-18.06333410249511,0.00739654
EG,이집트,2025-10-01,13166545,,,78.0095152598377,0.013166545
EG,이집트,2025-11-01,11213371,,,-14.834369988482177,0.011213371
EG,이집트,2025-12-01,17007482,,,51.6714465257593,0.017007482
EG,이집트,2026-01-01,10285739,4756418.0,116.24968621344887,-39.522270257290295,0.010285739
EG,이집트,2026-02-01,12403215,7776883.0,59.48825512740772,20.58652275738282,0.012403215
EG,이집트,2026-03-01,14255145,6006364.0,137.33401771853985,14.931048119378731,0.014255145
EG,이집트,2026-04-01,22534758,5239773.0,330.0712645376049,58.08157686224868,0.022534758
EG,이집트,2026-05-01,25765073,7469602.0,244.93234043795104,14.334811139307547,0.025765073
EG,이집트,2026-06-01,27414757,6134662.0,346.88292525325767,6.402791872547775,0.027414757
EG,이집트,2026-07-01,26298299,12383961.0,112.35773433072018,-4.072470895875535,0.026298299
IT,이탈리아,2025-01-01,2459224,,,,0.002459224
IT,이탈리아,2025-02-01,6244337,,,153.91493414182685,0.006244337
IT,이탈리아,2025-03-01,2537956,,,-59.355877173189086,0.002537956
IT,이탈리아,2025-04-01,5723489,,,125.5156905793481,0.005723489
IT,이탈리아,2025-05-01,5556507,,,-2.9174861697122134,0.005556507
IT,이탈리아,2025-06-01,1554486,,,-72.02404316236802,0.001554486
IT,이탈리아,2025-07-01,1035296,,,-33.39946451753184,0.001035296
IT,이탈리아,2025-08-01,866793,,,-16.27582836213025,0.000866793
IT,이탈리아,2025-09-01,2683280,,,209.56410584764757,0.00268328
IT,이탈리아,2025-10-01,1124604,,,-58.08845890104648,0.001124604
IT,이탈리아,2025-11-01,623348,,,-44.57177815479938,0.000623348
IT,이탈리아,2025-12-01,443217,,,-28.897341452928384,0.000443217
IT,이탈리아,2026-01-01,548093,2459224.0,-77.71276630351687,23.662449770654103,0.000548093
IT,이탈리아,2026-02-01,931816,6244337.0,-85.07742295138779,70.0105639006519,0.000931816
IT,이탈리아,2026-03-01,754675,2537956.0,-70.26445690941844,-19.010298170454256,0.000754675
IT,이탈리아,2026-04-01,1224769,5723489.0,-78.60100718285648,62.29091993242124,0.001224769
IT,이탈리아,2026-05-01,511273,5556507.0,-90.79866182117651,-58.25555676213229,0.000511273
IT,이탈리아,2026-06-01,681412,1554486.0,-56.1648030281392,33.27752492308414,0.000681412
IT,이탈리아,2026-07-01,677697,1035296.0,-34.54074969863691,-0.545191455389693,0.000677697
IN,인도,2025-01-01,272994208,,,,0.272994208
IN,인도,2025-02-01,294917361,,,8.030629353132657,0.294917361
IN,인도,2025-03-01,216613465,,,-26.55113138625976,0.216613465
IN,인도,2025-04-01,275589773,,,27.226519828765028,0.275589773
IN,인도,2025-05-01,287031761,,,4.151818797717133,0.287031761
IN,인도,2025-06-01,220874287,,,-23.048833958134686,0.220874287
IN,인도,2025-07-01,269346535,,,21.945627378527767,0.269346535
IN,인도,2025-08-01,293781837,,,9.07206844149675,0.293781837
IN,인도,2025-09-01,289771484,,,-1.365078604229708,0.289771484
IN,인도,2025-10-01,243056340,,,-16.121373764990622,0.24305634
IN,인도,2025-11-01,232020984,,,-4.540246100965728,0.232020984
IN,인도,2025-12-01,298201115,,,28.52333864768024,0.298201115
IN,인도,2026-01-01,290955207,272994208.0,6.579260099173978,-2.429872872876415,0.290955207
IN,인도,2026-02-01,370380512,294917361.0,25.58789714655014,27.29812118468118,0.370380512
IN,인도,2026-03-01,373276984,216613465.0,72.32399841810388,0.7820260262505485,0.373276984
IN,인도,2026-04-01,696467986,275589773.0,152.71909709073276,86.58208672196086,0.696467986
IN,인도,2026-05-01,534535270,287031761.0,86.22861391286938,-23.250561297156302,0.53453527
IN,인도,2026-06-01,556067330,220874287.0,151.7573854126352,4.028183210436231,0.55606733
IN,인도,2026-07-01,780790997,269346535.0,189.8834384485399,40.413031817567855,0.780790997
ID,인도네시아,2025-01-01,33998116,,,,0.033998116
ID,인도네시아,2025-02-01,34923436,,,2.7216802248689387,0.034923436
ID,인도네시아,2025-03-01,31492651,,,-9.823732693426845,0.031492651
ID,인도네시아,2025-04-01,47608833,,,51.17442161347421,0.047608833
ID,인도네시아,2025-05-01,44551090,,,-6.422638000809644,0.04455109
ID,인도네시아,2025-06-01,45834963,,,2.881799300533383,0.045834963
ID,인도네시아,2025-07-01,31883641,,,-30.438165729510903,0.031883641
ID,인도네시아,2025-08-01,46173430,,,44.81856071582288,0.04617343
ID,인도네시아,2025-09-01,48739892,,,5.558309183441645,0.048739892
ID,인도네시아,2025-10-01,37319905,,,-23.430472517255474,0.037319905
ID,인도네시아,2025-11-01,41612536,,,11.502255967693387,0.041612536
ID,인도네시아,2025-12-01,54106181,,,30.023752938297243,0.054106181
ID,인도네시아,2026-01-01,71326767,33998116.0,109.79623400308415,31.827391402841766,0.071326767
ID,인도네시아,2026-02-01,89293928,34923436.0,155.68483009518306,25.18992764665753,0.089293928
ID,인도네시아,2026-03-01,62533650,31492651.0,98.56584953740477,-29.968754426392795,0.06253365
ID,인도네시아,2026-04-01,100205024,47608833.0,110.47569891074627,60.24176423413634,0.100205024
ID,인도네시아,2026-05-01,104474992,44551090.0,134.50602892095347,4.261231452826153,0.104474992
ID,인도네시아,2026-06-01,120336291,45834963.0,162.54257257718305,15.181909753101497,0.120336291
ID,인도네시아,2026-07-01,164613478,31883641.0,416.2944784129266,36.794541889279266,0.164613478
JP,일본,2025-01-01,53387295,,,,0.053387295
JP,일본,2025-02-01,48056880,,,-9.984426069910457,0.04805688
JP,일본,2025-03-01,68276510,,,42.074371036987834,0.06827651
JP,일본,2025-04-01,66783076,,,-2.1873320707224253,0.066783076
JP,일본,2025-05-01,83359703,,,24.821598513970812,0.083359703
JP,일본,2025-06-01,108627926,,,30.3122757047251,0.108627926
JP,일본,2025-07-01,75499568,,,-30.49709151217708,0.075499568
JP,일본,2025-08-01,80302682,,,6.361776798510954,0.080302682
JP,일본,2025-09-01,84284016,,,4.957909126870752,0.084284016
JP,일본,2025-10-01,79692061,,,-5.448191979841111,0.079692061
JP,일본,2025-11-01,95965424,,,20.42030635899854,0.095965424
JP,일본,2025-12-01,76762816,,,-20.009923574140622,0.076762816
JP,일본,2026-01-01,120946495,53387295.0,126.54546367258352,57.558700035183705,0.120946495
JP,일본,2026-02-01,126142126,48056880.0,162.48505104784164,4.295809481705115,0.126142126
JP,일본,2026-03-01,135495947,68276510.0,98.45177646016177,7.41530311610572,0.135495947
JP,일본,2026-04-01,196012129,66783076.0,193.50569147189324,44.662724856264525,0.196012129
JP,일본,2026-05-01,138211219,83359703.0,65.80099739558814,-29.488435381465607,0.138211219
JP,일본,2026-06-01,243968298,108627926.0,124.59077235811353,76.51844746409479,0.243968298
JP,일본,2026-07-01,164766122,75499568.0,118.23452287832956,-32.46412613822473,0.164766122
CN,중국,2025-01-01,2877006873,,,,2.877006873
CN,중국,2025-02-01,2541737231,,,-11.653418180763586,2.541737231
CN,중국,2025-03-01,3082275800,,,21.266500817133437,3.0822758
CN,중국,2025-04-01,3274019980,,,6.220863817572719,3.27401998
CN,중국,2025-05-01,3365429299,,,2.791959717973369,3.365429299
CN,중국,2025-06-01,3379731392,,,0.4249708351992343,3.379731392
CN,중국,2025-07-01,3595259491,,,6.377077761569039,3.595259491
CN,중국,2025-08-01,3674450205,,,2.20264251296014,3.674450205
CN,중국,2025-09-01,3750446891,,,2.068246452124667,3.750446891
CN,중국,2025-10-01,4049285572,,,7.968081929572901,4.049285572
CN,중국,2025-11-01,4562682174,,,12.678695855635237,4.562682174
CN,중국,2025-12-01,5118232167,,,12.175952034655136,5.118232167
CN,중국,2026-01-01,5980211066,2877006873.0,107.86224468640677,16.841340347115196,5.980211066
CN,중국,2026-02-01,6428948321,2541737231.0,152.93520677865854,7.503702629347964,6.428948321
CN,중국,2026-03-01,8217388385,3082275800.0,166.60133350169377,27.818547835547292,8.217388385
CN,중국,2026-04-01,9591387011,3274019980.0,192.95444345455707,16.72062414024502,9.591387011
CN,중국,2026-05-01,11370321652,3365429299.0,237.85650036916732,18.547209480336967,11.370321652
CN,중국,2026-06-01,11581510454,3379731392.0,242.67547064284568,1.8573687575746956,11.581510454
CN,중국,2026-07-01,13422130645,3595259491.0,273.3285644221111,15.892747308830435,13.422130645
CZ,체코공화국,2025-01-01,2610898,,,,0.002610898
CZ,체코공화국,2025-02-01,11347982,,,334.6390399012141,0.011347982
CZ,체코공화국,2025-03-01,8833434,,,-22.15854766072065,0.008833434
CZ,체코공화국,2025-04-01,8798982,,,-0.39001819677375593,0.008798982
CZ,체코공화국,2025-05-01,7205412,,,-18.11084509548946,0.007205412
CZ,체코공화국,2025-06-01,17475662,,,142.5352221358057,0.017475662
CZ,체코공화국,2025-07-01,21268155,,,21.701569874720626,0.021268155
CZ,체코공화국,2025-08-01,12331229,,,-42.02022225247089,0.012331229
CZ,체코공화국,2025-09-01,3744190,,,-69.63652203685456,0.00374419
CZ,체코공화국,2025-10-01,11623808,,,210.4492026312767,0.011623808
CZ,체코공화국,2025-11-01,8488011,,,-26.977364044554076,0.008488011
CZ,체코공화국,2025-12-01,9388410,,,10.60789153077204,0.00938841
CZ,체코공화국,2026-01-01,8254485,2610898.0,216.15501639665737,-12.077923737885332,0.008254485
CZ,체코공화국,2026-02-01,10095393,11347982.0,-11.037988956979316,22.301912233167798,0.010095393
CZ,체코공화국,2026-03-01,17332236,8833434.0,96.21175637922919,71.6846090092778,0.017332236
CZ,체코공화국,2026-04-01,10580333,8798982.0,20.244966974588642,-38.95575273726944,0.010580333
CZ,체코공화국,2026-05-01,17149555,7205412.0,138.00936018648207,62.088990960870504,0.017149555
CZ,체코공화국,2026-06-01,11588350,17475662.0,-33.68863508575526,-32.427692730219526,0.01158835
CZ,체코공화국,2026-07-01,20429690,21268155.0,-3.942349489177599,76.29507220613807,0.02042969
CL,칠레,2025-04-01,5495,,,,5.495e-06
CL,칠레,2025-06-01,4,,,-99.92720655141038,4e-09
CL,칠레,2025-08-01,0,,,-100.0,0.0
CL,칠레,2026-04-01,2516,,,inf,2.516e-06
CL,칠레,2026-06-01,200,,,-92.05087440381558,2e-07
CL,칠레,2026-07-01,3,,,-98.5,3e-09
CM,카메룬,2025-01-01,0,,,,0.0
CM,카메룬,2025-02-01,0,,,,0.0
CM,카메룬,2025-05-01,0,,,,0.0
CM,카메룬,2025-08-01,12316,,,inf,1.2316e-05
CM,카메룬,2025-10-01,0,,,-100.0,0.0
CM,카메룬,2025-12-01,0,,,,0.0
CM,카메룬,2026-02-01,0,,,,0.0
CM,카메룬,2026-03-01,0,,,,0.0
CM,카메룬,2026-05-01,0,,,,0.0
KZ,카자흐스탄,2025-04-01,1987,,,,1.987e-06
KZ,카자흐스탄,2025-07-01,23072,,,1061.1474584801208,2.3072e-05
KZ,카자흐스탄,2025-09-01,248,,,-98.9251040221914,2.48e-07
KZ,카자흐스탄,2026-03-01,16003,,,6352.822580645162,1.6003e-05
KZ,카자흐스탄,2026-04-01,1152,,,-92.80134974692245,1.152e-06
KZ,카자흐스탄,2026-05-01,1067,,,-7.378472222222221,1.067e-06
KZ,카자흐스탄,2026-07-01,23750,,,2125.866916588566,2.375e-05
QA,카타르,2025-04-01,6240,,,,6.24e-06
QA,카타르,2025-06-01,675,,,-89.1826923076923,6.75e-07
QA,카타르,2025-11-01,980,,,45.1851851851852,9.8e-07
QA,카타르,2026-04-01,405,,,-58.673469387755105,4.05e-07
KH,캄보디아,2025-07-01,0,,,,0.0
KH,캄보디아,2025-12-01,0,,,,0.0
KH,캄보디아,2026-03-01,0,,,,0.0
KH,캄보디아,2026-05-01,0,,,,0.0
CA,캐나다,2025-01-01,12647276,,,,0.012647276
CA,캐나다,2025-02-01,4953625,,,-60.83247491396566,0.004953625
CA,캐나다,2025-03-01,265727,,,-94.635706174771,0.000265727
CA,캐나다,2025-04-01,6057156,,,2179.465767498222,0.006057156
CA,캐나다,2025-05-01,4897142,,,-19.151132973956752,0.004897142
CA,캐나다,2025-06-01,7179171,,,46.599200104877504,0.007179171
CA,캐나다,2025-07-01,11065764,,,54.13707237228365,0.011065764
CA,캐나다,2025-08-01,11693246,,,5.670480592212157,0.011693246
CA,캐나다,2025-09-01,8880425,,,-24.05509128945034,0.008880425
CA,캐나다,2025-10-01,1916092,,,-78.42342005027912,0.001916092
CA,캐나다,2025-11-01,15100818,,,688.1050596735439,0.015100818
CA,캐나다,2025-12-01,22060969,,,46.091218369759844,0.022060969
CA,캐나다,2026-01-01,19879892,12647276.0,57.18714448866302,-9.886587483985853,0.019879892
CA,캐나다,2026-02-01,25914806,4953625.0,423.1483206742537,30.356875178195143,0.025914806
CA,캐나다,2026-03-01,11867091,265727.0,4365.895825414806,-54.207293699208094,0.011867091
CA,캐나다,2026-04-01,28390958,6057156.0,368.71762919759703,139.24109118232937,0.028390958
CA,캐나다,2026-05-01,43776979,4897142.0,793.9291325430221,54.19338438667691,0.043776979
CA,캐나다,2026-06-01,32441619,7179171.0,351.8853082061982,-25.89342677118035,0.032441619
CA,캐나다,2026-07-01,4179337,11065764.0,-62.23182601761614,-87.11735995666554,0.004179337
KE,케냐,2025-04-01,960,,,,9.6e-07
KE,케냐,2026-03-01,141,,,-85.3125,1.41e-07
KE,케냐,2026-04-01,370,,,162.4113475177305,3.7e-07
KE,케냐,2026-07-01,0,,,-100.0,0.0
CR,코스타리카,2025-01-01,1189,,,,1.189e-06
CR,코스타리카,2025-02-01,198848,,,16623.969722455844,0.000198848
CR,코스타리카,2025-03-01,296093,,,48.904188123591894,0.000296093
CR,코스타리카,2025-04-01,67194,,,-77.30645439101905,6.7194e-05
CR,코스타리카,2025-05-01,299098,,,345.12605292139176,0.000299098
CR,코스타리카,2025-06-01,319442,,,6.801784030652169,0.000319442
CR,코스타리카,2025-07-01,430781,,,34.854214536598185,0.000430781
CR,코스타리카,2025-08-01,230614,,,-46.46606976630817,0.000230614
CR,코스타리카,2025-09-01,312268,,,35.40721725480673,0.000312268
CR,코스타리카,2025-10-01,159476,,,-48.92976545787593,0.000159476
CR,코스타리카,2025-11-01,93405,,,-41.430058441395566,9.3405e-05
CR,코스타리카,2025-12-01,66086,,,-29.24789893474653,6.6086e-05
CR,코스타리카,2026-01-01,2805,1189.0,135.9125315391085,-95.75553067215446,2.805e-06
CR,코스타리카,2026-02-01,36350,198848.0,-81.71970550370132,1195.9001782531195,3.635e-05
CR,코스타리카,2026-03-01,1633,296093.0,-99.44848409114704,-95.50756533700138,1.633e-06
CR,코스타리카,2026-04-01,0,67194.0,-100.0,-100.0,0.0
CR,코스타리카,2026-05-01,0,299098.0,-100.0,,0.0
CR,코스타리카,2026-06-01,0,319442.0,-100.0,,0.0
CR,코스타리카,2026-07-01,3874,430781.0,-99.10070314150346,inf,3.874e-06
CO,콜롬비아,2025-04-01,958,,,,9.58e-07
CO,콜롬비아,2025-09-01,1,,,-99.89561586638831,1e-09
CO,콜롬비아,2025-11-01,1213,,,121200.0,1.213e-06
CO,콜롬비아,2026-02-01,4,,,-99.67023907666942,4e-09
CO,콜롬비아,2026-04-01,465,,,11525.0,4.65e-07
CO,콜롬비아,2026-05-01,33,,,-92.90322580645162,3.3e-08
CU,쿠바,2025-06-01,0,,,,0.0
KW,쿠웨이트,2025-12-01,0,,,,0.0
KW,쿠웨이트,2026-01-01,0,,,,0.0
KW,쿠웨이트,2026-02-01,0,,,,0.0
CK,쿡 아일랜드,2026-04-01,467,,,,4.67e-07
HR,크로아티아,2025-02-01,8442,,,,8.442e-06
HR,크로아티아,2025-03-01,0,,,-100.0,0.0
HR,크로아티아,2025-04-01,24960,,,inf,2.496e-05
HR,크로아티아,2025-05-01,79810,,,219.75160256410254,7.981e-05
HR,크로아티아,2025-07-01,7920,,,-90.07643152487157,7.92e-06
HR,크로아티아,2025-09-01,0,,,-100.0,0.0
HR,크로아티아,2025-11-01,56940,,,inf,5.694e-05
HR,크로아티아,2025-12-01,0,,,-100.0,0.0
HR,크로아티아,2026-01-01,31680,,,inf,3.168e-05
HR,크로아티아,2026-02-01,0,,,-100.0,0.0
HR,크로아티아,2026-03-01,0,,,,0.0
HR,크로아티아,2026-04-01,98530,,,inf,9.853e-05
HR,크로아티아,2026-05-01,3500,8442.0,-58.540630182421225,-96.4477824012991,3.5e-06
HR,크로아티아,2026-06-01,0,0.0,,-100.0,0.0
HR,크로아티아,2026-07-01,22617,24960.0,-9.387019230769234,inf,2.2617e-05
CX,크리스마스 아일랜드,2025-05-01,0,,,,0.0
KG,키르기스스탄,2025-01-01,0,,,,0.0
KG,키르기스스탄,2026-01-01,0,,,,0.0
KG,키르기스스탄,2026-07-01,267,,,inf,2.67e-07
TJ,타지크,2025-05-01,0,,,,0.0
TZ,탄자니아,2025-05-01,125,,,,1.25e-07
TH,태국,2025-01-01,56975880,,,,0.05697588
TH,태국,2025-02-01,45125850,,,-20.798327292180485,0.04512585
TH,태국,2025-03-01,63063289,,,39.7498085908631,0.063063289
TH,태국,2025-04-01,64871778,,,2.8677365685763734,0.064871778
TH,태국,2025-05-01,56316339,,,-13.188229556464448,0.056316339
TH,태국,2025-06-01,71993871,,,27.83833657937176,0.071993871
TH,태국,2025-07-01,75098440,,,4.312268470742464,0.07509844
TH,태국,2025-08-01,59568738,,,-20.679127289461675,0.059568738
TH,태국,2025-09-01,93642735,,,57.20113963132809,0.093642735
TH,태국,2025-10-01,89971708,,,-3.9202475237400947,0.089971708
TH,태국,2025-11-01,176639351,,,96.3276622468921,0.176639351
TH,태국,2025-12-01,66757727,,,-62.20676388241485,0.066757727
TH,태국,2026-01-01,286381723,56975880.0,402.6367701560731,328.98662951780847,0.286381723
TH,태국,2026-02-01,132469601,45125850.0,193.55591307421358,-53.74369578745778,0.132469601
TH,태국,2026-03-01,184829435,63063289.0,193.0856254579427,39.52592414013536,0.184829435
TH,태국,2026-04-01,263054787,64871778.0,305.49957949356656,42.32299471131316,0.263054787
TH,태국,2026-05-01,118161202,56316339.0,109.81690944079303,-55.08114360982908,0.118161202
TH,태국,2026-06-01,146336914,71993871.0,103.26301665318147,23.845146734373944,0.146336914
TH,태국,2026-07-01,257813196,75098440.0,243.3003348671424,76.17782755757716,0.257813196
TM,투르크멘,2025-01-01,0,,,,0.0
TN,튀니지,2025-03-01,0,,,,0.0
TN,튀니지,2025-04-01,204,,,inf,2.04e-07
TN,튀니지,2025-05-01,0,,,-100.0,0.0
TN,튀니지,2025-06-01,0,,,,0.0
TN,튀니지,2025-07-01,76,,,inf,7.6e-08
TN,튀니지,2025-08-01,372000,,,489373.68421052635,0.000372
TN,튀니지,2025-09-01,0,,,-100.0,0.0
TN,튀니지,2026-05-01,0,,,,0.0
TN,튀니지,2026-06-01,56904,,,inf,5.6904e-05
TN,튀니지,2026-07-01,367281,,,545.4396878954028,0.000367281
TR,튀르키예,2025-01-01,4584121,,,,0.004584121
TR,튀르키예,2025-02-01,13181248,,,187.5414501493307,0.013181248
TR,튀르키예,2025-03-01,11393039,,,-13.566310261365233,0.011393039
TR,튀르키예,2025-04-01,8036795,,,-29.458724752895172,0.008036795
TR,튀르키예,2025-05-01,8040922,,,0.051351316040793016,0.008040922
TR,튀르키예,2025-06-01,9430087,,,17.276190466715136,0.009430087
TR,튀르키예,2025-07-01,11611852,,,23.136212847240966,0.011611852
TR,튀르키예,2025-08-01,7767362,,,-33.10832759494351,0.007767362
TR,튀르키예,2025-09-01,7637094,,,-1.6771202372182437,0.007637094
TR,튀르키예,2025-10-01,10623207,,,39.10012106699223,0.010623207
TR,튀르키예,2025-11-01,14502144,,,36.51380416478753,0.014502144
TR,튀르키예,2025-12-01,16632959,,,14.693103309414113,0.016632959
TR,튀르키예,2026-01-01,8612516,4584121.0,87.87715245736314,-48.22018138805008,0.008612516
TR,튀르키예,2026-02-01,7914527,13181248.0,-39.95616348315425,-8.104356496986476,0.007914527
TR,튀르키예,2026-03-01,11220009,11393039.0,-1.5187343780706852,41.76474475353991,0.011220009
TR,튀르키예,2026-04-01,15182621,8036795.0,88.91387673817735,35.31736917501582,0.015182621
TR,튀르키예,2026-05-01,15635829,8040922.0,94.45318584112619,2.985044545339033,0.015635829
TR,튀르키예,2026-06-01,17057504,9430087.0,80.88384550428856,9.092418444842298,0.017057504
TR,튀르키예,2026-07-01,27916809,11611852.0,140.4165072031576,63.66291926415495,0.027916809
TT,트리니다드 토바고,2025-08-01,0,,,,0.0
TT,트리니다드 토바고,2025-10-01,70617,,,inf,7.0617e-05
TT,트리니다드 토바고,2026-04-01,0,,,-100.0,0.0
TT,트리니다드 토바고,2026-05-01,0,,,,0.0
TL,티모르,2025-01-01,0,,,,0.0
PA,파나마,2025-04-01,280,,,,2.8e-07
PA,파나마,2025-05-01,450,,,60.71428571428572,4.5e-07
PA,파나마,2025-06-01,1,,,-99.77777777777777,1e-09
PA,파나마,2026-01-01,15,,,1400.0,1.5e-08
PA,파나마,2026-04-01,144,,,860.0,1.44e-07
PY,파라과이,2026-01-01,665,,,,6.65e-07
PK,파키스탄,2025-04-01,492,,,,4.92e-07
PK,파키스탄,2025-05-01,225,,,-54.268292682926834,2.25e-07
PK,파키스탄,2025-09-01,215515,,,95684.44444444444,0.000215515
PK,파키스탄,2025-10-01,227413,,,5.520729415585923,0.000227413
PK,파키스탄,2025-11-01,258578,,,13.704141803678759,0.000258578
PK,파키스탄,2025-12-01,108825,,,-57.91405301301735,0.000108825
PK,파키스탄,2026-02-01,121161,,,11.335630599586487,0.000121161
PK,파키스탄,2026-03-01,48081,,,-60.31643845791963,4.8081e-05
PK,파키스탄,2026-04-01,187226,,,289.3970591293858,0.000187226
PK,파키스탄,2026-05-01,10928,,,-94.16320382852808,1.0928e-05
PK,파키스탄,2026-06-01,252076,,,2206.6983894582722,0.000252076
PG,파푸아 뉴기니,2025-02-01,0,,,,0.0
PG,파푸아 뉴기니,2025-06-01,0,,,,0.0
PE,페루,2026-01-01,5,,,,5e-09
PE,페루,2026-03-01,854,,,16980.0,8.54e-07
PE,페루,2026-04-01,327,,,-61.7096018735363,3.27e-07
PT,포루투갈,2025-01-01,7027640,,,,0.00702764
PT,포루투갈,2025-02-01,9470647,,,34.76283645718905,0.009470647
PT,포루투갈,2025-03-01,14646551,,,54.652063370116096,0.014646551
PT,포루투갈,2025-04-01,12401563,,,-15.327758733096964,0.012401563
PT,포루투갈,2025-05-01,10063340,,,-18.854260547642266,0.01006334
PT,포루투갈,2025-06-01,14412190,,,43.2147775986899,0.01441219
PT,포루투갈,2025-07-01,7983567,,,-44.605455520639126,0.007983567
PT,포루투갈,2025-08-01,8037548,,,0.6761513994934853,0.008037548
PT,포루투갈,2025-09-01,11035300,,,37.296847247444134,0.0110353
PT,포루투갈,2025-10-01,8301090,,,-24.776943082652934,0.00830109
PT,포루투갈,2025-11-01,17290353,,,108.29015225711322,0.017290353
PT,포루투갈,2025-12-01,7706591,,,-55.42837673701631,0.007706591
PT,포루투갈,2026-01-01,10027012,7027640.0,42.679647790723486,30.10956465705783,0.010027012
PT,포루투갈,2026-02-01,10235163,9470647.0,8.072479103064456,2.0759025719725877,0.010235163
PT,포루투갈,2026-03-01,11822216,14646551.0,-19.283276998113752,15.505888865668283,0.011822216
PT,포루투갈,2026-04-01,10647678,12401563.0,-14.142451237799625,-9.935007108650362,0.010647678
PT,포루투갈,2026-05-01,9181956,10063340.0,-8.758364519135798,-13.765649186611395,0.009181956
PT,포루투갈,2026-06-01,10820575,14412190.0,-24.920674789882735,17.846077676695458,0.010820575
PT,포루투갈,2026-07-01,7443918,7983567.0,-6.759497352499199,-31.20589247798754,0.007443918
PL,폴란드,2025-01-01,25414891,,,,0.025414891
PL,폴란드,2025-02-01,30807908,,,21.219910012598508,0.030807908
PL,폴란드,2025-03-01,40660638,,,31.98117184717637,0.040660638
PL,폴란드,2025-04-01,48676546,,,19.71417172549039,0.048676546
PL,폴란드,2025-05-01,38373219,,,-21.16692297764924,0.038373219
PL,폴란드,2025-06-01,33880095,,,-11.70900986961766,0.033880095
PL,폴란드,2025-07-01,32569163,,,-3.8693279933246894,0.032569163
PL,폴란드,2025-08-01,39512129,,,21.31760647333798,0.039512129
PL,폴란드,2025-09-01,43840237,,,10.953871911078238,0.043840237
PL,폴란드,2025-10-01,42705007,,,-2.589470490316925,0.042705007
PL,폴란드,2025-11-01,31689522,,,-25.794364112854495,0.031689522
PL,폴란드,2025-12-01,36893896,,,16.423011997467185,0.036893896
PL,폴란드,2026-01-01,24594999,25414891.0,-3.2260299680215043,-33.335858592977004,0.024594999
PL,폴란드,2026-02-01,28963326,30807908.0,-5.987365321916693,17.761037518236943,0.028963326
PL,폴란드,2026-03-01,31480646,40660638.0,-22.57709778188921,8.69140512384523,0.031480646
PL,폴란드,2026-04-01,28467121,48676546.0,-41.51778764253322,-9.572627575685711,0.028467121
PL,폴란드,2026-05-01,28720466,38373219.0,-25.15492119647299,0.8899565221224925,0.028720466
PL,폴란드,2026-06-01,26303424,33880095.0,-22.363192901318605,-8.415747850330845,0.026303424
PL,폴란드,2026-07-01,27563702,32569163.0,-15.36871242285226,4.791307778029208,0.027563702
PR,푸에르토리코,2025-01-01,954,,,,9.54e-07
PR,푸에르토리코,2025-02-01,3884,,,307.12788259958074,3.884e-06
PR,푸에르토리코,2025-08-01,119,,,-96.9361483007209,1.19e-07
PR,푸에르토리코,2025-11-01,0,,,-100.0,0.0
PR,푸에르토리코,2026-02-01,7473,,,inf,7.473e-06
PR,푸에르토리코,2026-03-01,0,,,-100.0,0.0
PR,푸에르토리코,2026-05-01,25,,,inf,2.5e-08
PR,푸에르토리코,2026-07-01,64613,,,258352.0,6.4613e-05
FR,프랑스,2025-01-01,13550731,,,,0.013550731
FR,프랑스,2025-02-01,15306115,,,12.954164612964414,0.015306115
FR,프랑스,2025-03-01,12667690,,,-17.237718389022948,0.01266769
FR,프랑스,2025-04-01,12177063,,,-3.8730581503020667,0.012177063
FR,프랑스,2025-05-01,13805176,,,13.370325833084706,0.013805176
FR,프랑스,2025-06-01,8102247,,,-41.31007819096257,0.008102247
FR,프랑스,2025-07-01,10232755,,,26.29527339761426,0.010232755
FR,프랑스,2025-08-01,10711490,,,4.678456583784141,0.01071149
FR,프랑스,2025-09-01,15847977,,,47.95305788457067,0.015847977
FR,프랑스,2025-10-01,13723012,,,-13.408430615465939,0.013723012
FR,프랑스,2025-11-01,14496672,,,5.637683622225209,0.014496672
FR,프랑스,2025-12-01,19154384,,,32.12952600431327,0.019154384
FR,프랑스,2026-01-01,16807863,13550731.0,24.03657780528592,-12.250568851496347,0.016807863
FR,프랑스,2026-02-01,13149039,15306115.0,-14.092903391879652,-21.768525838174668,0.013149039
FR,프랑스,2026-03-01,17937870,12667690.0,41.60332309994956,36.41962732029314,0.01793787
FR,프랑스,2026-04-01,15288096,12177063.0,25.548303396311578,-14.771954529718412,0.015288096
FR,프랑스,2026-05-01,9062858,13805176.0,-34.35173879710045,-40.719511442105016,0.009062858
FR,프랑스,2026-06-01,11490745,8102247.0,41.821706990665675,26.789418966952816,0.011490745
FR,프랑스,2026-07-01,11719969,10232755.0,14.533857206588063,1.9948576006168395,0.011719969
PN,피트카이른,2025-01-01,0,,,,0.0
PN,피트카이른,2025-06-01,4419,,,inf,4.419e-06
FI,핀란드,2025-01-01,101035,,,,0.000101035
FI,핀란드,2025-02-01,142361,,,40.902657494927496,0.000142361
FI,핀란드,2025-03-01,227496,,,59.802193016345775,0.000227496
FI,핀란드,2025-04-01,295450,,,29.870415304005338,0.00029545
FI,핀란드,2025-05-01,268737,,,-9.041462176341176,0.000268737
FI,핀란드,2025-06-01,182169,,,-32.21290704294534,0.000182169
FI,핀란드,2025-07-01,76556,,,-57.97528668434255,7.6556e-05
FI,핀란드,2025-08-01,276617,,,261.326349339046,0.000276617
FI,핀란드,2025-09-01,213522,,,-22.809516407162246,0.000213522
FI,핀란드,2025-10-01,139541,,,-34.64795196747876,0.000139541
FI,핀란드,2025-11-01,277675,,,98.99169419740434,0.000277675
FI,핀란드,2025-12-01,330028,,,18.854056000720277,0.000330028
FI,핀란드,2026-01-01,246568,101035.0,144.04216360667098,-25.2887633776528,0.000246568
FI,핀란드,2026-02-01,292299,142361.0,105.32238464186116,18.547013399954572,0.000292299
FI,핀란드,2026-03-01,271542,227496.0,19.361219537925933,-7.101290117311388,0.000271542
FI,핀란드,2026-04-01,2996145,295450.0,914.0954476222712,1003.3817972910268,0.002996145
FI,핀란드,2026-05-01,310522,268737.0,15.548659097928464,-89.63594886095298,0.000310522
FI,핀란드,2026-06-01,278605,182169.0,52.93765679122133,-10.278498785915325,0.000278605
FI,핀란드,2026-07-01,376745,76556.0,392.11688175975763,35.22549846556953,0.000376745
PH,필리핀,2025-01-01,134948638,,,,0.134948638
PH,필리핀,2025-02-01,122373265,,,-9.318636472640796,0.122373265
PH,필리핀,2025-03-01,134661108,,,10.041280666982288,0.134661108
PH,필리핀,2025-04-01,137862506,,,2.377373873977029,0.137862506
PH,필리핀,2025-05-01,204172904,,,48.09893561633067,0.204172904
PH,필리핀,2025-06-01,205843763,,,0.8183549174576088,0.205843763
PH,필리핀,2025-07-01,221420145,,,7.567089608636812,0.221420145
PH,필리핀,2025-08-01,284542835,,,28.50810616170447,0.284542835
PH,필리핀,2025-09-01,215376648,,,-24.307829434538387,0.215376648
PH,필리핀,2025-10-01,175979865,,,-18.292040184412194,0.175979865
PH,필리핀,2025-11-01,442151005,,,151.2509058919894,0.442151005
PH,필리핀,2025-12-01,432318169,,,-2.2238637679903084,0.432318169
PH,필리핀,2026-01-01,479288849,134948638.0,255.16390243227204,10.864840612331506,0.479288849
PH,필리핀,2026-02-01,454263867,122373265.0,271.2116915406319,-5.221273570668861,0.454263867
PH,필리핀,2026-03-01,784906897,134661108.0,482.87571568176907,72.78655733364768,0.784906897
PH,필리핀,2026-04-01,650052578,137862506.0,371.5223862244315,-17.180931842416967,0.650052578
PH,필리핀,2026-05-01,985012759,204172904.0,382.440490242525,51.52816746463238,0.985012759
PH,필리핀,2026-06-01,1142993451,205843763.0,455.27232612823934,16.038441183278106,1.142993451
PH,필리핀,2026-07-01,949245195,221420145.0,328.7076927891994,-16.95095066647062,0.949245195
HU,헝가리,2025-01-01,1720737,,,,0.001720737
HU,헝가리,2025-02-01,3126347,,,81.68650990825444,0.003126347
HU,헝가리,2025-03-01,2812005,,,-10.054610060879355,0.002812005
HU,헝가리,2025-04-01,3442637,,,22.426418160707406,0.003442637
HU,헝가리,2025-05-01,3526391,,,2.4328443573923053,0.003526391
HU,헝가리,2025-06-01,1284590,,,-63.5721053053958,0.00128459
HU,헝가리,2025-07-01,959578,,,-25.300835285966727,0.000959578
HU,헝가리,2025-08-01,2515983,,,162.19681985205997,0.002515983
HU,헝가리,2025-09-01,2761933,,,9.775503252605432,0.002761933
HU,헝가리,2025-10-01,1443827,,,-47.72403964904289,0.001443827
HU,헝가리,2025-11-01,3064952,,,112.27972603365916,0.003064952
HU,헝가리,2025-12-01,2191800,,,-28.48827648850618,0.0021918
HU,헝가리,2026-01-01,2847521,1720737.0,65.48263912497958,29.917008851172543,0.002847521
HU,헝가리,2026-02-01,7680610,3126347.0,145.67362484074863,169.72970524185774,0.00768061
HU,헝가리,2026-03-01,10378988,2812005.0,269.09564527801336,35.132339749056385,0.010378988
HU,헝가리,2026-04-01,27952345,3442637.0,711.9457555356547,169.31667133635764,0.027952345
HU,헝가리,2026-05-01,14032117,3526391.0,297.91721904916386,-49.799857579033166,0.014032117
HU,헝가리,2026-06-01,5069263,1284590.0,294.6210853268358,-63.873854529576676,0.005069263
HU,헝가리,2026-07-01,4967827,959578.0,417.7095556588417,-2.001000934455366,0.004967827
AU,호주,2025-01-01,490837,,,,0.000490837
AU,호주,2025-02-01,1441438,,,193.6693851523011,0.001441438
AU,호주,2025-03-01,20369,,,-98.58689725121718,2.0369e-05
AU,호주,2025-04-01,1181624,,,5701.0898915017915,0.001181624
AU,호주,2025-05-01,45569,,,-96.14352789042877,4.5569e-05
AU,호주,2025-06-01,594600,,,1204.834426913033,0.0005946
AU,호주,2025-07-01,23942,,,-95.97342751429532,2.3942e-05
AU,호주,2025-08-01,614247,,,2465.5626096399633,0.000614247
AU,호주,2025-09-01,455491,,,-25.845628875680305,0.000455491
AU,호주,2025-10-01,90801,,,-80.06524827054761,9.0801e-05
AU,호주,2025-11-01,1169022,,,1187.4549839759475,0.001169022
AU,호주,2025-12-01,25806,,,-97.79251374225635,2.5806e-05
AU,호주,2026-01-01,1029241,490837.0,109.69099721496138,3888.3786716267537,0.001029241
AU,호주,2026-02-01,5847,1441438.0,-99.59436340654263,-99.43191147651522,5.847e-06
AU,호주,2026-03-01,157879,20369.0,675.0945063577004,2600.171027877544,0.000157879
AU,호주,2026-04-01,7684,1181624.0,-99.34970853672573,-95.13298158716485,7.684e-06
AU,호주,2026-05-01,62026,45569.0,36.11446378020145,707.209786569495,6.2026e-05
AU,호주,2026-06-01,1600755,594600.0,169.21543895055498,2480.7806403766162,0.001600755
AU,호주,2026-07-01,13053,23942.0,-45.480745134074006,-99.18457227995539,1.3053e-05
HK,홍콩,2025-01-01,931117047,,,,0.931117047
HK,홍콩,2025-02-01,951025455,,,2.138120880091665,0.951025455
HK,홍콩,2025-03-01,1385373223,,,45.67151864510293,1.385373223
HK,홍콩,2025-04-01,1239074352,,,-10.560249654832543,1.239074352
HK,홍콩,2025-05-01,1585354741,,,27.94669976350217,1.585354741
HK,홍콩,2025-06-01,1922353302,,,21.25698131053182,1.922353302
HK,홍콩,2025-07-01,1496602044,,,-22.147399104891484,1.496602044
HK,홍콩,2025-08-01,1725066898,,,15.265571426681813,1.725066898
HK,홍콩,2025-09-01,2158474340,,,25.124094752643032,2.15847434
HK,홍콩,2025-10-01,1590299369,,,-26.32298936664681,1.590299369
HK,홍콩,2025-11-01,2040168540,,,28.288332358635305,2.04016854
HK,홍콩,2025-12-01,2879784567,,,41.15424831519066,2.879784567
HK,홍콩,2026-01-01,2577322879,931117047.0,176.79902191716616,-10.502927596250288,2.577322879
HK,홍콩,2026-02-01,3225908253,951025455.0,239.2031449883747,25.165080374083782,3.225908253
HK,홍콩,2026-03-01,5213451322,1385373223.0,276.3210689687194,61.611890764458145,5.213451322
HK,홍콩,2026-04-01,3555447227,1239074352.0,186.94381586231071,-31.802427846663996,3.555447227
HK,홍콩,2026-05-01,4320511088,1585354741.0,172.52645583125044,21.518076690609256,4.320511088
HK,홍콩,2026-06-01,6110395727,1922353302.0,217.86018317459107,41.4276135981068,6.110395727
HK,홍콩,2026-07-01,4368675552,1496602044.0,191.90629329382367,-28.504212375376326,4.368675552
